"year","region","agglt","gcam_reg_code","reg_agglt_area_thous_sqkm","above_wsum","below_wsum","above_scalar","below_scalar","above_scalar_min","above_scalar_max","below_scalar_min","below_scalar_max"
2025,"Africa_Eastern","Crop",2,526.276940638757,558.470120555739,540.530925490178,1.06117155708534,1.02708457040531,0.963335519297573,1.17890476800209,0.98075258217629,1.08979062091083
2025,"Africa_Eastern","Forest",2,163.998014,169.35284420838,166.67657327515,1.03265179911496,1.01633287629416,1.03265179911496,1.03265179911496,1.01633287629416,1.01633287629416
2025,"Africa_Eastern","Grassland",2,956.6390152,1042.18934341759,989.840928138232,1.08942801501745,1.03470683550502,1.0807084928565,1.1171470978749,1.02955615722215,1.05108067749537
2025,"Africa_Eastern","Pasture",2,2467.0121581,2639.56683963254,2522.17746081333,1.06994480386568,1.02236117991239,1.06953705975613,1.07110700895483,1.02138512653881,1.02268243563634
2025,"Africa_Eastern","Shrubland",2,560.680722,565.5887779953,548.31263434034,1.00875374487247,0.977940943616642,0.995255958192438,1.02475504135318,0.974544205856855,0.980806239047227
2025,"Africa_Northern","Crop",3,184.482998755921,205.713706485176,190.979884323805,1.11508219116356,1.03521671705087,1,1.18899154742048,0.994847656811959,1.06228614597877
2025,"Africa_Northern","Forest",3,32.2631642,35.451930500784,32.89666568545,1.0988361303007,1.01963544187802,1.0988361303007,1.0988361303007,1.01963544187802,1.01963544187802
2025,"Africa_Northern","Grassland",3,47.916942,56.064442767,51.06018564062,1.17003382158653,1.06559775122169,1.13769198089816,1.18836342118339,1.05121687512112,1.07374805111697
2025,"Africa_Northern","Pasture",3,742.6166,878.9248013444,794.2780407212,1.18355124480708,1.06956677338104,1.17095552620699,1.18784575556273,1.06296316228807,1.07181819863699
2025,"Africa_Northern","Shrubland",3,56.6673448,63.488997504052,58.100223809884,1.12038066593958,1.0252857975778,1.10834173605351,1.12954599119081,1.02199852242798,1.02960373218024
2025,"Africa_Southern","Crop",4,368.357133556681,409.994162670757,385.6104292606,1.11303440417198,1.04683850028186,0.998459051322833,1.23700578723989,0.998907861931728,1.10223317812523
2025,"Africa_Southern","Forest",4,586.516617612,705.154114575326,635.376358384531,1.20227474107444,1.08330495557221,1.19779375792741,1.20279099001269,1.08313984216428,1.08470677879371
2025,"Africa_Southern","Grassland",4,1814.1729899,2048.55857582971,1916.93806558892,1.1291969328364,1.05664568718697,1.12202682814659,1.13138816950114,1.05153069291296,1.05820886701182
2025,"Africa_Southern","Pasture",4,2188.078624,2427.51742591822,2292.37554376755,1.10942879259087,1.04766598358193,1.05924848460348,1.11389884528234,1.02380135592591,1.04979183114602
2025,"Africa_Southern","Shrubland",4,331.04320511,342.453744712577,335.61163106101,1.03446843018205,1.01380008977829,1.02490419801271,1.04342443651825,1.00885051794493,1.01843489954829
2025,"Africa_Western","Crop",5,1253.02766082597,1314.94471282589,1270.89989902535,1.04941395464415,1.01426324314947,0.996556955939125,1.09108855905423,0.993869167200299,1.0398232604915
2025,"Africa_Western","Forest",5,2253.947468848,2363.86668324651,2265.28888323862,1.04876742511426,1.00503180067299,1.04870367097723,1.04937836128164,1.00487599046495,1.00654232611979
2025,"Africa_Western","Grassland",5,2206.93263327,2330.53185458402,2231.66720966574,1.05600498150724,1.01120767169005,1.05469069165027,1.05624921652521,1.00978124473795,1.01147274518995
2025,"Africa_Western","Pasture",5,2397.33873137,2481.9387257362,2410.13044353941,1.03528912842361,1.00533579673245,1.03471666777678,1.03989748641916,1.00382119410391,1.00552190689537
2025,"Africa_Western","Shrubland",5,271.8354204,271.8354204,271.8354204,1,1,1,1,1,1
2025,"Argentina","Crop",31,383.171873052944,436.239430885067,401.559759860466,1.13849544176952,1.04798861320643,0.934592,1.32819573998657,0.934268,1.1415698950202
2025,"Argentina","Forest",31,150.95974056,147.263313447068,145.370403578309,0.975513821769832,0.962974651645815,0.956444512972306,1.03842116409768,0.949860311253924,1.00619906006721
2025,"Argentina","Grassland",31,716.497604,734.998539193515,714.901435904515,1.02582134970198,0.99777226317775,1.01725876274874,1.03214896234317,0.983367149900923,1.00841740784792
2025,"Argentina","Pasture",31,1075.711649791,1186.2723858763,1104.18398265857,1.10277915657675,1.02646836898447,1.09622714300908,1.10798493924363,1.02214539130148,1.03177237835398
2025,"Argentina","Shrubland",31,172.3491753,189.431694358165,176.77719439531,1.09911575746406,1.02569213973669,1.09323254792641,1.14784148573921,1.02260473846314,1.05126251498311
2025,"Australia_NZ","Crop",6,294.775860505416,277.633294469809,286.617605510588,0.941845421106686,0.972323870140382,0.888989754730515,1.07875241074227,0.930970142513055,1.03804969803185
2025,"Australia_NZ","Forest",6,218.5344451,216.908061103256,215.856132169615,0.992557768199884,0.987744206963991,0.985931844733847,1.0005987580271,0.984194721319545,0.992060440103432
2025,"Australia_NZ","Grassland",6,1434.3556,1498.5431065955,1455.8035235293,1.04475006518293,1.01495300295777,1.01168259288648,1.07122642412361,0.998576997819661,1.02806489086273
2025,"Australia_NZ","Pasture",6,3403.557604,3557.60946315869,3460.95015449926,1.04526201024999,1.01686251774667,1.03506586872164,1.07537029180474,1.01135363681248,1.03313945217006
2025,"Australia_NZ","Shrubland",6,2301.623384,2791.94814650378,2484.47664455187,1.21303431565404,1.07944534358792,1.20231530570219,1.23355769699548,1.07787715471494,1.08244790990703
2025,"Brazil","Crop",7,852.9405142878,718.335622721882,788.264714345202,0.84218724599064,0.924173141198947,0.801980496860015,1.03592141649465,0.89674079400091,1.02528931539783
2025,"Brazil","Forest",7,4018.067463,3781.72320002251,4008.3842970355,0.941179618024376,0.997590093731958,0.940929790554209,0.941272498470643,0.997152071253007,0.998754777520111
2025,"Brazil","Grassland",7,889.8623387,733.690527345417,818.831616594477,0.824498908918053,0.920177853341572,0.797553218643784,0.830239808065152,0.906331704365519,0.923127836958178
2025,"Brazil","Pasture",7,1918.0875537,1613.86477870631,1769.85270560961,0.841392654674789,0.922717371371061,0.813063581627587,0.843465352566335,0.908717382208382,0.923737738155814
2025,"Brazil","Shrubland",7,553.7164338,685.877191554622,629.879917789042,1.23867949312546,1.13754961807139,1.20453526204384,1.24401184106598,1.1186363259791,1.14050333092249
2025,"Canada","Crop",8,356.399862081413,457.439588758476,405.309089518189,1.28350102631067,1.13723133098633,1.00016045014728,1.40832595816451,1.00008322031572,1.20058554241142
2025,"Canada","Forest",8,4014.8365704,4009.34000365849,3976.36524027289,0.998630936366867,0.990417709549936,0.996505078295061,1.00234993529124,0.989490616050744,0.99203601664632
2025,"Canada","Grassland",8,1136.8699633,1158.83288489618,1131.36131469273,1.01931876318768,0.995154548202439,1.00199572784459,1.10310478963085,0.984858180757523,1.04495481114263
2025,"Canada","Pasture",8,138.362459978,162.856016038277,149.809493463701,1.17702457779495,1.08273222005102,1.10317688705923,1.19572625521213,1.03821265498893,1.09400818076192
2025,"Canada","Shrubland",8,883.65018863,897.995149022893,874.175062966734,1.01623375468876,0.989277288925886,1.00965940631966,1.01635250891854,0.98271045199721,0.989395907474492
2025,"Central America and Caribbean","Crop",9,105.893469787829,95.7201209052298,104.018300454072,0.903928458449961,0.982291926617244,0.785899969637986,1,0.928023809248822,1.0148424523088
2025,"Central America and Caribbean","Forest",9,322.97662,302.26412006724,322.33311476234,0.93586997122962,0.998007579503247,0.933777650043055,0.936804980476067,0.995535729103219,0.999099213703464
2025,"Central America and Caribbean","Grassland",9,70.695356,65.098000384868,70.391915595812,0.9208242813696,0.995707774578743,0.904251925264593,0.92660654852938,0.988480769139552,0.99822935183365
2025,"Central America and Caribbean","Pasture",9,143.2283577,134.037576413092,143.619506335629,0.935831273677254,1.00273094408056,0.912175597380874,0.938898283100906,0.989697631914691,1.00442154386352
2025,"Central America and Caribbean","Shrubland",9,4.33020007,4.31238576398854,4.32426812120128,0.995886031655932,0.99863009821652,0.994302046279556,0.999198867620333,0.998102650212396,0.999733232591035
2025,"Central Asia","Crop",10,302.599888761996,314.617498950503,316.850269442694,1.0397145228231,1.04709314580055,0.867249420337213,1.13686279503865,0.946125296274105,1.11271216252828
2025,"Central Asia","Forest",10,38.9498237512,39.1015669744008,38.9960121692882,1.0038958641808,1.00118584408451,0.961177675340168,1.06826530811324,0.985493518378656,1.02512888722921
2025,"Central Asia","Grassland",10,602.4057921,606.692331543846,600.051513126545,1.00711570091135,0.996091871950222,0.99777016075211,1.01261418329551,0.992802298130845,1.00168302276018
2025,"Central Asia","Pasture",10,3672.503247768,3711.1699164317,3678.92129518404,1.01052869556676,1.00174759475569,1.00526484262475,1.01326541783234,1.00048926586053,1.00417683652276
2025,"Central Asia","Shrubland",10,602.4069268,592.091421497648,604.536717163121,0.982876184115033,1.00353546791773,0.955482907656948,0.990034444013179,0.981576343651383,1.00927370514082
2025,"China","Crop",11,1154.20388387835,1242.81761665053,1192.52751345452,1.07677476571507,1.03320351812315,0.989934578970663,1.12120750473522,0.994649449830428,1.05724285351634
2025,"China","Forest",11,1542.006977,1608.45586710424,1577.73214007442,1.04309247045919,1.02316796461189,1.04309247045919,1.04309247045919,1.02316796461189,1.02316796461189
2025,"China","Grassland",11,969.59421,978.268389944842,976.300822689297,1.00894619610491,1.00691692732911,0.974357685673108,1.02811558443308,0.987783856387362,1.01752071633923
2025,"China","Pasture",11,3835.36027825,3893.33106022599,3895.70757451442,1.01511482045239,1.01573445305951,0.997712101616433,1.03984877738162,1.01073171720766,1.0228269635593
2025,"China","Shrubland",11,573.7473484,571.079179825379,584.427395015087,0.99534957576351,1.0186145463589,0.978329320479135,1.02284632985178,1.01333974519643,1.02713615241036
2025,"Colombia","Crop",32,36.81859541589,35.8648677623821,37.0787022756268,0.974096576940675,1.00706455139852,0.904833798919844,1,0.988058704233141,1.01834597693962
2025,"Colombia","Forest",32,591.390226,593.1817517457,599.84477551816,1.00302934622004,1.01429605892432,1.00296627064737,1.00324255463954,1.01428739624478,1.01432598261725
2025,"Colombia","Grassland",32,99.69141,95.54171215297,99.49042387387,0.958374569614072,0.997983917309124,0.955936765670826,0.963871133913705,0.995312618920845,1.00400694610739
2025,"Colombia","Pasture",32,385.317763,372.146850948008,389.768349101091,0.965818051185997,1.01155043065349,0.965637282034311,0.966763808563131,1.01133839282322,1.01265848306609
2025,"Colombia","Shrubland",32,14.300722,13.9960862452,14.62973369474,0.978697875897455,1.02300664922652,0.978373042312822,0.978905785119777,1.02254666448308,1.02330106173438
2025,"EU-12","Crop",12,385.530113048389,372.419055221092,388.735355447787,0.965992130358825,1.00831385744178,0.758777214372375,1.257638442988,0.894492296643406,1.13732918633319
2025,"EU-12","Forest",12,355.65377494,360.886307425567,367.353429885215,1.01471243342335,1.03289619222287,1.01210623350322,1.0151874931209,1.03094507477989,1.03321061338285
2025,"EU-12","Grassland",12,175.9116746,145.939531508471,164.512645461052,0.829618226535097,0.93520026931204,0.82568727729065,0.830608759747404,0.932484879882361,0.935884501859241
2025,"EU-12","Pasture",12,108.539584983,96.9166295651927,106.107048286324,0.892915055648796,0.977588483528319,0.889336361789554,0.893470143287409,0.975901284519724,0.977846189827038
2025,"EU-12","Shrubland",12,3.8985647,4.41351390159,4.107547373632,1.13208686817228,1.05360502895643,1.12823487921502,1.13299361846823,1.05167124562327,1.05406023758477
2025,"EU-15","Crop",13,855.615169218704,929.025673671786,886.563478298812,1.08579850742959,1.03617082795338,0.979952377639036,1.3125082857763,0.984918209513501,1.11178823522923
2025,"EU-15","Forest",13,868.32923,947.85663672544,910.03955971967,1.09158669773841,1.04803515565135,1.09158669773841,1.09158669773841,1.04803515565135,1.04803515565135
2025,"EU-15","Grassland",13,543.4903345,589.52550513293,562.480875314785,1.08470283225052,1.03494181884993,1.04818743262893,1.10533909324482,1.02220954163595,1.04213731988134
2025,"EU-15","Pasture",13,440.801863372,484.246772276667,456.306564677355,1.09855881409467,1.03517385608752,1.05381068496041,1.11418147739573,1.01895813990562,1.0408351581128
2025,"EU-15","Shrubland",13,234.51203113,296.459434033521,258.947459507293,1.26415447687279,1.10419690733797,1.21066240017643,1.29090871766256,1.08328288021971,1.11465712784094
2025,"Europe_Eastern","Crop",14,365.665433902975,300.045182632854,337.768847243159,0.820545654070403,0.923710080107769,0.684369031509581,1.02388547157469,0.850736678191493,1.00299391049896
2025,"Europe_Eastern","Forest",14,191.0963708,170.185337948534,183.424962702965,0.890573364821505,0.959855814817835,0.889712359834296,0.896041365161033,0.959050267884968,0.964985999646026
2025,"Europe_Eastern","Grassland",14,74.8607618,54.0035096884046,65.785128052046,0.721386055790907,0.878766478863778,0.720180504225884,0.729869247121242,0.877782796831582,0.885688424908586
2025,"Europe_Eastern","Pasture",14,100.48489653,71.7893888830347,87.8010575804559,0.714429644275961,0.873773677562008,0.712131581847587,0.714610612137656,0.872694991589109,0.873857688853302
2025,"Europe_Eastern","Shrubland",14,3.9345303,4.1119279050887,3.873172508936,1.04508736534287,0.98440530727035,1.04348926636847,1.05512165034965,0.983668812691068,0.989029674492174
2025,"Europe_Non_EU","Crop",15,265.074749033489,274.707804756319,268.699144435119,1.03634090292626,1.0136731069815,0.955269841251262,1.11475530376676,0.990318683125579,1.05675048925198
2025,"Europe_Non_EU","Forest",15,182.9133069,203.601703212725,195.298211640086,1.11310492748368,1.0677091511273,1.11159149165739,1.12077807265077,1.06734820310022,1.06929729083587
2025,"Europe_Non_EU","Grassland",15,252.67694,259.95917084299,254.1062029105,1.02882032227789,1.00565648337557,1.027482879807,1.03535659296288,1.00474871284078,1.01009288648406
2025,"Europe_Non_EU","Pasture",15,180.70133888,185.954006713173,182.130993150036,1.02906822863477,1.00791169716227,1.02637167281881,1.02935705308047,1.00746689957417,1.01198155188878
2025,"Europe_Non_EU","Shrubland",15,73.383709,84.17755037055,77.75050548934,1.14708770539998,1.05950634751018,1.12740156685339,1.1504527910011,1.05439280669145,1.06038043983353
2025,"European Free Trade Association","Crop",16,36.95595454309,39.6751095456903,38.5949056460418,1.07357826461849,1.04434876931783,0.997367918868617,1.10775614987206,1.00007002916663,1.06098257629751
2025,"European Free Trade Association","Forest",16,125.2853239,136.018750395453,131.102753829122,1.08567185813416,1.04643345084669,1.08438997450471,1.08635023777269,1.04565132703574,1.04673447245793
2025,"European Free Trade Association","Grassland",16,75.281623,80.07861166284,78.06900095193,1.06372057976008,1.03702600768756,1.06098848544078,1.06958487033126,1.03596205147418,1.03930973132997
2025,"European Free Trade Association","Pasture",16,28.09162265,32.8298571753295,30.2043450283995,1.16867073092802,1.07520827133136,1.16102460083092,1.17310885754596,1.07249511423759,1.07675970576439
2025,"European Free Trade Association","Shrubland",16,5.75310859,6.2557457381184,6.0705930633313,1.08736792296813,1.05518485673696,1.08658385665912,1.14209486728815,1.05502509209246,1.06633624878522
2025,"India","Crop",17,1429.57681832478,1510.32060374053,1510.43228854178,1.0564809000683,1.05655902444735,0.913239996204921,1.12683480626295,0.991455380337053,1.09029407023248
2025,"India","Forest",17,739.012682,755.016671698722,782.85063224376,1.02165590670976,1.05931961833878,1.02165590670976,1.02165590670976,1.05931961833878,1.05931961833878
2025,"India","Grassland",17,300.182418,313.697726762616,316.005642593382,1.04502365212681,1.05271202990104,1.04485162638386,1.04572595419841,1.0520907803949,1.05524830620291
2025,"India","Pasture",17,89.098576682,92.6675009339706,93.4786680799144,1.04005590644515,1.04916006025043,1.0284957888306,1.04333920003346,1.04496926921369,1.05035744939373
2025,"India","Shrubland",17,189.9977392,192.06291824125,193.80177537728,1.01086949271052,1.02002148127287,1.00493239996748,1.03387786248294,1.01369875865568,1.04452430550702
2025,"Indonesia","Crop",18,380.019972771868,387.63332565345,375.557283754515,1.02003408617197,0.988256698760325,0.917744960356685,1.07305690480058,0.947641033815694,1
2025,"Indonesia","Forest",18,1066.4782871,1085.16923521166,1062.84501630623,1.0175258590238,0.996593206971286,1.01692093142923,1.02035073159217,0.99591835731844,0.996733753092231
2025,"Indonesia","Grassland",18,197.363407,186.47661347438,189.81926313151,0.944838844793452,0.961775366654012,0.94088901064943,0.94686217698399,0.95976924317071,0.965691606937507
2025,"Indonesia","Pasture",18,105.753297315,102.209967595813,101.524086785259,0.966494380703494,0.96000871237949,0.965867377849837,0.971226213184077,0.95998781890117,0.960085652981739
2025,"Japan","Crop",19,53.61238020625,55.5682930316655,55.0518669362152,1.03648248441668,1.02684989408095,1.0146023072734,1.05435,1.01623920296228,1.03587
2025,"Japan","Forest",19,230.764456,234.0144496,234.39246304,1.01408359699901,1.01572168913223,1.01405811746613,1.0140967557435,1.01569324602247,1.01573637839735
2025,"Japan","Grassland",19,47.3888,49.336953568,48.704786976,1.04111,1.02777,1.04111,1.04111,1.02777,1.02777
2025,"Japan","Shrubland",19,30.6651909,31.892878997,31.507637883,1.04003523411948,1.0274724193222,1.04000825862427,1.04005581648896,1.02745390857455,1.02748654306838
2025,"Mexico","Crop",20,163.757698356394,168.916294184486,160.986677553033,1.03150139431531,0.9830785310787,0.910894478552617,1.31313809265872,0.919501617046776,1.13301362841244
2025,"Mexico","Forest",20,421.5367722,447.326999061934,422.633490514307,1.0611814402984,1.0026017144568,1.0374272445524,1.06559827992556,0.987942816701572,1.00533839699709
2025,"Mexico","Grassland",20,154.192901501,156.2139319562,149.66884809781,1.01310715626677,0.970659781616726,0.99881516893451,1.06474527211374,0.964736584821327,0.992060774718286
2025,"Mexico","Pasture",20,803.7381063,955.075194449619,850.430738952687,1.18829154293343,1.05809433730551,1.16950228775395,1.26379288666717,1.05070511605728,1.08778433663592
2025,"Mexico","Shrubland",20,289.32705,334.38986541769,298.75996264047,1.15575044026367,1.03260294065304,1.11828126438613,1.17053506191442,1.00695504257992,1.04272311170744
2025,"Middle East","Crop",21,235.973502219858,271.732909494012,251.937352133967,1.15153992688907,1.06765102761087,0.985755537375794,1.24148907542756,0.963734407671738,1.10517145665276
2025,"Middle East","Forest",21,11.030922809,11.6984138149034,11.1311500661474,1.06051089446105,1.0090860265168,1.06047956946039,1.09815,1.00908033064622,1.01593
2025,"Middle East","Grassland",21,196.972645,239.69865242789,214.902787035906,1.21691340656917,1.0910285894567,1.21491568020296,1.21989591198862,1.08695167558886,1.09375936683383
2025,"Middle East","Pasture",21,2010.02779313,2310.55425239949,2166.22696841345,1.14951358398956,1.07770995795049,1.14579318454092,1.15485639037062,1.07606365342904,1.08007415860183
2025,"Middle East","Shrubland",21,851.754115,960.901894627494,901.617762407919,1.1281447047984,1.05854230291323,1.08269684822499,1.19881930213744,1.04290264847659,1.08286305999989
2025,"Pakistan","Crop",22,128.61803845975,161.597680462034,147.267429639004,1.25641537063718,1.1449982553193,1,1.40637618286201,1,1.2275161667521
2025,"Pakistan","Forest",22,24.091,26.74125091,25.38059123,1.11001,1.05353,1.11001,1.11001,1.05353,1.05353
2025,"Pakistan","Grassland",22,15.40206,17.147310183,16.2336596536,1.11331277653768,1.05399275509899,1.11289235031058,1.11370195818325,1.05360714266782,1.05440932556528
2025,"Pakistan","Pasture",22,67.761412666107,76.1018509082536,72.2794208530947,1.12308536546078,1.06667523608532,1.11666238880976,1.13981915202727,1.06665796795999,1.06749962593973
2025,"Pakistan","Shrubland",22,240.861147,290.99774134643,259.19440284714,1.20815559076629,1.07611545521346,1.20634226442477,1.21395148431752,1.07493297644421,1.07989498508418
2025,"Russia","Crop",23,735.810658788393,693.096753461958,725.189090688652,0.941949868738285,0.985564808048267,0.862382446113515,0.983669330107839,0.93735257444873,1.03516620733642
2025,"Russia","Forest",23,5138.36250524,4909.48016312164,5017.00598806107,0.955456170738256,0.97638225853953,0.933032946492618,0.96632027672622,0.964418594045072,0.981941439797038
2025,"Russia","Grassland",23,3722.79127761,3604.60880450029,3661.71378605112,0.968254338130506,0.983593629885668,0.918774639845019,0.982171445680742,0.968057056498052,0.987963587065884
2025,"Russia","Pasture",23,904.28707516146,831.274014234625,875.665677056927,0.919258979883354,0.96834921244515,0.911055849601698,0.939815042718031,0.967507284328452,0.970481862453671
2025,"Russia","Shrubland",23,2059.869986103,2069.89240100351,2047.8655258364,1.00486555703425,0.994172224292024,0.951705794829637,1.00957278658582,0.981263521599132,0.995315273550871
2025,"South Africa","Crop",24,66.7140610894943,59.4612196707157,63.5147078882113,0.891284666225772,0.95204379483073,0.78466823979702,1.06569408278853,0.901380300268368,1.03918615103523
2025,"South Africa","Forest",24,22.755727,24.28573696896,22.97683975522,1.067236259644,1.00971679591779,1.067236259644,1.067236259644,1.00971679591779,1.00971679591779
2025,"South Africa","Grassland",24,193.0038,196.61264249316,195.8282241773,1.01869829761466,1.01463403403094,0.965440995609374,1.02463744988333,0.984846701824728,1.01795586024047
2025,"South Africa","Pasture",24,832.48988,807.6110695616,820.0965589444,0.970115179732395,0.985112946891799,0.947217964064153,0.980338722499291,0.973474747714599,0.990311676019016
2025,"South Africa","Shrubland",24,56.64526,57.19559987442,55.92916183062,1.00971555032884,0.98735819785486,1.00652770045764,1.01617264385942,0.987122482132375,0.987474570078989
2025,"South America_Northern","Crop",25,29.977582867915,26.0196939915469,29.5597026973728,0.867971714270391,0.986060244670711,0.817561664759622,1,0.959383992574133,1.01554380788972
2025,"South America_Northern","Forest",25,899.44374478,759.406766048777,887.329249384168,0.844307129218542,0.986531124969028,0.817041809980039,0.876006553225476,0.983161003799606,0.990449274299904
2025,"South America_Northern","Grassland",25,185.7842115,153.340043801782,179.435801013774,0.825366389122805,0.96582911736703,0.825340308367521,0.825422720711461,0.96512178054767,0.966156604642452
2025,"South America_Northern","Pasture",25,195.6795484,161.801346167587,189.170071099455,0.826868967608406,0.966733992623291,0.814487151732033,0.828356955285212,0.961223259400467,0.967395848779504
2025,"South America_Northern","Shrubland",25,8.627016,8.627016,9.42072027896,1,1.09200218000755,1,1,1.08816000177992,1.09539424128352
2025,"South America_Southern","Crop",26,178.568573065554,176.692859591379,174.880212520594,0.989495836574295,0.979344850655182,0.953192389452202,1.12919913771848,0.935337399632724,1.06761367886318
2025,"South America_Southern","Forest",26,1402.67837829,1405.18102951236,1402.62312713313,1.00178419462444,0.999960610245567,1.00106995251833,1.00573080842555,0.999497526285842,1.00251805776666
2025,"South America_Southern","Grassland",26,600.0868944,614.435412339166,601.839525363566,1.02391073371718,1.00292062862882,1.013697236059,1.05044500215762,0.997421321644452,1.01720761362097
2025,"South America_Southern","Pasture",26,1001.90935434,1008.14013596508,992.282350731638,1.006218907527,0.990391342723111,1.00054657640565,1.02372041466601,0.988482204002339,0.996285301254464
2025,"South America_Southern","Shrubland",26,150.14678052,152.646150354552,149.484133774374,1.01664617666723,0.99558667363142,1.01466583617627,1.0240160498064,0.992655090872699,0.99637441202665
2025,"South Asia","Crop",27,126.611803460876,135.045238951795,134.977392493302,1.06660860409847,1.06607274206476,0.979481828909959,1.22483685908407,1.01241796110246,1.11560141395649
2025,"South Asia","Forest",27,160.15782826,163.410632267753,166.093989960242,1.02030999073284,1.03706444926691,1.0129511594558,1.02294164845014,1.0328130969088,1.03859381694404
2025,"South Asia","Grassland",27,88.5910677,92.8653615147037,91.945905267282,1.04824745796244,1.0378688016115,1.04112976174961,1.0605141312496,1.03478103232226,1.04319027866313
2025,"South Asia","Pasture",27,335.6284175,369.345701172954,353.29688489765,1.1004601574685,1.05264294224326,1.09998238924998,1.10116149419061,1.05052862601406,1.05627205969354
2025,"South Asia","Shrubland",27,151.46,164.4691469221,156.7139188246,1.08589163424072,1.03468849085303,1.06672397438423,1.10470332233993,1.02363255755783,1.04553909913553
2025,"South Korea","Crop",28,16.61101402185,16.7932633032811,16.9224065252127,1.01097159277521,1.01874614655993,1.00514,1.04291,1.01585,1.03502
2025,"South Korea","Forest",28,31.22234,32.5652128434,32.3216785914,1.04301,1.03521,1.04301,1.04301,1.03521,1.03521
2025,"South Korea","Grassland",28,9.44391,9.551570574,9.5935959735,1.0114,1.01585,1.0114,1.0114,1.01585,1.01585
2025,"South Korea","Pasture",28,0.57867368,0.585270559952,0.587845657828,1.0114,1.01585,1.0114,1.0114,1.01585,1.01585
2025,"South Korea","Shrubland",28,39.86587,42.2271254801,41.4489436977,1.05923,1.03971,1.05923,1.05923,1.03971,1.03971
2025,"Southeast Asia","Crop",29,706.232312462221,736.113106087673,737.116388655241,1.04231014794732,1.04373076061239,0.908401154279485,1.11734238025171,0.941713286246314,1.08710483568587
2025,"Southeast Asia","Forest",29,1887.321562234,1932.12060113068,1949.14800878001,1.02373683414269,1.03275883017668,1.02292866908831,1.02732699335743,1.03175885342737,1.0372239018907
2025,"Southeast Asia","Grassland",29,408.4114079,430.237603699641,428.367348961612,1.05344168986823,1.04886234976692,1.04852633784436,1.07674170971007,1.04591419846514,1.06283733741676
2025,"Southeast Asia","Pasture",29,64.3688472642,71.3060434741323,69.6433358939094,1.10777257174513,1.08194163564962,1.10544603274769,1.12302966942319,1.08109256562426,1.08722207222135
2025,"Southeast Asia","Shrubland",29,14.55266953,14.6040185901167,14.6391419770609,1.00352849764168,1.00594203330754,0.998479199156582,1.00542387368618,1.00548659584527,1.00715532272045
2025,"Taiwan","Crop",30,4.68132161669,4.99413495596334,4.90510481191703,1.06682158691214,1.04780342252692,1.01602650308203,1.08374583842633,0.996872274144167,1.05617604548628
2025,"Taiwan","Forest",30,18.84251166,19.2412777128786,19.3118954740983,1.02116310500819,1.02491089418269,1.02115064946874,1.02117603951978,1.02489238813801,1.02493011186895
2025,"Taiwan","Grassland",30,1.841569,1.97071823397,1.92955916682,1.07013,1.04778,1.07013,1.07013,1.04778,1.04778
2025,"Taiwan","Pasture",30,7.691156373,8.22970355766205,8.05784584931279,1.0700216142468,1.04767676777449,1.06989720754242,1.07005221386898,1.04755827636226,1.0477059124453
2025,"Taiwan","Shrubland",30,0.06995814,0.074617352124,0.0736442343966,1.0666,1.05269,1.0666,1.0666,1.05269,1.05269
2025,"USA","Crop",1,1142.07128349501,1394.96584273431,1268.32895751019,1.22143500400901,1.11055148294141,0.64335742381692,1.32447839411795,0.90085880136679,1.15195912364308
2025,"USA","Forest",1,2228.278588621,2496.71135238557,2335.45598054019,1.12046642872007,1.04809873974758,1.11817422808055,1.12577596076856,1.04781284200203,1.04820954695531
2025,"USA","Grassland",1,1199.48158678,1383.12211947063,1275.4021621944,1.15309991809346,1.06329449009568,1.11445079175958,1.18285504218703,1.04327211971459,1.07870927878172
2025,"USA","Pasture",1,2514.9065892044,3040.4997053831,2722.72874399979,1.20899110862999,1.08263613276433,1.20574378376116,1.22122581757575,1.06637383899292,1.08695148387392
2025,"USA","Shrubland",1,985.961807,1208.16353744184,1047.06256706952,1.2253654541832,1.06197071695448,1.20308740649216,1.27990722811786,1.05440608617223,1.08049066931955
2030,"Africa_Eastern","Crop",2,617.750549919802,588.903542164759,599.528389194944,0.953303145163063,0.970502396594833,0.89915443784325,1.19083212557318,0.944785946708041,1.11048003554482
2030,"Africa_Eastern","Forest",2,178.170821,190.45754876826,183.17452349222,1.06896038138737,1.0280837370796,1.06896038138737,1.06896038138737,1.0280837370796,1.0280837370796
2030,"Africa_Eastern","Grassland",2,938.506669,906.015099033687,910.562452964451,0.965379500178796,0.970224808242094,0.956732993584344,0.992181587044758,0.967560693515736,0.978482921913404
2030,"Africa_Eastern","Pasture",2,2401.6808151,2348.99714140983,2346.68561555183,0.978063832063387,0.977101370339306,0.959022171171559,1.03115692647802,0.968208687191238,1.00193385777465
2030,"Africa_Eastern","Shrubland",2,554.775718,519.5108797233,515.5675422302,0.936434063113231,0.929326078093057,0.916743204149638,0.959323869153296,0.922149660866208,0.937668365176058
2030,"Africa_Northern","Crop",3,179.2241734069,214.955100309189,190.734471764211,1.19936443964602,1.064222912225,0.787228470700851,1.29507086128147,0.828785675599947,1.11254310612631
2030,"Africa_Northern","Forest",3,44.3573597,35.601840413927,37.173490355433,0.802614056713727,0.838045605212905,0.802614056713727,0.802614056713727,0.838045605212905,0.838045605212905
2030,"Africa_Northern","Grassland",3,47.818259,57.11218214013,48.5903011484,1.19435929568515,1.01614534206275,1.17004417448354,1.20806133004568,1.01252617768547,1.02256777672949
2030,"Africa_Northern","Pasture",3,737.66096,917.5522836653,765.8590847072,1.24386721464194,1.03822640242097,1.24098901814609,1.25263435506065,1.03364458253538,1.05212085219348
2030,"Africa_Northern","Shrubland",3,56.2088658,68.764008979364,59.342398108992,1.22336588722564,1.05574800815483,1.22130480857248,1.22612481785057,1.04086879151656,1.0756651163134
2030,"Africa_Southern","Crop",4,424.703514992251,425.735137121894,418.578953837711,1.00242904071482,0.985579207757084,0.894479277062841,1.15036062324487,0.93949374407098,1.05843067824715
2030,"Africa_Southern","Forest",4,618.844155612,704.918230488703,651.299474153416,1.13908845077737,1.05244505946626,1.13848521601424,1.14400191910079,1.05134941472145,1.06156455328764
2030,"Africa_Southern","Grassland",4,1793.1886299,1876.51494295155,1813.03174606452,1.0464682363373,1.01106582756195,1.03949685509028,1.04863140953496,1.00865582727643,1.01181363460897
2030,"Africa_Southern","Pasture",4,2129.1783982,2201.01960585119,2135.77199879261,1.03374128147831,1.00309678164976,0.99629489046738,1.03719876503933,0.988349083237945,1.0044585750599
2030,"Africa_Southern","Shrubland",4,330.26535711,319.15590527464,322.793463977247,0.96636204313836,0.977376091764102,0.959959070294983,0.972328693430741,0.975741393107803,0.978899395931423
2030,"Africa_Western","Crop",5,1407.26628795087,1410.35282571653,1383.74378338954,1.00219328622599,0.98328496549464,0.929384463808503,1.0841493308874,0.958463250028709,1.03013016034974
2030,"Africa_Western","Forest",5,2264.944325848,2373.1352937505,2272.73122501267,1.04776760588232,1.00343800908296,1.04452067351027,1.04811279488287,1.00160063291501,1.00363404414459
2030,"Africa_Western","Grassland",5,2156.17910264,2103.80084874828,2078.9321381687,0.975707837151567,0.964174142873049,0.9606416739833,0.97858608071832,0.954332884601829,0.966054219306016
2030,"Africa_Western","Pasture",5,2305.43396051,2155.18061471965,2182.97553916589,0.934826436860022,0.94688270258801,0.891697679999959,0.940521958880651,0.916813615581682,0.950859477105833
2030,"Africa_Western","Shrubland",5,267.3146403,267.3146403,267.3146403,1,1,1,1,1,1
2030,"Argentina","Crop",31,389.678673243537,426.008097781778,390.558622834142,1.09322918351125,1.00225814151768,0.95290270994821,1.60725445397565,0.939943211262473,1.23587156245627
2030,"Argentina","Forest",31,150.63678939,152.151415858222,148.214192939409,1.01005482441809,0.983917630876221,1.00015145787242,1.04258290871801,0.97697505304377,1.0066756975721
2030,"Argentina","Grassland",31,715.009873,762.229374361296,728.90480459266,1.06604034873417,1.0194332024177,1.05740101614142,1.07778858169643,1.01898989447373,1.019759199083
2030,"Argentina","Pasture",31,1073.323086962,1174.74616932084,1093.16591109528,1.09449445706597,1.01848727971504,1.08209148993579,1.10451889705515,1.01546802573481,1.02215754014299
2030,"Argentina","Shrubland",31,171.7562019,204.743318535469,181.287911185864,1.19205779046439,1.05549557559158,1.18617206726923,1.19277119138555,1.05497843903806,1.05976207219648
2030,"Australia_NZ","Crop",6,302.741580272005,313.813482878317,293.543968372073,1.03657212397572,0.969618934103245,0.635734739633297,1.17165794707192,0.791375297115986,1.03332147760339
2030,"Australia_NZ","Forest",6,226.6980665,212.467247894607,215.908389683832,0.937225672785379,0.952405077896118,0.919994834505051,0.95835294812381,0.944322173542108,0.962317930805481
2030,"Australia_NZ","Grassland",6,1430.7115,1397.517993111,1360.1307973155,0.97679930098486,0.950667410806092,0.91358683246529,1.02712287750261,0.924125576935814,0.971797419473271
2030,"Australia_NZ","Pasture",6,3396.195531,3347.74533395123,3240.76175820685,0.985733978916548,0.954232972932691,0.95978982019548,1.06173350165268,0.942684550193823,0.98807726248323
2030,"Australia_NZ","Shrubland",6,2298.983687,3184.26955626309,2610.66040870382,1.3850770556873,1.13557152382866,1.35028593861835,1.4519140331966,1.11943932699565,1.16656297704263
2030,"Brazil","Crop",7,786.78559868467,793.139032715385,798.569272410502,1.00807517834762,1.0149769819701,0.921988737853134,1.11430643687612,0.994891864115486,1.07093190394261
2030,"Brazil","Forest",7,4032.437586,3859.5398394951,4045.19962935543,0.957123267795844,1.00316484584901,0.953362468369367,0.958533121873412,1.00194130658992,1.00362362827168
2030,"Brazil","Grassland",7,898.2352125,841.234318878538,870.284538704775,0.936541239056065,0.968882678605494,0.912555178577356,0.941593905555111,0.956158032831512,0.971563126754597
2030,"Brazil","Pasture",7,1950.5389592,1946.7024396191,1950.53544459325,0.998033097691895,0.999998198135581,0.964141993282803,1.00042855887595,0.980535277142212,1.00137412770003
2030,"Brazil","Shrubland",7,558.8258375,653.37234783029,597.40154722055,1.16918779337988,1.06902993228288,1.14235341677303,1.17333431473381,1.05873311759837,1.07062102428372
2030,"Canada","Crop",8,401.210205853221,519.842946529694,448.495464207768,1.2956872456028,1.11785656911192,1.0002261661598,1.43376802951577,1.00009351787801,1.18149545976775
2030,"Canada","Forest",8,3978.6921996,4144.518260036,3998.03185613808,1.04167853458296,1.00486080741306,1.03896265667813,1.04662749420154,1.00472401557495,1.0050739472863
2030,"Canada","Grassland",8,1133.347887,1198.23090115738,1147.15879817049,1.05724898321303,1.0121859416062,1.04101160327952,1.13723028604948,1.00445622840544,1.05026059003349
2030,"Canada","Pasture",8,136.921277122,162.930644460462,147.199070392602,1.18995855052745,1.07506352180344,1.13467426852628,1.20422121412197,1.04793216170538,1.08205545993587
2030,"Canada","Shrubland",8,883.39187511,919.560822950001,893.014014646322,1.04094326522473,1.01089226628344,1.04006922914959,1.04095879305607,0.991558345374054,1.01123574622845
2030,"Central America and Caribbean","Crop",9,110.56499648476,100.175080718289,109.895307429116,0.906028887108919,0.993943028291636,0.777356097567526,1,0.944717734547961,1.01968279556426
2030,"Central America and Caribbean","Forest",9,324.66171,306.08777487135,328.17528384733,0.942789880800388,1.01082226126182,0.940759082130029,0.943702822492886,1.00933925943216,1.01148189331707
2030,"Central America and Caribbean","Grassland",9,69.270759,63.22413788898,69.359396810952,0.912710338412489,1.0012795848094,0.899624406243204,0.917403732727904,0.996866525748785,1.0028623705094
2030,"Central America and Caribbean","Pasture",9,140.2024277,129.647731609876,140.982825843789,0.92471816456197,1.0055662241845,0.912341018292237,0.92638808373249,1.00085659775483,1.00620168429918
2030,"Central America and Caribbean","Shrubland",9,4.24881647,4.2445489598657,4.2519993568001,0.998995600265525,1.00074912315525,0.998598526582104,0.999802991639311,1.00014693704081,1.00104527724648
2030,"Central Asia","Crop",10,310.291198753359,315.532940494372,315.050935895119,1.01689297589513,1.01533958153142,0.850038007426474,1.14385714339111,0.931754708913742,1.06751467412834
2030,"Central Asia","Forest",10,37.7513169712,41.9445166659237,39.7694712947294,1.11107426259917,1.05345917667108,1.10976771771794,1.11234789507476,1.04931348090206,1.05722618696366
2030,"Central Asia","Grassland",10,601.6984784,545.689139498708,572.63130465601,0.906914607711443,0.951691462106928,0.885840540037623,0.942847216817753,0.939318320134393,0.972788446362526
2030,"Central Asia","Pasture",10,3668.159344701,3335.82884613343,3497.25382430519,0.909401291672987,0.953408370701589,0.901784110849314,0.924260537875624,0.949279941548056,0.961458366343007
2030,"Central Asia","Shrubland",10,601.8474214,615.307095533616,618.5091345206,1.02236393088186,1.02768428097913,0.984924870096248,1.03210344032955,1.00341910211428,1.03399669731236
2030,"China","Crop",11,1211.45525002497,1254.69237043804,1196.66630007827,1.03569023322337,0.987792409214956,0.970853153182777,1.10921056501863,0.94235365415757,1.02940619065163
2030,"China","Forest",11,1544.333837,1647.0997767826,1569.93814105933,1.0665438633283,1.01657951373329,1.0665438633283,1.0665438633283,1.01657951373329,1.01657951373329
2030,"China","Grassland",11,956.303792,1002.54680012132,973.057931124269,1.04835598113086,1.01751968282927,1.04365911017578,1.05665028785126,1.01091853968126,1.02917678529142
2030,"China","Pasture",11,3794.46628898,3768.98711291229,3757.08181909336,0.993285175271761,0.990147634202149,0.992483588785047,0.993890360792634,0.983160820240434,0.994924570599572
2030,"China","Shrubland",11,569.9067574,569.030407513916,575.196482177812,0.998462292515917,1.00928173724759,0.987405150066935,1.01664377345569,1.00922700234217,1.00937173894959
2030,"Colombia","Crop",32,37.57802699146,37.611001599661,38.3039661722445,1.00087749705988,1.01931818243011,0.938124460386946,1.07566285883338,0.999327403631916,1.07305551711713
2030,"Colombia","Forest",32,590.289927,593.66682093284,595.04111104872,1.00572073785843,1.00804889907722,1.00546044681008,1.00660351805434,1.0079506339168,1.00838355454084
2030,"Colombia","Grassland",32,99.35066,95.76881290497,99.3304125242,0.963947425260889,0.999796201899414,0.957658675543099,0.966750404532481,0.999343112339397,1.00081275128013
2030,"Colombia","Pasture",32,386.062513,366.957107644346,387.629628926306,0.950512145799419,1.00405922842425,0.949816064068747,0.950644482244572,1.00347995671674,1.00417069294961
2030,"Colombia","Shrubland",32,14.255238,11.74923628852,13.38207670352,0.824204849369754,0.938748037985757,0.8213630897127,0.826033250520422,0.936557259362838,0.940157594963968
2030,"EU-12","Crop",12,411.748927690795,373.282873925837,404.990332805764,0.90657886110187,0.983585640591864,0.750163610022973,1.1668931231565,0.908391526361314,1.07712628766584
2030,"EU-12","Forest",12,347.04658414,363.267255874706,366.173828486382,1.04673917703268,1.05511434262861,1.03297514692299,1.04976431053614,1.04777239973076,1.05674674368974
2030,"EU-12","Grassland",12,168.2454622,133.301726320093,156.257086215409,0.792305032046759,0.928744729112875,0.784312201176164,0.79443532265289,0.923856839361741,0.93004747475947
2030,"EU-12","Pasture",12,100.879241829,82.0683362792985,95.327123122298,0.813530462673503,0.944962723687858,0.802585542363133,0.815464992769448,0.939650357595161,0.945901982526654
2030,"EU-12","Shrubland",12,3.7578876,4.61963997315,4.100751255589,1.22931829391331,1.09123840095404,1.22464401488055,1.23046994865671,1.08909037982147,1.09176763310062
2030,"EU-15","Crop",13,936.0260541524,986.761664867961,960.00329442117,1.05420320352247,1.02561599665138,0.947552860402651,1.20287165186632,0.972478643495162,1.0670013288869
2030,"EU-15","Forest",13,846.98938,938.2695960935,902.06085053932,1.10777020143216,1.06502026098523,1.10777020143216,1.10777020143216,1.06502026098523,1.06502026098523
2030,"EU-15","Grassland",13,525.1793285,575.47195926042,546.989312789506,1.09576277669585,1.04152864194369,1.07032928113284,1.11093635749192,1.03613254608624,1.04474794368197
2030,"EU-15","Pasture",13,412.885681577,449.724229638525,426.651631964281,1.08922214962946,1.03334082774366,1.03807658758076,1.10874648486771,1.01718941734903,1.03950647611047
2030,"EU-15","Shrubland",13,230.11845121,288.721571926961,248.683647502201,1.25466502320355,1.08067669582592,1.23181470007309,1.2664241839967,1.07812689240239,1.08198886757408
2030,"Europe_Eastern","Crop",14,373.426371620815,321.29773305705,353.044113126249,0.860404506683589,0.945418267043917,0.728307450562156,1.01603253293377,0.892504035360483,1.01403588384602
2030,"Europe_Eastern","Forest",14,185.1349547,174.708691246968,185.124140993401,0.943682901643683,0.999941590141004,0.943130994707755,0.947006173593535,0.999142836061973,1.00490743899551
2030,"Europe_Eastern","Grassland",14,74.2700294,54.5275156482184,66.6232823021086,0.734179265697428,0.89704128085492,0.733952949570823,0.735757447946167,0.896608194769068,0.900061343026889
2030,"Europe_Eastern","Pasture",14,99.59297947,72.6273233983065,88.9462750093357,0.729241396178771,0.893097841661908,0.726316787835767,0.729473893327006,0.892203014771797,0.893163132800353
2030,"Europe_Eastern","Shrubland",14,3.9398251,4.65191158931,4.233756185124,1.18074063473274,1.07460511004004,1.17874523216955,1.19328909035409,1.07370156032632,1.08028724841825
2030,"Europe_Non_EU","Crop",15,271.315316131806,313.575543448813,287.178966706335,1.15576056641225,1.05846942517179,0.968602992424523,1.24617969938644,0.996004370784195,1.09153702407625
2030,"Europe_Non_EU","Forest",15,178.9573609,215.6150571795,194.70786805227,1.20484039379629,1.0880126253151,1.20211093658583,1.21852420131537,1.08702945136027,1.09291726283762
2030,"Europe_Non_EU","Grassland",15,252.02644,299.74126776329,270.16457405239,1.18932469054949,1.07196917137896,1.1867547490989,1.2018454080483,1.07051608595485,1.07904858250439
2030,"Europe_Non_EU","Pasture",15,178.80517858,211.682552281778,191.526706336352,1.18387260348317,1.07114742345486,1.17438796594317,1.18489226120952,1.07105404230086,1.0719487385197
2030,"Europe_Non_EU","Shrubland",15,73.140318,92.43725070004,80.5973422703,1.2638344107287,1.1019550430489,1.25801583006076,1.26483289806994,1.10087972345478,1.10822135564378
2030,"European Free Trade Association","Crop",16,50.697541670512,55.3437542446412,52.5113942728245,1.09164571734711,1.0357779202412,1.0001809868984,1.18867681302867,1.00014956330243,1.09893043769119
2030,"European Free Trade Association","Forest",16,115.6847724,129.545041396644,123.014369024525,1.11981066054848,1.06335835281053,1.11912258517694,1.12055643772125,1.06326479694676,1.06357169712606
2030,"European Free Trade Association","Grassland",16,72.499108,85.11675348081,79.04878928282,1.17403863066577,1.09034154299967,1.17391430772525,1.17434060133572,1.08990869203242,1.09051975005887
2030,"European Free Trade Association","Pasture",16,27.42402413,31.6221292820523,29.0522351220339,1.15308129587954,1.05937170213662,1.15214542142022,1.15609031820371,1.05844925313636,1.06049572748814
2030,"European Free Trade Association","Shrubland",16,5.74628278,6.7456617035412,6.2544939708184,1.17391746313278,1.08844173011938,1.17363516807791,1.19542823937906,1.08246028489101,1.08852022716614
2030,"India","Crop",17,1367.44197671149,1674.44166086766,1566.8414219892,1.22450655266153,1.14581930983078,1.02776466981335,1.27608230809431,1.0200194878123,1.17356374320848
2030,"India","Forest",17,712.937871,834.614820846407,808.7757417122,1.1706697803495,1.13442667953348,1.1706697803495,1.1706697803495,1.13442667953348,1.13442667953348
2030,"India","Grassland",17,324.891307,387.179945716105,365.311736704554,1.19172146922387,1.12441216134033,1.17066695783107,1.19639931472712,1.11996362992129,1.12540052636606
2030,"India","Pasture",17,100.413236914,119.200002424289,113.175362854578,1.18709451151723,1.12709605160432,1.16045704718417,1.19356746991604,1.11697917454377,1.12955508099558
2030,"India","Shrubland",17,205.6232101,228.96782219059,215.4548501484,1.11353101665535,1.04781386324831,1.10964474533773,1.13014992030232,1.03989377484095,1.0816826221074
2030,"Indonesia","Crop",18,405.638414144134,409.804325458135,400.144570999129,1.01027001183503,0.986456304547496,0.890602301121086,1.04529946112519,0.90566379594129,1.01140767969812
2030,"Indonesia","Forest",18,1050.6126211,1095.11749208945,1060.72119222279,1.04236087602189,1.00962159688526,1.04149255519453,1.04629530962238,1.00948489120029,1.0102364423148
2030,"Indonesia","Grassland",18,193.798851,180.27806443165,185.06884981435,0.93023288580617,0.954953287180996,0.927422927131559,0.935568505282983,0.951172262356616,0.962132791234757
2030,"Indonesia","Pasture",18,104.570594994,94.9313352183819,97.573739158854,0.907820551502349,0.933089643072725,0.907385230290025,0.910853923399087,0.930667225550403,0.93339153568633
2030,"Japan","Crop",19,60.81485545694,63.145727240707,62.7308011777522,1.03832734232867,1.03150456753398,1.00448146967841,1.08582,1.01347435203975,1.05688
2030,"Japan","Forest",19,225.1884811,225.723794032,227.984254102,1.00237717724008,1.01241525760262,1.00237293046591,1.00237945396714,1.01239307802156,1.01242714824014
2030,"Japan","Grassland",19,46.4588,47.983113228,47.811215668,1.03281,1.02911,1.03281,1.03281,1.02911,1.02911
2030,"Japan","Shrubland",19,30.1247678,31.15963332,31.409023877,1.03435264719285,1.04263123571694,1.03432986023135,1.03437059122162,1.04260295736269,1.04265350404799
2030,"Mexico","Crop",20,167.261602120316,182.47609039051,171.224672832668,1.09096222968885,1.02369384641851,0.984540563050134,1.40130022091379,0.970748573541757,1.16118092960079
2030,"Mexico","Forest",20,418.9165231,479.705777121081,444.149492292525,1.14511066207472,1.06023388384349,1.11720552369104,1.15035625368225,1.04849246445037,1.06244926648532
2030,"Mexico","Grassland",20,153.977364801,159.95991618767,153.059113245476,1.03885344702711,0.9940364510283,1.03863057641447,1.03965725958165,0.980301160131821,0.997844792512455
2030,"Mexico","Pasture",20,803.9671747,916.537013553325,813.802517994952,1.14001795396103,1.01223351351207,1.12595944506364,1.19605754519248,1.01094879879709,1.01256064964393
2030,"Mexico","Shrubland",20,288.469581,307.9826538983,283.14879761945,1.06764343342773,0.981555131871772,0.885419405077483,1.1398439671167,0.875712341852282,1.02349200482822
2030,"Middle East","Crop",21,239.946014363825,284.2452741927,260.670860542889,1.18462177813758,1.0863729544915,0.400968077427237,1.37504234727048,0.78625078818823,1.1693551440941
2030,"Middle East","Forest",21,11.450372138,10.8339601036514,11.2743931359649,0.946166637475223,0.984631154349027,0.946014548783344,1.13588,0.98457814042583,1.05076
2030,"Middle East","Grassland",21,196.743465,250.35836319377,219.552374108416,1.27251171058602,1.11593223240434,1.24651264404145,1.28996017070185,1.09472674998173,1.13016362850673
2030,"Middle East","Pasture",21,2007.14393428,2469.04337009605,2201.7551556792,1.23012770929243,1.09695927535412,1.20108391265146,1.27202410593474,1.08353503003707,1.11632469445706
2030,"Middle East","Shrubland",21,851.084289,1038.29868036352,927.802593905909,1.21997162182783,1.09014184129289,1.20358976768045,1.23048493497604,1.08890924094735,1.09206248027682
2030,"Pakistan","Crop",22,117.94412903755,164.03080055804,143.468454792171,1.39075002627572,1.216410311924,1,1.47725014736002,1,1.26789509924715
2030,"Pakistan","Forest",22,23.7817,29.598466003,25.904216725,1.24459,1.08925,1.24459,1.24459,1.08925,1.08925
2030,"Pakistan","Grassland",22,15.301776,18.425728062854,16.76171625898,1.20415617526057,1.09540985693295,1.20185291052921,1.20625939058642,1.09481955814066,1.09594888549091
2030,"Pakistan","Pasture",22,78.070786023664,90.192289838953,84.2244488743493,1.15526299186503,1.07882158185035,1.14461897185543,1.17509791096909,1.07755360105988,1.07905821930794
2030,"Pakistan","Shrubland",22,240.406349,279.01294725927,245.8586876986,1.16058892961795,1.02267967847471,1.15687650607175,1.17242544885718,1.0204820686022,1.02968643597764
2030,"Russia","Crop",23,784.19983910972,807.1284049234,794.634948278538,1.02923816694442,1.01330669639089,0.845964978161947,1.10943700451536,0.927809079436395,1.04143274752578
2030,"Russia","Forest",23,5095.09548069,4913.61308598442,5021.03362014583,0.964380962948902,0.985464087802699,0.950537899752002,0.973177090218881,0.98046312834469,0.988541795826876
2030,"Russia","Grassland",23,3715.96539948,3624.85239859677,3665.84912722652,0.97548066489102,0.986513256484978,0.933119765504586,0.987295958105243,0.972444803217116,0.990437226533727
2030,"Russia","Pasture",23,902.4398294271,872.041937808281,887.176919773394,0.966315879876317,0.983087061146897,0.96496184386303,0.966880027072219,0.982834797201091,0.98319143388773
2030,"Russia","Shrubland",23,2058.046882447,2111.0721535553,2063.69463605341,1.0257648509179,1.00274422981059,0.910570998405253,1.03585413949943,0.960468686517687,1.0064469461181
2030,"South Africa","Crop",24,69.3928015759196,62.6802115476843,65.1068753931512,0.903266767218047,0.938236732262794,0.764637530046606,1.09782322482095,0.867792684858712,1.04415770047583
2030,"South Africa","Forest",24,24.501851,25.44530653364,23.791564756248,1.03850547999986,0.971010914899777,1.03850547999986,1.03850547999986,0.971010914899777,0.971010914899777
2030,"South Africa","Grassland",24,192.50964,201.177885724,195.11323515544,1.04502759302859,1.01352449236017,1.00347780516712,1.04967436997439,0.993299547749998,1.01578637650404
2030,"South Africa","Pasture",24,829.05665,834.4000386063,822.80591047425,1.00644514292998,0.992460419290105,0.985490168363724,1.01591152447963,0.980146753318447,0.998019570676012
2030,"South Africa","Shrubland",24,56.51063,53.35299350398,53.2139745858,0.944123141150258,0.941663092161599,0.939193045379307,0.94656578794238,0.93597761559169,0.944479997096185
2030,"South America_Northern","Crop",25,31.05433851405,28.041306303283,31.1190600005642,0.90297548249486,1.00208413669752,0.847909822732248,1,0.986270357696995,1.01433259377728
2030,"South America_Northern","Forest",25,898.52317549,769.93379566057,898.162135440783,0.856888076638307,0.999598185045121,0.828592788243025,0.889684844218155,0.997203536806282,1.00237382398645
2030,"South America_Northern","Grassland",25,185.5343399,161.796727988779,183.288381876226,0.872058121833318,0.987894650526774,0.871882995082973,0.872435632251826,0.98671946721275,0.988439817030148
2030,"South America_Northern","Pasture",25,195.72642792,172.233343314738,194.483622220095,0.879969788163382,0.993650291822561,0.879930501847808,0.880308952533947,0.993551037964116,0.99447478138203
2030,"South America_Northern","Shrubland",25,8.621042,8.621042,9.53226371218,1,1.10569739854881,1,1,1.10066586207579,1.11014528223602
2030,"South America_Southern","Crop",26,183.844877495447,187.732791418367,181.635844076869,1.02114779577156,0.987984253634521,0.985741809702601,1.15152008080567,0.97061227692591,1.03533005856536
2030,"South America_Southern","Forest",26,1401.70385282,1439.73034956934,1406.33398587543,1.02712876665983,1.0033032177561,1.02663133218632,1.02987247066683,1.00300421888558,1.00495026992917
2030,"South America_Southern","Grassland",26,598.715117,620.12429152651,600.74354415634,1.03575853343037,1.00338796716292,1.03276422162447,1.04351301103017,1.00293333265742,1.00456535058773
2030,"South America_Southern","Pasture",26,999.74119475,1025.35566709672,995.356127687513,1.02562110322275,0.995613797765347,1.02268934935539,1.03462103065025,0.991776875346016,0.996869679295984
2030,"South America_Southern","Shrubland",26,149.71453644,157.221468500534,150.179444441392,1.05014163780644,1.00310529633559,1.04731932413451,1.06060656755721,1.00273820448935,1.00446644567245
2030,"South Asia","Crop",27,128.114336761316,139.485441141244,136.500998114251,1.08875746983035,1.0654623172156,0.974163913995223,1.24830365692595,0.996434476463664,1.08350330818269
2030,"South Asia","Forest",27,161.19415436,176.67997638538,170.643286996344,1.09606937724798,1.05861957385403,1.08292655679212,1.10053005178136,1.05102250947439,1.06121745493014
2030,"South Asia","Grassland",27,87.5411777,91.0931868604216,89.1063032243087,1.04057529557798,1.01787873507565,1.03415362189048,1.05143518071664,1.01680733834647,1.01969060624554
2030,"South Asia","Pasture",27,337.0654143,368.008877193586,342.923587211702,1.09180254508713,1.01737992883034,1.08868489529515,1.09715444714556,1.01325345254767,1.02468938488954
2030,"South Asia","Shrubland",27,150.30282,163.8510996265,156.77557390308,1.0901398897672,1.04306475356271,1.04715288569079,1.13297704983434,1.01808980594347,1.06795264356156
2030,"South Korea","Crop",28,16.32057513795,17.1361835306466,16.8946530139243,1.04997424329735,1.03517510082346,1.00164,1.052,1.00875,1.03626
2030,"South Korea","Forest",28,31.56224,32.9718096384,32.5902221568,1.04466,1.03257,1.04466,1.04466,1.03257,1.03257
2030,"South Korea","Grassland",28,9.43186,9.7502795936,9.6608655608,1.03376,1.02428,1.03376,1.03376,1.02428,1.02428
2030,"South Korea","Pasture",28,0.59016208,0.6100859518208,0.6044912153024,1.03376,1.02428,1.03376,1.03376,1.02428,1.02428
2030,"South Korea","Shrubland",28,39.81187,43.8026118488,42.228450509,1.10024,1.0607,1.10024,1.10024,1.0607,1.0607
2030,"Southeast Asia","Crop",29,725.258159012995,748.684753797356,748.832571266324,1.03230104272973,1.03250485631959,0.965332810125826,1.07425870360748,0.988960003723208,1.05881927642619
2030,"Southeast Asia","Forest",29,1875.318868445,1920.06384121161,1925.76508604161,1.02385992778056,1.02690007467287,1.0238578884651,1.02386081622597,1.02619190805721,1.03001296628881
2030,"Southeast Asia","Grassland",29,402.4207269,411.682152972128,413.300021313202,1.02301428692173,1.02703462740851,1.02290231637775,1.02353562794019,1.026854763398,1.02707325753809
2030,"Southeast Asia","Pasture",29,65.6583454512,67.68678000582,67.5129303997092,1.0308937811436,1.02824598968744,1.03055081778755,1.03340772854536,1.02820596313972,1.02850553614741
2030,"Southeast Asia","Shrubland",29,14.34711698,14.5451579571908,14.529303116408,1.01380353819286,1.01269844921889,1.0122754278997,1.01779535297281,1.00945920467876,1.0211601841402
2030,"Taiwan","Crop",30,4.44900927769,5.07513849314054,4.77860074415521,1.14073452680585,1.07408199126893,1.02070564999801,1.1664668650756,1.01571669811534,1.08958634552693
2030,"Taiwan","Forest",30,18.96239304,19.693316194404,19.3698849991224,1.03854593420051,1.02148947963808,1.03851493759238,1.03857487862102,1.02148797996816,1.02149088001959
2030,"Taiwan","Grassland",30,1.849555,2.1504775985,2.0127967243,1.1627,1.08826,1.1627,1.1627,1.08826,1.08826
2030,"Taiwan","Pasture",30,7.794931317,9.06278404772452,8.48227911043339,1.16265091752117,1.08817881331864,1.16259554171502,1.16266432567863,1.08808721692753,1.08820099157518
2030,"Taiwan","Shrubland",30,0.07061244,0.0842667675228,0.0779850848604,1.19337,1.10441,1.19337,1.19337,1.10441,1.10441
2030,"USA","Crop",1,1187.47384537023,1480.24009586891,1295.81214733343,1.24654543057106,1.09123426371502,0.898958882346839,1.48075001587353,0.952050077539558,1.19505718485493
2030,"USA","Forest",1,2219.950310021,2540.2467287184,2314.25051111931,1.14428089550093,1.04247851885361,1.13923422821023,1.15573140259268,1.04002522573375,1.04807114222769
2030,"USA","Grassland",1,1193.51634821,1382.15916803559,1244.96329618144,1.15805633505441,1.04310535674572,1.1500914082202,1.16831096885747,1.03444336883969,1.05425743834445
2030,"USA","Pasture",1,2489.3926468935,2932.79877226159,2592.88149042021,1.17811819518364,1.04157192464429,1.1495594892182,1.28422943219956,1.03044394605519,1.08292187353574
2030,"USA","Shrubland",1,984.566569,1275.1773975333,1064.8718418514,1.29516625658788,1.0815640865533,1.27845551921075,1.33627858888695,1.07896150040433,1.08796705873692
2035,"Africa_Eastern","Crop",2,593.379194230314,672.290693562766,629.513076242045,1.1329866299657,1.06089509433946,0.941959553800801,1.28401398738146,0.957715973355925,1.12578365774211
2035,"Africa_Eastern","Forest",2,199.446763,212.58579398536,203.15899231098,1.06587738395814,1.01861263253984,1.06587738395814,1.06587738395814,1.01861263253984,1.01861263253984
2035,"Africa_Eastern","Grassland",2,938.8008304,1090.47140786642,1002.74637212328,1.16155777940865,1.0681140660006,1.15115507969349,1.19381700933083,1.06398625498082,1.08091458975006
2035,"Africa_Eastern","Pasture",2,2402.7273431,2712.648911019,2518.47013889379,1.12898740625274,1.04817142324791,1.12727334942478,1.13362314642148,1.0440241675663,1.04965622358347
2035,"Africa_Eastern","Shrubland",2,554.694323,486.5933748961,474.7658157897,0.877227969928403,0.855905308750925,0.869525763380673,0.886179021593997,0.848353325394201,0.862403644123302
2035,"Africa_Northern","Crop",3,187.147269734718,222.713351342674,197.547012742129,1.19004328333708,1.05556983557469,0.738660713656269,1.34840163181219,0.76335442791009,1.18156862125892
2035,"Africa_Northern","Forest",3,44.6501561,34.303792015456,34.8437904413008,0.768279330057168,0.780373317469786,0.768279330057168,0.768279330057168,0.780373317469786,0.780373317469786
2035,"Africa_Northern","Grassland",3,47.527211,57.2451455768,48.3548944736,1.20447096247242,1.01741493885682,1.20285839752229,1.20738171568496,1.00795872477528,1.03448383615235
2035,"Africa_Northern","Pasture",3,733.23144,879.241831352,736.2306406929,1.19913274770651,1.00409038746743,1.19545306311145,1.2003424112812,1.00321373056591,1.00685274347137
2035,"Africa_Northern","Shrubland",3,55.827221,66.7945941848,55.82914980668,1.19645207102105,1.00003454957359,1.18064340015436,1.21795476261622,0.979902507629193,1.02741781871503
2035,"Africa_Southern","Crop",4,437.616697756965,487.577340829674,453.909929272589,1.11416530340087,1.03723174092565,1.00037455042115,1.23706534987002,0.998211772748899,1.11451295479191
2035,"Africa_Southern","Forest",4,635.117090612,748.370734129132,680.128594822613,1.17831931338519,1.07087119033002,1.17805251575754,1.18053414589685,1.06998411619436,1.07822299882798
2035,"Africa_Southern","Grassland",4,1785.4324699,1964.79583119781,1845.14984857136,1.10045933650341,1.03344701055801,1.09268198804408,1.10288635099695,1.03084979228145,1.03425750354711
2035,"Africa_Southern","Pasture",4,2109.8187625,2290.15068122398,2161.98889255279,1.08547270596376,1.02472730406045,1.04315031997173,1.08943436744545,1.00814757428403,1.02627873102173
2035,"Africa_Southern","Shrubland",4,329.84838734,380.028333758911,344.87964307566,1.15213033728489,1.04557019622523,1.12254620088518,1.17962634336124,1.03743157524745,1.05313437078266
2035,"Africa_Western","Crop",5,1506.53671379517,1545.52233348298,1518.92210191,1.02587764329327,1.00822109942719,0.948900838381713,1.12368838680619,0.985390142395702,1.06356825956429
2035,"Africa_Western","Forest",5,2283.337072848,2413.43152471823,2296.41664897722,1.05697557904053,1.00572827213501,1.05674188939765,1.05915769629391,1.00554813846027,1.00742648277185
2035,"Africa_Western","Grassland",5,2118.31243327,2178.37196436839,2114.33607633765,1.02835253674345,0.998122865697288,1.02638623549334,1.02873620459211,0.997564779305409,1.00098306358419
2035,"Africa_Western","Pasture",5,2239.62317678,2282.29112974521,2246.40674157601,1.01905139820287,1.00302888667448,1.01861292501194,1.02236622460876,1.00237534558461,1.00796670997783
2035,"Africa_Western","Shrubland",5,264.2463289,264.2463289,264.2463289,1,1,1,1,1,1
2035,"Argentina","Crop",31,399.694627979282,489.27657573403,415.821463748154,1.22412597389072,1.04034789221563,0.836349425967338,1.3670057399189,0.853376096630822,1.12533809715274
2035,"Argentina","Forest",31,150.63025371,153.744641478339,150.568748580006,1.02067571216028,0.999591681428673,1.00535481833662,1.07042707562293,0.9915160256939,1.02561360583946
2035,"Argentina","Grassland",31,713.138438,771.489251354242,716.739339804553,1.08182256101338,1.00504937276225,1.07515743717271,1.09094248778845,0.990664610913448,1.01556220049712
2035,"Argentina","Pasture",31,1067.655285899,1194.79663066339,1065.96601511119,1.11908463943709,0.998417775090777,1.10666732151024,1.12923907547387,0.988028060710691,1.0109880231394
2035,"Argentina","Shrubland",31,171.0391775,202.322855295067,174.311769805522,1.18290357947416,1.01913358303844,1.18118183195677,1.19704190809575,1.01868453797831,1.02282096841975
2035,"Australia_NZ","Crop",6,337.391222042572,312.304098463273,314.066762874744,0.925643816613185,0.93086820982887,0.772965849585943,1.04287362174223,0.86723954703758,1.0079774339975
2035,"Australia_NZ","Forest",6,230.3424206,218.042088218826,223.152874479917,0.946599795430065,0.968787572426498,0.929990655362723,0.967126954358971,0.962244354631645,0.97685457509983
2035,"Australia_NZ","Grassland",6,1426.1426,1346.4331610166,1347.9670749532,0.944108366874813,0.945183935290342,0.910050014489073,0.971026941062791,0.935047839303127,0.953195164040285
2035,"Australia_NZ","Pasture",6,3373.44689,3163.6575766387,3173.545880543,0.937811585537871,0.940742802250846,0.921296806856378,0.985539365772656,0.934651656956625,0.958372419347187
2035,"Australia_NZ","Shrubland",6,2295.399926,2477.25257428381,2213.96450831628,1.07922482101004,0.964522340198195,1.06027613744852,1.11579352447735,0.962912744814355,0.967628667669595
2035,"Brazil","Crop",7,864.95175704059,781.90281222455,813.519882407835,0.903984304164905,0.94053786906136,0.872198413110627,1.0821356195394,0.90256182420067,1.02890386357074
2035,"Brazil","Forest",7,4008.268502,3729.64423369304,3975.55041067412,0.930487623728816,0.991837350389687,0.92488320562368,0.932625484945876,0.990174220325866,0.992471615871184
2035,"Brazil","Grassland",7,885.0088703,788.139146600993,828.274138531701,0.890543782158737,0.935893600988353,0.874697137419501,0.893942466725539,0.931384862480557,0.936860605690884
2035,"Brazil","Pasture",7,1924.6309505,1769.6712746541,1795.39569802203,0.919486031435979,0.932851930680843,0.898081435825162,0.921079396653832,0.927391470244309,0.933251384776942
2035,"Brazil","Shrubland",7,551.3941494,650.721641356906,601.345443418543,1.18013882095954,1.09059090320943,1.15214226475215,1.18453238298896,1.07786840954136,1.09258747252623
2035,"Canada","Crop",8,467.991557860176,593.131232240303,507.226804643445,1.26739729013983,1.08383750972489,0.979434165725908,1.43076547476555,0.97470972795935,1.15802389232425
2035,"Canada","Forest",8,3932.2546429,4123.70025517526,3931.98776230309,1.04868596509154,0.999932130387997,1.04492469394242,1.05597644233411,0.99955900238057,1.00064130561141
2035,"Canada","Grassland",8,1126.3798643,1213.01666893847,1142.06401709953,1.07691615181022,1.01392439024936,1.07345379978593,1.09461567755572,1.01347928370286,1.01619977262644
2035,"Canada","Pasture",8,133.387838338,147.195629332214,135.685844316096,1.10351611635857,1.01722800224315,1.10192520166632,1.10919576704691,1.01582099467202,1.02233271445879
2035,"Canada","Shrubland",8,882.81742173,936.088690581799,894.474142121934,1.06034233980952,1.0132039990433,0.993926320037827,1.06147830811792,0.968270944380637,1.01397252636957
2035,"Central America and Caribbean","Crop",9,119.576196862161,104.451582852794,118.244420522007,0.873514843202431,0.988862529708241,0.76910352694445,1,0.95878750720823,1.0089525561855
2035,"Central America and Caribbean","Forest",9,327.13209,295.12927793374,326.47583655731,0.90217159048426,0.997993919084215,0.901585784707168,0.90356904162645,0.997958749877733,0.998022470863011
2035,"Central America and Caribbean","Grassland",9,66.844596,58.80294860392,66.566427912509,0.879696372223119,0.995838585253907,0.870376429263171,0.883206071734837,0.993917139706089,0.996562162268268
2035,"Central America and Caribbean","Pasture",9,134.5268087,119.238482489302,134.157942327264,0.886354799029006,0.997258045617072,0.882923088559599,0.886847309045337,0.997021912385755,0.99729123914076
2035,"Central America and Caribbean","Shrubland",9,4.11308217,4.1114458836539,4.1191444619949,0.99960217513814,1.0014739049074,0.999437641627307,0.999920785948563,1.00029348085135,1.00208348659094
2035,"Central Asia","Crop",10,350.957858632488,288.066143165618,315.575495382424,0.820799808524226,0.899183442171856,0.731142181500061,1.10726960987193,0.864592943206015,1.0090641302013
2035,"Central Asia","Forest",10,39.3374268012,41.2667344854845,39.6880437977418,1.04904509118084,1.0089130638441,1.01783930348176,1.09188135409954,0.998236759286074,1.02305170246359
2035,"Central Asia","Grassland",10,600.4021126,599.182481419426,587.644768977783,0.997968642756282,0.978752000776659,0.957544674579922,1.0215386681423,0.963780855078946,0.987481234943217
2035,"Central Asia","Pasture",10,3630.758764015,3699.19957216441,3598.61671372079,1.01885027692496,0.991147291135734,0.974446132646018,1.04100895425851,0.970337186637193,1.00153647262368
2035,"Central Asia","Shrubland",10,601.4383306,654.813690660009,606.316905151592,1.08874618950003,1.00811151252486,1.02078995819874,1.10636631915511,0.98983683605399,1.01284988842734
2035,"China","Crop",11,1233.79783651362,1318.15316849725,1245.7647822162,1.06837046515011,1.00969927596598,0.951416267243248,1.13160177492602,0.958234799842783,1.0583796635664
2035,"China","Forest",11,1545.875372,1682.41518588359,1589.01234043355,1.08832524041504,1.02790455764732,1.08832524041504,1.08832524041504,1.02790455764732,1.02790455764732
2035,"China","Grassland",11,950.675429,1016.05234208404,974.207350183154,1.06876891007145,1.02475284462533,1.06568100836729,1.07417163518148,1.01996115833982,1.03313658423053
2035,"China","Pasture",11,3777.98651402,3940.89010518747,3831.0035211613,1.04311915634504,1.01403313827208,1.02858191076005,1.06468785479022,1.01135311468239,1.01796339507092
2035,"China","Shrubland",11,568.3916446,585.983279958907,573.141353433455,1.03094984862293,1.00835640157377,1.02250834330393,1.0449286559888,1.00723042014096,1.01022098341695
2035,"Colombia","Crop",32,39.98338878789,40.5830243769924,41.7447894915571,1.01499711773515,1.04405331206445,0.988139608270164,1.06903717731901,1,1.09578346310887
2035,"Colombia","Forest",32,590.52099,584.03398239226,591.26023250586,0.989014772179834,1.00125184797556,0.988786927373395,0.989785550065771,1.00112985502883,1.00166746375129
2035,"Colombia","Grassland",32,99.22428,105.3049070562,105.4011565315,1.06128164453499,1.06225166392238,1.06091014328412,1.06211360997786,1.05928206196767,1.06890199470777
2035,"Colombia","Pasture",32,383.602873,408.01106084356,415.11963555107,1.06362879311271,1.08215987097435,1.06268446380835,1.06381270012193,1.08208385846587,1.08255205897104
2035,"Colombia","Shrubland",32,14.236448,16.76076412796,16.23537226688,1.17731361979898,1.14040891849428,1.17533633794705,1.18038011757155,1.13985058705752,1.14127481533417
2035,"EU-12","Crop",12,430.742998496541,385.753245067923,421.372461117598,0.895553140537048,0.978245642037945,0.692638974913019,1.07506267552273,0.894551665261927,1.06786873341013
2035,"EU-12","Forest",12,353.33159895,349.560251804619,363.439759936088,0.989326323610487,1.02860814321767,0.985764541243417,0.990842051197775,1.02623257014934,1.02957213721723
2035,"EU-12","Grassland",12,157.0023356,120.274242277352,143.799198253667,0.766066579950623,0.915904834817417,0.760275632981775,0.785955214230553,0.913283808347197,0.924906581368479
2035,"EU-12","Pasture",12,89.978663563,66.1722560843718,81.8854388031658,0.735421637353396,0.910053956800908,0.73271398194693,0.748521391858861,0.908662674693645,0.916796046352552
2035,"EU-12","Shrubland",12,3.532321,3.9934042825805,3.701544742938,1.13053266749554,1.04790723802791,1.12373649788853,1.13234251817566,1.04528232430817,1.0486062644142
2035,"EU-15","Crop",13,1003.04320380521,1066.94510441098,1044.99349040415,1.06370802410439,1.04182301065377,0.944059985660646,1.1478556242327,0.96344320729276,1.10105514764224
2035,"EU-15","Forest",13,850.72684,927.02714050386,909.59862111235,1.08968836636665,1.06920174413722,1.08968836636665,1.08968836636665,1.06920174413722,1.06920174413722
2035,"EU-15","Grassland",13,502.8115245,525.484797320668,514.231795176588,1.0450929855739,1.02271282601954,1.03473870960996,1.05172103948887,1.02015039136453,1.02671583442863
2035,"EU-15","Pasture",13,380.57247295,402.052781621533,389.005484142192,1.05644209762474,1.02215875238381,1.03169172520092,1.06703590784681,1.02098467826436,1.02490174768959
2035,"EU-15","Shrubland",13,224.08000737,260.983878541259,228.745569993329,1.16469060138115,1.02082096782345,1.13439039170941,1.18092898457372,1.01967612532235,1.02143450784279
2035,"Europe_Eastern","Crop",14,391.748857470829,339.964514472155,377.092245830174,0.867812395591912,0.962586715031463,0.558328537583711,1.01510836800391,0.827237753955284,1.00678925495063
2035,"Europe_Eastern","Forest",14,178.8958144,164.264162329649,179.487220389659,0.91821132249838,1.00330586823198,0.914291918783325,0.918846342416653,1.00323502936468,1.00360706583279
2035,"Europe_Eastern","Grassland",14,70.6405499,40.9785867857361,59.0624742511395,0.580100053634154,0.836098732735651,0.577218286298764,0.580537765688713,0.835799960714876,0.83806575978284
2035,"Europe_Eastern","Pasture",14,96.91071378,54.2819800702398,80.2294339088881,0.560123622590037,0.827869600579141,0.552563093771014,0.560815358803311,0.825259026315508,0.828099982987242
2035,"Europe_Eastern","Shrubland",14,3.7918258,4.6638170977126,4.2197528723864,1.22996607536997,1.11285515077892,1.22801826929291,1.2416819044289,1.1120160804216,1.11790206227106
2035,"Europe_Non_EU","Crop",15,311.302524598305,296.098999274388,295.261373218909,0.951161573959173,0.948470859977462,0.781849901077487,1.05977609603875,0.895975566393014,1.00274492313724
2035,"Europe_Non_EU","Forest",15,202.5886659,188.20556932989,190.143012356518,0.929003448903652,0.938566881379113,0.926945627087118,0.939473245933662,0.937699952627679,0.943490466872237
2035,"Europe_Non_EU","Grassland",15,229.89264,240.04439480572,228.28995582114,1.04415867687508,0.993028553768142,1.03937702608426,1.0452563202257,0.992965884346094,0.99330155983275
2035,"Europe_Non_EU","Pasture",15,154.20367258,161.109638080358,153.248600606066,1.04478470184797,0.993806425242962,1.01768644229969,1.04819879344716,0.987721144283236,0.994559924231195
2035,"Europe_Non_EU","Shrubland",15,66.762836,72.5886279563,67.176208205355,1.08726100185888,1.00619165137555,1.08004773127305,1.08863966408443,1.0055669018892,1.00946039045457
2035,"European Free Trade Association","Crop",16,61.873843996136,68.4351064916158,62.4484156240134,1.10604258716962,1.00928617959979,0.868834215758903,1.14542971261007,0.931760338356076,1.06929316763119
2035,"European Free Trade Association","Forest",16,108.7255252,118.065754741676,113.028244006112,1.08590650194142,1.0395741367834,1.08562041515608,1.08605446663126,1.03924411665111,1.03981127151068
2035,"European Free Trade Association","Grassland",16,69.7313882,78.619045137342,73.940092307036,1.12745561456271,1.06035594895895,1.12646742041245,1.12780920249233,1.06003019468761,1.06047250781364
2035,"European Free Trade Association","Pasture",16,26.74234975,29.0221297633872,27.3595999808444,1.08524980170776,1.02308137604267,1.08272473914132,1.08883127986567,1.02191817566245,1.02490799441475
2035,"European Free Trade Association","Shrubland",16,5.73907975,6.601828348876,6.107967800458,1.15032873499902,1.06427651584002,1.13490362699973,1.15051157594948,1.04163283052994,1.06454492193119
2035,"India","Crop",17,1491.5205018623,1602.66429108072,1582.62303298906,1.07451710457861,1.06108030765451,0.929866924546117,1.17220411994168,1.00917005593319,1.11148259086072
2035,"India","Forest",17,736.511978,843.320520972852,813.44595114616,1.14501942420935,1.10445719206777,1.14501942420935,1.14501942420935,1.10445719206777,1.10445719206777
2035,"India","Grassland",17,282.837078,310.830231231619,300.752888376547,1.09897271400753,1.06334321689092,1.09549487517977,1.11214975083223,1.05899762387914,1.07980805093793
2035,"India","Pasture",17,82.120566692,88.5960861765154,87.5028915681776,1.07885380904399,1.06554174055282,1.07035482304382,1.10586019423295,1.05704482677865,1.09247324407578
2035,"India","Shrubland",17,179.7658764,220.771865041545,186.91356122693,1.22810774471069,1.03976107685213,1.11113885561168,1.26048390555214,1.02775486502483,1.04308431133106
2035,"Indonesia","Crop",18,419.795397553756,432.401875714414,422.660699285628,1.03003005329291,1.00682547200033,0.97380343759525,1.07495924333099,0.969881724880646,1.01890807179989
2035,"Indonesia","Forest",18,1043.0223051,1089.45427482014,1056.19178407956,1.04451675625066,1.01262626783259,1.04348801132002,1.04899155087284,1.01224678072379,1.01428021974044
2035,"Indonesia","Grassland",18,191.669887,194.27687823704,191.50158093216,1.01360146488238,0.999121896138855,1.01165822818103,1.01722944903572,0.997103449522462,1.00289029570313
2035,"Indonesia","Pasture",18,103.153269351,103.944005489924,102.87582652035,1.00766564301741,0.997310382575412,1.00584923614914,1.00785872095892,0.993138214509609,0.997849168377084
2035,"Japan","Crop",19,70.67962500715,70.1667223945931,71.7319692715484,0.992743274847525,1.0148889338942,0.974176,1.00906311099922,1.00137359535335,1.02816
2035,"Japan","Forest",19,217.8987872,214.4995476969,219.454876735,0.984399915452581,1.00714134096383,0.984384503799462,0.984427394560039,1.00712876169382,1.00714839604545
2035,"Japan","Grassland",19,45.0817,45.491041836,45.993702791,1.00908,1.02023,1.00908,1.00908,1.02023,1.02023
2035,"Japan","Shrubland",19,29.3242772,29.2183287734,30.094145673,0.996387006374363,1.02625362145328,0.996385046565097,0.996389376909389,1.0262363960896,1.02626786230061
2035,"Mexico","Crop",20,188.776253219065,198.524951394023,186.388394345703,1.05164154923472,0.987350851430496,0.953366307915026,1.26678585264867,0.932915786027603,1.08511774916275
2035,"Mexico","Forest",20,422.3995014,457.710988478775,425.46414321964,1.08359736922449,1.00725531590232,1.0680231500658,1.08655884235524,1.00237770542416,1.0081929969165
2035,"Mexico","Grassland",20,151.739645201,158.2199657034,149.58752119642,1.04270683837316,0.98581699593584,1.04231334513922,1.04409968087093,0.975304728200988,0.988786826504404
2035,"Mexico","Pasture",20,788.30800925,885.885603939844,782.056124928851,1.12378105200616,0.992069236582922,1.1145342887028,1.15934099925594,0.992041312533178,0.992166313710341
2035,"Mexico","Shrubland",20,285.179027,308.84117984412,275.96303068925,1.08297297698586,0.96768347094911,0.870603545272632,1.16847950370305,0.847608886766016,1.01602922653964
2035,"Middle East","Crop",21,252.018583384995,318.159538067634,270.545281584227,1.26244475226495,1.07351322251871,0.983947365217309,1.47135907945976,0.940170373811249,1.18891637943175
2035,"Middle East","Forest",21,11.605299332,13.0751193568735,11.9464379843568,1.12665076382999,1.02939507569754,1.12662055089069,1.16486,1.01243,1.02940849038084
2035,"Middle East","Grassland",21,196.0600639,249.940584952758,209.825834020696,1.2748164005508,1.0702120046626,1.27087726757264,1.2806518321325,1.06437450469989,1.07415253387474
2035,"Middle East","Pasture",21,1999.11727463,2303.99000555376,2032.90576108983,1.1525036748933,1.01690170301094,1.12979472459762,1.18565646694273,1.00667120136799,1.03183954365437
2035,"Middle East","Shrubland",21,849.3392553,1034.24496960203,885.240065073714,1.21770536702288,1.04226910454178,1.21472445785024,1.21960837808171,1.03716278988671,1.05026772342688
2035,"Pakistan","Crop",22,157.42825563464,146.492893078162,163.279517110485,0.930537485076014,1.0371677971801,0.87259219401199,1.09844,0.984743369371016,1.0666981746879
2035,"Pakistan","Forest",22,27.9404,30.690294168,28.503119656,1.09842,1.02014,1.09842,1.09842,1.02014,1.02014
2035,"Pakistan","Grassland",22,13.7956898,13.5258866743828,13.5941454116132,0.98044294054675,0.985390771225749,0.978200578260638,0.982068300809054,0.985389452910601,0.985391726797054
2035,"Pakistan","Pasture",22,96.412493441274,91.7022659001846,94.3802056432816,0.951145050055588,0.978920908219946,0.939065355063672,0.979013151761508,0.977169526789561,0.979482988696182
2035,"Pakistan","Shrubland",22,203.490735,202.5470093381,181.2277329603,0.995362316314303,0.890594517535651,0.990455869232096,1.00785025804908,0.887304254797312,0.898968929545006
2035,"Russia","Crop",23,937.176337978055,904.668566893628,913.418180369212,0.965313068878198,0.9746492131245,0.894913696200136,1.04320229381785,0.93274813400521,1.00031212398639
2035,"Russia","Forest",23,5012.64453139,5113.32178020978,5034.5544283414,1.02008465754739,1.00437092572876,1.00234373043228,1.02928774050158,0.986009698951809,1.01281234066774
2035,"Russia","Grassland",23,3697.61878957,3926.66838422927,3773.1216665399,1.06194516192566,1.02041932423723,0.999276436956132,1.0790289984215,0.996893719430238,1.0268325325191
2035,"Russia","Pasture",23,878.09549554026,875.347517028262,871.603941429916,0.996870524304071,0.992607234471292,0.992547113162279,1.00734570060203,0.99030480557741,0.998152256280138
2035,"Russia","Shrubland",23,2054.791324586,2372.07114064144,2173.47738477151,1.15440975064432,1.05776063912934,1.11505367694922,1.15778905549903,1.05388592721127,1.0580933408337
2035,"South Africa","Crop",24,79.0885141137363,63.4481086902051,69.7194296735013,0.802241759137883,0.881536724450766,0.703824294474539,1.09522532195528,0.82813733655659,0.996151685052571
2035,"South Africa","Forest",24,25.854522,26.50771837182,24.9955940744,1.02526429890369,0.966778425623185,1.02526429890369,1.02526429890369,0.966778425623185,0.966778425623185
2035,"South Africa","Grassland",24,190.24338,165.4054058556,175.4311452084,0.869441059423986,0.922140603307195,0.820858803856439,0.874946379697611,0.897590806781457,0.924922575674423
2035,"South Africa","Pasture",24,822.49243,686.3436532745,743.20351134342,0.834468048872498,0.903599211658908,0.765850573815219,0.866504472152219,0.867424491625901,0.920486110345665
2035,"South Africa","Shrubland",24,55.88829,46.67394080727,49.62236166574,0.835129162249731,0.887884772744702,0.824499908996639,0.856229306456273,0.884301889675154,0.894997158501496
2035,"South America_Northern","Crop",25,34.15462699888,30.1596782818546,33.9247775982206,0.883033454964788,0.993270329063557,0.794234670136058,1,0.944856846318527,1.01845658237063
2035,"South America_Northern","Forest",25,896.45380173,731.174709490169,880.698838827147,0.815630106179625,0.982425237226449,0.772335037856822,0.865470256636627,0.975548298964276,0.990342169822211
2035,"South America_Northern","Grassland",25,184.4785472,159.013436497626,184.852065457264,0.86196166931667,1.0020247246248,0.861025047254334,0.863963871078587,1.00177623456174,1.00214096729313
2035,"South America_Northern","Pasture",25,196.03262549,169.293279340022,197.056580242698,0.863597469639857,1.00522338947478,0.863564239503657,0.863888035077888,1.00505440215594,1.00660601298869
2035,"South America_Northern","Shrubland",25,8.580327,8.580327,9.60545071698,1,1.11947373532267,1,1,1.11708464035678,1.12160465808507
2035,"South America_Southern","Crop",26,194.954003693415,203.955348215239,191.938792718652,1.04617163203265,0.984533731456449,0.979012679805,1.15753526456179,0.943833076420132,1.08262841142843
2035,"South America_Southern","Forest",26,1400.78421707,1414.13397489437,1396.52086809042,1.00953020291183,0.996956455585645,1.00847168320986,1.0153378941302,0.996388443809217,1.00006420793052
2035,"South America_Southern","Grassland",26,596.2541679,622.059132601528,595.210778097191,1.04327846427038,0.998250092227474,1.03566917893634,1.06287222927264,0.994432145045703,1.00808123360102
2035,"South America_Southern","Pasture",26,993.72578499,1034.6157127273,989.55525282381,1.04114809976246,0.995803135805486,1.04063644505636,1.04270775145087,0.990340320371322,0.997608071567114
2035,"South America_Southern","Shrubland",26,148.99427929,157.682939527343,150.291905613782,1.05831539491816,1.00870923588453,1.05512362486891,1.07007795041466,1.00549257581304,1.00958207676319
2035,"South Asia","Crop",27,125.4112483914,148.634329908595,138.882689403883,1.18517542736451,1.10741812385472,0.990304252466615,1.31600994568532,1.00953287807634,1.14463151858222
2035,"South Asia","Forest",27,162.38204576,191.045371476627,178.382613963996,1.17651782610863,1.09853656005569,1.16269961714245,1.1809150032312,1.09267605166087,1.10039641235111
2035,"South Asia","Grassland",27,87.6027947,100.014543172518,92.1974413775001,1.1416821063189,1.05244863127067,1.1288799732898,1.16335642741232,1.04545268756334,1.06429293330373
2035,"South Asia","Pasture",27,338.4169675,408.10954117181,356.556485537528,1.20593699596877,1.05360108912839,1.18987407224109,1.21491753046569,1.04853206320483,1.05653954341998
2035,"South Asia","Shrubland",27,149.96473,178.276088427,155.6174479971,1.1887867795781,1.03769364968083,1.16685362244835,1.21074208217998,1.03033566941304,1.04505905915482
2035,"South Korea","Crop",28,16.86694803965,17.7456139824764,17.4755961997571,1.05209394970334,1.03608525731367,1.0324,1.06005,1.02176,1.0368
2035,"South Korea","Forest",28,31.59474,33.2999081178,32.6869701618,1.05397,1.03457,1.05397,1.05397,1.03457,1.03457
2035,"South Korea","Grassland",28,9.3243,9.884224215,9.643843761,1.06005,1.03427,1.06005,1.06005,1.03427,1.03427
2035,"South Korea","Pasture",28,0.60937188,0.645964661394,0.6302550543276,1.06005,1.03427,1.06005,1.06005,1.03427,1.03427
2035,"South Korea","Shrubland",28,39.32947,41.5759693264,41.1169944115,1.05712,1.04545,1.05712,1.05712,1.04545,1.04545
2035,"Southeast Asia","Crop",29,769.53511197272,781.218481094572,795.2613768621,1.01518237301986,1.03343091756194,0.954175610933485,1.11279708285295,0.990178812705084,1.08253701835839
2035,"Southeast Asia","Forest",29,1846.119248698,1874.68198214234,1892.69135453262,1.01547177056113,1.02522703008891,1.01476686687108,1.01564743607236,1.02465688543554,1.02768307395748
2035,"Southeast Asia","Grassland",29,392.0943909,401.69325674355,406.316157014368,1.02448100780406,1.03627128172307,1.0206913909951,1.04157565695754,1.03451873369018,1.04417688148608
2035,"Southeast Asia","Pasture",29,64.8300016672,67.3164671011144,67.9235507077129,1.03835362285934,1.04771786149865,1.03810528831784,1.03942139159003,1.04668758590982,1.04779597279985
2035,"Southeast Asia","Shrubland",29,13.96640586,14.1703512175448,14.1114575640504,1.0146025655841,1.01038575747436,1.01350003371453,1.01504070381981,1.00918580696807,1.0134053151556
2035,"Taiwan","Crop",30,4.86029875156,5.13166942092945,4.83985904508899,1.05583415408,0.995794557594952,0.987869398814799,1.21085076858803,0.961469752581067,1.03534383492565
2035,"Taiwan","Forest",30,18.82067464,19.7122657523864,18.7091371404928,1.04737296241716,0.994073671553189,1.04733120007244,1.04741332017376,0.994071579850884,0.994075692905512
2035,"Taiwan","Grassland",30,1.826802,1.87663715856,1.792425239964,1.02728,0.981182,1.02728,1.02728,0.981182,0.981182
2035,"Taiwan","Pasture",30,7.549986993,7.75591902563942,7.40736359606011,1.02727581290277,0.981109451304734,1.02727113513968,1.02727700765748,0.981028400975487,0.981130152494778
2035,"Taiwan","Shrubland",30,0.06874824,0.0734176204608,0.06853085806512,1.06792,0.996838,1.06792,1.06792,0.996838,0.996838
2035,"USA","Crop",1,1272.21283868084,1607.25942412896,1368.81507059109,1.26335733712256,1.07593244539995,0.64440847621805,1.51742818678681,0.923997318535609,1.16723930813164
2035,"USA","Forest",1,2215.296047531,2553.27317420114,2284.63550450684,1.15256521901297,1.03130031178141,1.14447436089313,1.17087658136587,1.02873286912645,1.03719112939729
2035,"USA","Grassland",1,1182.32120435,1356.81974798153,1209.19119664412,1.14758979454104,1.02272647415547,1.13422738754944,1.1645068325623,1.01189457302651,1.03643984805257
2035,"USA","Pasture",1,2434.7135886098,2793.93238185321,2446.2828506681,1.14754047249086,1.00475179590422,1.14167685145537,1.16871961274759,0.994750236249293,1.00752969589431
2035,"USA","Shrubland",1,981.771944,1266.29209724543,1028.33286702265,1.28980269296169,1.04742539579299,1.26643819382107,1.34785500828631,1.0429952600259,1.05843267812051
2040,"Africa_Eastern","Crop",2,583.808567171165,624.72610493905,599.50720880317,1.07008725131622,1.02689005012049,0.947641526615307,1.23433680438812,0.90806236973524,1.11847931113944
2040,"Africa_Eastern","Forest",2,229.358517,223.86955650155,210.99357842031,0.976068207231868,0.919929118744302,0.976068207231868,0.976068207231868,0.919929118744302,0.919929118744302
2040,"Africa_Eastern","Grassland",2,973.2422324,1008.22460427152,978.139918174096,1.03594415727855,1.00503233995715,1.02957714227922,1.05664648975282,1.00321679866046,1.01093556769399
2040,"Africa_Eastern","Pasture",2,2378.4081381,2464.32187094294,2384.30611725923,1.03612236750568,1.00247980111771,1.0270340472849,1.059565700313,0.994250944745399,1.01423466716145
2040,"Africa_Eastern","Shrubland",2,553.075056,373.98359874494,441.4593920348,0.676189596127691,0.798190746889876,0.664096264767292,0.690167425002303,0.794862527657651,0.802037600788014
2040,"Africa_Northern","Crop",3,202.416816709693,242.903093955125,215.750746566825,1.20001439556032,1.06587362687487,0.647705308001799,1.48294031657014,0.715822781633483,1.19253978098118
2040,"Africa_Northern","Forest",3,51.2163678,35.059927669654,37.19877605635,0.684545374372565,0.726306406608358,0.684545374372565,0.684545374372565,0.726306406608358,0.726306406608358
2040,"Africa_Northern","Grassland",3,47.48341,53.03385463814,45.651383792815,1.11689229223723,0.961417551789457,1.06519744071467,1.14545734058285,0.961181694664933,0.961844388071519
2040,"Africa_Northern","Pasture",3,721.4244,810.2500346753,687.33028351675,1.12312535405692,0.952740555374548,1.09535315707394,1.13132802733672,0.949636187519893,0.953714901347875
2040,"Africa_Northern","Shrubland",3,55.9996231,63.365371056079,54.584008187572,1.13153209875941,0.97472099214132,1.0715044740862,1.21258988175017,0.936260595351908,1.02665565578438
2040,"Africa_Southern","Crop",4,379.07915382274,434.493524280092,393.55527131887,1.14618152936804,1.0381875852316,1.01157709598026,1.27093233363441,0.99723503944658,1.13185582993466
2040,"Africa_Southern","Forest",4,663.573959612,814.199556482407,722.221880341815,1.22699142226509,1.08838189003696,1.22372354251859,1.23030374789934,1.08500370628206,1.09696407582995
2040,"Africa_Southern","Grassland",4,1877.7738999,2148.88751484667,1967.22096320758,1.14438032979429,1.04763462912779,1.13916632900605,1.14590402460721,1.04634307344934,1.04801206226748
2040,"Africa_Southern","Pasture",4,2077.1170523,2345.43577185655,2159.88947351944,1.12917842991055,1.03984966621298,1.10497160787185,1.13196325872686,1.0324816557835,1.04039609217631
2040,"Africa_Southern","Shrubland",4,326.78842753,435.794763809256,369.850011302643,1.33356853271448,1.13177205844809,1.32286982050101,1.34332060447927,1.12597915684103,1.1381272810787
2040,"Africa_Western","Crop",5,1431.87972069705,1488.53174258018,1445.73269191081,1.03956479099763,1.0096746751934,0.90092689445475,1.11015206840643,0.956906963272239,1.07642697159458
2040,"Africa_Western","Forest",5,2446.257977848,2630.83097651793,2479.57374183332,1.07545115860278,1.01361907218577,1.0744156190026,1.07574962552983,1.01327715127843,1.01434777190692
2040,"Africa_Western","Grassland",5,2095.52303683,2190.500891443,2102.1250713589,1.04532417584713,1.00315054256759,1.0320565152173,1.0479467020395,0.998465668920645,1.00407656895535
2040,"Africa_Western","Pasture",5,2212.10695002,2254.65808472881,2219.2527808873,1.01923556847395,1.00323032793113,0.984967841231629,1.02447623965522,0.984796266523354,1.00641802735938
2040,"Africa_Western","Shrubland",5,261.4451382,261.4451382,261.4451382,1,1,1,1,1,1
2040,"Argentina","Crop",31,421.765436863466,489.954573706091,432.040764998545,1.16167549752233,1.02436266046714,0.933886485973066,1.90053455642512,0.885769882314713,1.32982572696378
2040,"Argentina","Forest",31,152.79960319,158.031657693962,154.015605161001,1.03424128331967,1.00795814874918,1.01605713538298,1.0949605342778,0.999890825974909,1.03472166497203
2040,"Argentina","Grassland",31,711.332279,750.88446351329,706.984893630916,1.05560296598503,0.99388839014139,1.01373293873993,1.08601932968219,0.965640897492894,1.01440870184073
2040,"Argentina","Pasture",31,1050.3983374,1167.49119158954,1039.83871245807,1.11147471394459,0.989947028126428,1.10147094042715,1.1227186609697,0.972759273687033,1.01019804663083
2040,"Argentina","Shrubland",31,170.848911,185.039228696928,166.526257943738,1.08305770059563,0.974698972144681,1.07017680411782,1.18869867761378,0.969395066922441,1.01819825269974
2040,"Australia_NZ","Crop",6,357.360695710876,338.876023407772,338.803052696047,0.948274467435951,0.948070273990504,0.755318711432366,1.18565854283055,0.866363631080025,1.08381724715745
2040,"Australia_NZ","Forest",6,240.2324254,238.833505431053,238.644699279204,0.994176806205,0.99339087503216,0.988809204503554,0.999556414058368,0.991256603983022,0.995527066641154
2040,"Australia_NZ","Grassland",6,1424.3741,1464.775432379,1404.1513191317,1.02836427057962,0.985802338817941,0.990737458438341,1.05801969763322,0.975279852601283,0.994095595797805
2040,"Australia_NZ","Pasture",6,3361.385253,3440.54429508045,3305.08309933778,1.02354952976896,0.983250312170565,1.01399205419744,1.0512302447159,0.98023664484059,0.992072093135042
2040,"Australia_NZ","Shrubland",6,2290.554136,2501.11277331042,2211.5783874221,1.09192475916684,0.965521116774031,1.09163740752813,1.09248276501817,0.955816663505578,0.970518538473016
2040,"Brazil","Crop",7,782.606128457623,774.434904977368,794.231144601105,0.98955895796988,1.01485423602086,0.913851018751896,1.18343237560001,0.986498406185005,1.08746328577676
2040,"Brazil","Forest",7,4128.28482399,4026.12978686639,4166.60787941702,0.975254847599183,1.00928304539559,0.966581848959906,0.981294453106523,1.00404884822743,1.01180213964832
2040,"Brazil","Grassland",7,913.2484344,953.698373434401,934.885897191256,1.04429237161625,1.02369285506136,1.03170431398823,1.04689145509068,1.01887594019964,1.02468741388726
2040,"Brazil","Pasture",7,1862.9689722109,1947.05382333295,1905.37472980165,1.04513486395979,1.02276246047213,1.04263865426264,1.05286079086849,1.02057648698548,1.02533997266824
2040,"Brazil","Shrubland",7,565.1006453,671.773831178905,607.211046607825,1.18876847295454,1.07451840952238,1.15975312394615,1.1931946251612,1.06407884853464,1.07611091443724
2040,"Canada","Crop",8,508.860109681883,636.118123181325,547.051121836579,1.25008447523819,1.07505208490123,0.9688148940526,1.57859472406343,0.9792697625525,1.28526292217167
2040,"Canada","Forest",8,3926.0523193,4277.36342348009,3986.57978085247,1.08948202306248,1.01541687594302,1.08912706226979,1.09033295475292,1.01420743836384,1.01601656115156
2040,"Canada","Grassland",8,1117.943034,1267.82195016135,1151.79761583502,1.13406668461906,1.03028292212161,1.13336273453993,1.13783792168379,1.02954691358704,1.03422590436965
2040,"Canada","Pasture",8,122.85798774,146.574913694533,129.627079080436,1.19304341859094,1.05509687619792,1.17204924025626,1.19878980968403,1.04598394948182,1.05773320936485
2040,"Canada","Shrubland",8,882.2264569,1040.14461150747,938.93188037771,1.17899956793675,1.06427536040685,1.09160565995522,1.18043483570699,1.01496956793951,1.06508510809349
2040,"Central America and Caribbean","Crop",9,130.253219557501,108.553519047652,125.766776075444,0.833403730183654,0.96555598781129,0.626765634618396,1,0.886255207118408,1.00711862377872
2040,"Central America and Caribbean","Forest",9,325.48307,299.64947759948,325.7376648843,0.920629996514043,1.0007822062275,0.917907501437367,0.92151587262476,0.998412387875585,1.00179297243582
2040,"Central America and Caribbean","Grassland",9,65.510032,55.190736300462,63.760676047373,0.842477626945168,0.973296365469231,0.826088676639802,0.848823785341225,0.967675912261619,0.975472727325759
2040,"Central America and Caribbean","Pasture",9,130.2228727,111.640570901882,127.480975446001,0.857303855975235,0.978944580186648,0.839021685258687,0.859729374485439,0.972052629980433,0.979711738165865
2040,"Central America and Caribbean","Shrubland",9,4.04142017,4.01946859753111,4.03724093220781,0.994568351830419,0.998965898714711,0.992265823796607,0.998909279748563,0.998527533208544,0.999792343837692
2040,"Central Asia","Crop",10,350.623383956014,291.072182437863,321.572922614102,0.830156218201289,0.917146252442889,0.733774702119468,1.19254608659707,0.881741093344174,1.05127486674058
2040,"Central Asia","Forest",10,39.8466153312,41.4518766274241,40.6929272419047,1.04028601382781,1.02123924212057,1.02397525778364,1.05775144716875,1.01996119966672,1.02185887833001
2040,"Central Asia","Grassland",10,605.029108,529.310927906198,566.740042273382,0.874852004486035,0.936715332832188,0.856583150245254,0.885726914022538,0.933409846490623,0.938682991255913
2040,"Central Asia","Pasture",10,3627.443828564,3207.93447753864,3412.60225548995,0.884351248192469,0.940773287409084,0.855071150906116,0.898595138070753,0.929216808702174,0.946411208602561
2040,"Central Asia","Shrubland",10,602.1055056,617.679777960851,599.753282930743,1.0258663510232,0.99609333804893,0.964137034005526,1.04195815745415,0.981470743098417,0.999905205388956
2040,"China","Crop",11,1215.55917530396,1373.12153025476,1267.04289839659,1.12962129541032,1.04235394223384,1.02221634619028,1.23136204236353,0.999929730111277,1.09725124366119
2040,"China","Forest",11,1543.011827,1692.14458126006,1583.28619612511,1.09665042849997,1.02610114091181,1.09665042849997,1.09665042849997,1.02610114091181,1.02610114091181
2040,"China","Grassland",11,956.204486,1020.08207309733,977.65882089956,1.06680327067335,1.02243697369514,1.04384436964479,1.07980647166521,1.01438609776273,1.02699673715157
2040,"China","Pasture",11,3790.473532889,4018.24705615119,3893.17791990906,1.0600910470119,1.02709539748238,1.03767975826769,1.09294176039404,1.01795973810451,1.04013720701489
2040,"China","Shrubland",11,571.1996382,596.497428187639,587.201250178646,1.0442888760703,1.02801404431745,1.02993190692843,1.06775555486648,1.02484306615832,1.03319705510438
2040,"Colombia","Crop",32,44.83936406695,42.4095526830476,45.5546911040567,0.945810752795815,1.01595310397441,0.860225067202171,1,1,1.04421737400905
2040,"Colombia","Forest",32,585.62035,579.9497675657,585.35261097015,0.990316964848814,0.999542811260145,0.988111751335321,0.990930274095355,0.999407896876415,1.00049312676818
2040,"Colombia","Grassland",32,100.737,95.88856080579,101.265287112,0.951870323771703,1.00524422120968,0.951183998160941,0.952170179081749,1.00279867643124,1.01084172092864
2040,"Colombia","Pasture",32,382.332183,366.892768488038,392.50977076276,0.959617800440404,1.02661975165915,0.959444942700615,0.960524882618428,1.02600345489183,1.02865374579552
2040,"Colombia","Shrubland",32,14.207928,16.55670023562,16.04864924772,1.16531419891908,1.12955592453171,1.1631532971133,1.16865442392592,1.12895714602613,1.13048148946601
2040,"EU-12","Crop",12,438.741310377646,451.040036251808,464.596032711838,1.02803183922566,1.05892930919119,0.830852688904322,1.18128781792794,0.961244794757803,1.13572690281956
2040,"EU-12","Forest",12,345.90073297,383.662282466968,380.05900364313,1.1091687466885,1.09875165738979,1.09632898166394,1.11022603347496,1.09127183623258,1.09941711303753
2040,"EU-12","Grassland",12,158.6601929,130.305329063824,151.815939191086,0.821285583246156,0.95686218714465,0.820843278317566,0.822825362032103,0.956482152937683,0.958185185311741
2040,"EU-12","Pasture",12,87.678324482,75.8400218232,86.9639329507736,0.864980281857116,0.991852130666879,0.85907330756064,0.880373120888205,0.990725359205949,1.00139515494581
2040,"EU-12","Shrubland",12,3.4549343,4.344543057455,3.790351487537,1.25748934139066,1.09708352125162,1.25714581428357,1.25874353277719,1.09656295358667,1.09898407427351
2040,"EU-15","Crop",13,1063.61814692893,1161.88218412836,1135.456234606,1.09238657452692,1.06754123919801,1,1.27928846579371,1,1.1242260657748
2040,"EU-15","Forest",13,856.12672,922.91192359748,917.30127138666,1.07800854947908,1.07145501940024,1.07800854947908,1.07800854947908,1.07145501940024,1.07145501940024
2040,"EU-15","Grassland",13,484.9502369,551.283014758401,526.35934978287,1.13678264863304,1.08538837540852,1.0997161557748,1.16197784100316,1.07489071647362,1.09252394491904
2040,"EU-15","Pasture",13,348.155684957,391.172335151679,372.539118456848,1.12355578855474,1.07003600559577,1.05976644011872,1.15464036930993,1.0486964105466,1.08043480072148
2040,"EU-15","Shrubland",13,219.63812733,286.080409842826,242.630181603388,1.30250796307782,1.1046815257118,1.24393853069753,1.33488195087792,1.08371451665882,1.11627094476026
2040,"Europe_Eastern","Crop",14,388.805778790244,385.123011103051,399.818617465297,0.990528001670521,1.02832478135824,0.627376908261223,1.05321576075882,0.867911565349734,1.07767485836047
2040,"Europe_Eastern","Forest",14,181.3932713,187.698014232236,193.727952024446,1.03475731424353,1.06799965972303,1.03386431913318,1.03960444423268,1.06676158752219,1.07439899938442
2040,"Europe_Eastern","Grassland",14,72.5901752,45.6452557410588,62.708439914196,0.62880762603613,0.863869521480312,0.628198765203258,0.628897256526638,0.863279421166634,0.867878078907929
2040,"Europe_Eastern","Pasture",14,96.23556803,60.3912455189984,83.510157308453,0.627535606171851,0.867768113369685,0.620916966618707,0.628312715074268,0.866492470401468,0.868474080694951
2040,"Europe_Eastern","Shrubland",14,3.9165063,5.249979610532,4.586408010768,1.340475211423,1.17104573807733,1.33850396077769,1.35278674386724,1.1702473770452,1.17603193695194
2040,"Europe_Non_EU","Crop",15,332.526136790596,315.572463378005,326.768078325318,0.949015516265214,0.982683892096866,0.87108826272957,1.174975510389,0.944044014914386,1.12392156542059
2040,"Europe_Non_EU","Forest",15,194.3712849,198.801834880577,196.39567585927,1.02279426193461,1.0104150721662,1.02240409239346,1.02504474599211,1.01035999598044,1.01114854479705
2040,"Europe_Non_EU","Grassland",15,227.69294,224.85508159736,227.66669323126,0.987536467302675,0.999884727349298,0.985355942299408,0.996923708591351,0.997998631847328,1.00800443867751
2040,"Europe_Non_EU","Pasture",15,148.22208268,147.449001265723,148.480179023847,0.994784303389217,1.00174128132044,0.990152198234814,1.02294037225426,0.998499053750288,1.0211134977734
2040,"Europe_Non_EU","Shrubland",15,65.638765,72.27301063839,70.07265143859,1.10107206676405,1.06754981509158,1.10099661484494,1.10145892018591,1.06604074326537,1.07528705500071
2040,"European Free Trade Association","Crop",16,83.1334655506418,85.393320849865,82.72020317196,1.02718346076703,0.995028928772011,0.825979966456225,1.16822526719266,0.933688833952942,1.09741709996593
2040,"European Free Trade Association","Forest",16,101.55252070479,104.75320131432,104.425086813119,1.03151749052921,1.02828650720231,1.0279126137512,1.0388072894021,1.02766558095986,1.02910090310935
2040,"European Free Trade Association","Grassland",16,65.028932394,75.1152922677153,70.7197414038082,1.15510572759527,1.08751195506838,1.15495760933578,1.15566204905996,1.08650875567917,1.09127989938183
2040,"European Free Trade Association","Pasture",16,20.1991217838772,22.3069787732556,20.8486339204237,1.10435389280443,1.0321554641581,1.05838382909615,1.12485082125936,1.03120246152103,1.03642900594224
2040,"European Free Trade Association","Shrubland",16,5.69944583532,6.83594860402296,6.27427862908489,1.19940583725876,1.10085766412633,1.14224865644349,1.19968394313515,1.07831463827043,1.10096735022128
2040,"India","Crop",17,1529.52105485357,1639.67306761984,1641.78094967514,1.07201732360384,1.0733954556986,0.930478180727153,1.1503918481167,1.01716042441483,1.0999183061897
2040,"India","Forest",17,773.9373003,864.983355910032,841.087941473445,1.11764009251749,1.08676496293358,1.11764009251749,1.11764009251749,1.08676496293358,1.08676496293358
2040,"India","Grassland",17,261.718944,277.920569888497,273.718336958092,1.06190467392569,1.04584839283966,1.05849946260465,1.07358896188819,1.041920517169,1.05932609689088
2040,"India","Pasture",17,73.053627408773,77.9299999509302,77.5600921608332,1.06675058741261,1.06168707717748,1.05943803155284,1.08673492023333,1.0525020721662,1.08621598869189
2040,"India","Shrubland",17,167.0004149,145.91521126793,165.9085763752,0.873741609296625,0.993462061004736,0.833118821613599,0.886106828022273,0.973359853893996,0.999580995769433
2040,"Indonesia","Crop",18,446.302596891002,453.156507169089,441.461875024297,1.01535709253281,0.989153722383812,0.88167100163988,1.05455229744923,0.900510211552039,1.01247579899611
2040,"Indonesia","Forest",18,1030.9108001,1082.96177364031,1044.03021137434,1.05049027863057,1.01272603921995,1.0492242867301,1.05545809736525,1.01238925448083,1.01397567368468
2040,"Indonesia","Grassland",18,188.55857,175.54962826071,178.610726458022,0.931008483256476,0.94724268675787,0.929712078308825,0.933368512318284,0.945252216614073,0.950866220742785
2040,"Indonesia","Pasture",18,101.361001897,92.8030920044036,95.1127276838228,0.915569995043136,0.938356230737276,0.913916087157133,0.916627330521365,0.93161660837079,0.940974288949922
2040,"Japan","Crop",19,78.70219841484,76.5415717334215,78.310774355785,0.972546806506856,0.995026516832582,0.943764671960228,1.02891,0.978724847279707,1.0288
2040,"Japan","Forest",19,212.2189235,201.1664309495,208.0069159832,0.947919382644027,0.980152535658301,0.947866651989189,0.948009891115515,0.980132440470403,0.980187027639227
2040,"Japan","Grassland",19,43.8107,43.2497916079,43.7462106496,0.987197,0.998528,0.987197,0.987197,0.998528,0.998528
2040,"Japan","Shrubland",19,28.5890026,27.4985697255,28.730320645,0.961858310002742,1.00494309112414,0.961837024114599,0.961882877571614,1.00493990721352,1.00494584973512
2040,"Mexico","Crop",20,214.01072073056,232.060390522506,212.201805578054,1.08434002619275,0.991547548896936,0.922616129018446,1.37757831436138,0.932429421225792,1.13532936585165
2040,"Mexico","Forest",20,417.7731142,470.653620197201,426.517717094912,1.12657709220581,1.02093146398771,1.10600136287535,1.13055584698788,1.01392975694358,1.02233719070728
2040,"Mexico","Grassland",20,150.386040501,156.42858014286,144.74556774991,1.04018018974188,0.962493375500151,1.03278855871692,1.06604490676506,0.961232907913725,0.966903990333297
2040,"Mexico","Pasture",20,774.89724206,901.374080168523,772.261901590187,1.1632175613018,0.996599109757047,1.15128517840171,1.20795713992293,0.993369104387161,1.00873843788532
2040,"Mexico","Shrubland",20,283.006932,342.2175407711,288.93737069202,1.20921964120335,1.02095510046383,1.13328341937914,1.24012408258223,0.97273026924603,1.04058159008333
2040,"Middle East","Crop",21,281.658539550295,338.311465695508,295.948031359053,1.20114045267602,1.05073338742569,1.00536121019013,1.34349539143382,0.983400802750177,1.09192167737801
2040,"Middle East","Forest",21,12.668654007,14.3929164909063,12.4804680404355,1.13610463139601,0.98514554376017,1.13605777826138,1.2009,0.973353,0.985154070876417
2040,"Middle East","Grassland",21,194.0227282,248.378166565528,208.528626181485,1.28014985084375,1.07476391099156,1.27023473911116,1.2945824343546,1.07191011330301,1.07672445554154
2040,"Middle East","Pasture",21,1981.90690822,2267.58397284046,1991.77597436349,1.14414252427075,1.0049795810805,1.12522282994752,1.17237059794165,1.00319520814075,1.00766384800945
2040,"Middle East","Shrubland",21,843.5437625,952.737029070748,839.783413704149,1.12944588227069,0.995542200697796,1.09563371064849,1.18335388645398,0.970869622434016,1.03487861088516
2040,"Pakistan","Crop",22,166.47786113351,142.293386242184,164.642468031329,0.854728582367295,0.988975152073167,0.642122,1,0.739187,1.02376012969798
2040,"Pakistan","Forest",22,44.4209,29.6583246194,33.2395819983,0.667666,0.748287,0.667666,0.667666,0.748287,0.748287
2040,"Pakistan","Grassland",22,12.8192596,11.7892181373632,12.25477466174,0.919648911499007,0.955965870426713,0.919076050290834,0.919994210501573,0.955361050644955,0.956969284245838
2040,"Pakistan","Pasture",22,105.797791928,97.9835296167166,102.267686889505,0.92613964650036,0.966633471510466,0.91650332476693,0.955195059768408,0.96299183012312,0.967825046118431
2040,"Pakistan","Shrubland",22,181.412466,164.48608975626,141.91820821948,0.906696730291181,0.782295788975604,0.892142151786041,0.938142823546219,0.775309587493626,0.797389921947108
2040,"Russia","Crop",23,1073.13932518354,951.225526548022,1016.83328231978,0.88639518115258,0.947531470012868,0.780664825411848,0.977025442331582,0.894201820254916,0.999037041966136
2040,"Russia","Forest",23,4988.022423034,4964.1977834632,4980.19047769486,0.995223630218505,0.99842984961275,0.973598193015669,1.0081989014237,0.990672593258696,1.00291314196833
2040,"Russia","Grassland",23,3688.95638565,3749.21621062998,3674.8617172776,1.01633519583327,0.99617922607401,0.906277447857468,1.04600942018133,0.961304526564139,1.0055822865251
2040,"Russia","Pasture",23,839.904537422461,757.286922622644,800.452401371581,0.901634517830613,0.953027833172622,0.881603738053734,0.947506749365266,0.944831111142464,0.972014188841862
2040,"Russia","Shrubland",23,2055.560799172,2279.17726376792,2107.1227197066,1.10878611067403,1.02508411356909,1.02063738939267,1.11639083489889,1.00486107276817,1.02682878605036
2040,"South Africa","Crop",24,72.754352885109,70.2451143710804,70.3143499090296,0.965510812555902,0.966462446859604,0.873484762231038,1.23492642531109,0.893936557231725,1.0878920455803
2040,"South Africa","Forest",24,25.13257,27.6336229436,25.85640616526,1.09951441271625,1.02880072214103,1.09951441271625,1.09951441271625,1.02880072214103,1.02880072214103
2040,"South Africa","Grassland",24,192.94903,215.71677254,206.12281203418,1.11799874060004,1.06827596922451,1.03592511650497,1.12715432177195,1.01566980226069,1.07414435918646
2040,"South Africa","Pasture",24,826.34697,863.6848130643,844.53481933576,1.04518421972831,1.02200994254963,0.99957474288544,1.06503248017436,0.97988127809077,1.04076223780505
2040,"South Africa","Shrubland",24,56.58607,57.16750731739,54.45234964434,1.01027527300253,0.962292480187085,0.990994230280717,1.01980915290387,0.943517356758024,0.971576198629504
2040,"South America_Northern","Crop",25,34.351951866212,34.6442631966531,35.8822698660974,1.00850930775577,1.04454821099673,0.913715428297209,1.20653229954438,1,1.0780621966038
2040,"South America_Northern","Forest",25,899.0741524772,780.71500762647,901.073767472069,0.868354412675954,1.00222408239561,0.838862433636493,0.902305833644844,1.00114951697008,1.00344399877457
2040,"South America_Northern","Grassland",25,184.1399679,180.308603980575,194.579651298167,0.979193197635913,1.0566942827091,0.979188077075145,0.979204114287731,1.05595548583745,1.05704082250346
2040,"South America_Northern","Pasture",25,193.627820866203,191.473101352427,206.01008678505,0.98887184959198,1.06394879549568,0.988608219246596,0.991154809849186,1.06345634838367,1.06501283513986
2040,"South America_Northern","Shrubland",25,8.58738,8.58738,9.7341222477,1,1.13353808119589,1,1,1.12920474240566,1.13739714593616
2040,"South America_Southern","Crop",26,212.32421214192,218.527961463429,209.137222425818,1.0292182848999,0.984989984496107,0.955701244326117,1.24046169573735,0.95571949316014,1.06605533355714
2040,"South America_Southern","Forest",26,1406.64510547,1431.60964832848,1408.67690368786,1.0177475773821,1.00144442845602,1.01643602429516,1.02457115310476,1.00092324460211,1.00416043988148
2040,"South America_Southern","Grassland",26,594.6189767,605.26073296629,590.786654826988,1.01789676529557,0.993554995680964,1.00508435588086,1.0507628607946,0.989410673727798,1.00418591424459
2040,"South America_Southern","Pasture",26,976.60972364,991.876517236367,965.761257595678,1.01563244070463,0.988891707934375,1.00656264196407,1.04205847828316,0.988540857496791,0.989891175186616
2040,"South America_Southern","Shrubland",26,148.5050169,160.038232451646,151.028037889491,1.07766212746477,1.01698946636389,1.07423485621396,1.09023984025109,1.01577488754464,1.01732042407772
2040,"South Asia","Crop",27,134.338523442241,146.570781571663,138.691201921057,1.09105547549569,1.03240082120366,0.924430436487418,1.33882674487482,0.97126147689868,1.08423590956583
2040,"South Asia","Forest",27,170.18364046,193.516348128432,179.518835634255,1.13710311758148,1.05485365778416,1.12292747618044,1.14312339904491,1.04914625891489,1.05722575829034
2040,"South Asia","Grassland",27,85.2413597,94.3652713108078,86.3255552258018,1.10703620452464,1.01271912519483,1.1060656080909,1.10763517891238,1.01077104501969,1.01392132426501
2040,"South Asia","Pasture",27,344.7909137,402.481950303766,351.056131366931,1.16732180086962,1.01817106373163,1.16393679516856,1.16948927309255,1.01631172965076,1.0205888532064
2040,"South Asia","Shrubland",27,140.62625,158.60724656526,139.72423570836,1.1278637278976,0.993585733164043,1.11436801202636,1.14329601354509,0.986414892418442,1.00178555477963
2040,"South Korea","Crop",28,17.86859740936,18.2962159016208,18.0038795213762,1.02393128472617,1.00757094185498,0.966914,1.03076,0.974848,1.01192
2040,"South Korea","Forest",28,31.38805,31.5867363565,31.2714120062,1.00633,0.996284,1.00633,1.00633,0.996284,0.996284
2040,"South Korea","Grassland",28,9.17196,9.2724846816,9.13078707156,1.01096,0.995511,1.01096,1.01096,0.995511,0.995511
2040,"South Korea","Pasture",28,0.66418538,0.6714648517648,0.66120385182918,1.01096,0.995511,1.01096,1.01096,0.995511,0.995511
2040,"South Korea","Shrubland",28,38.64837,39.0286699608,38.8667332905,1.00984,1.00565,1.00984,1.00984,1.00565,1.00565
2040,"Southeast Asia","Crop",29,803.41823315312,833.114702434052,834.127475022596,1.03696265289423,1.03822323243643,0.890613568845137,1.12415504873737,0.973297409113578,1.07902027022249
2040,"Southeast Asia","Forest",29,1842.47332990766,1883.80275409822,1891.0915967083,1.02243149114817,1.02638750098113,1.02131438602518,1.02515865572301,1.02530951215768,1.02967912198574
2040,"Southeast Asia","Grassland",29,375.70993566,385.436706565289,387.217424391318,1.02588904360009,1.03062865162483,1.02466603899349,1.03112427721779,1.02968072375401,1.03468638274841
2040,"Southeast Asia","Pasture",29,57.1020295524932,59.400152437449,59.1916394928463,1.04024590549524,1.03659431996952,1.03259259054983,1.04147050137824,1.03427080173662,1.03725652608696
2040,"Southeast Asia","Shrubland",29,15.36583638,15.5181512500544,15.483249577982,1.00991256618173,1.00764118496894,1.00832229465068,1.01447464885709,1.00534671701421,1.0142234272471
2040,"Taiwan","Crop",30,2.064032586223,2.45131297038055,2.25215236862426,1.18763288270862,1.09114186648841,1.05713367228616,1.24284841132717,1.02672236325825,1.12301542652914
2040,"Taiwan","Forest",30,22.00872871,23.4714163526608,22.6119092625209,1.06645943352449,1.0274064240815,1.0664297616493,1.06669781681566,1.02740031049279,1.02740718504776
2040,"Taiwan","Grassland",30,1.978736,2.25136624608,2.1223922336,1.13778,1.0726,1.13778,1.13778,1.0726,1.0726
2040,"Taiwan","Pasture",30,6.994934554,7.95800499177454,7.50174125880886,1.13768112200904,1.07245338764736,1.13760396637735,1.13769096479429,1.07233898434514,1.07246798213787
2040,"Taiwan","Shrubland",30,0.08008934,0.0951725654022,0.0882848821622,1.18833,1.10233,1.18833,1.18833,1.10233,1.10233
2040,"USA","Crop",1,1403.33782737034,1681.87430595089,1457.4761359228,1.19848141562783,1.03857824359649,0.738446120061119,1.44707015294469,0.914862032529156,1.1272566167341
2040,"USA","Forest",1,2211.415206321,2439.93194015213,2224.78065209551,1.10333506488422,1.00604384275567,1.09681048674841,1.10860663935812,1.00348997840084,1.01061597438423
2040,"USA","Grassland",1,1206.06407116,1347.03136427544,1212.82672262863,1.11688209315436,1.0056072074696,1.11271860739718,1.12234259822019,0.995167256639216,1.01929943742334
2040,"USA","Pasture",1,2315.49461268997,2616.37820693364,2284.3728212177,1.12994355184188,0.986559333240634,1.11988447297346,1.16397647642147,0.985388170598575,0.990541598511069
2040,"USA","Shrubland",1,977.399189,1242.2782731519,1011.92814369672,1.27100399420518,1.0353273821846,1.24175264240009,1.34482879401381,1.02951022375859,1.05000877397521
2045,"Africa_Eastern","Crop",2,564.012697394864,585.79979127475,561.466180522079,1.03862872942492,0.995485000808408,0.843149106167942,1.28473528728313,0.862981759226009,1.12515320053106
2045,"Africa_Eastern","Forest",2,292.218397,230.06643269693,238.22659835293,0.787309885547452,0.81523477234368,0.787309885547452,0.787309885547452,0.81523477234368,0.81523477234368
2045,"Africa_Eastern","Grassland",2,988.5446326,991.783114742376,956.239996079499,1.003276010041,0.967321013685001,0.988507419096136,1.0522832773599,0.962905556249032,0.981973021023249
2045,"Africa_Eastern","Pasture",2,2335.6781321,2376.93524057296,2282.18965143713,1.01766386725378,0.977099378579712,0.988049498857262,1.07893954707136,0.965587475821884,1.00356462284558
2045,"Africa_Eastern","Shrubland",2,551.868344,425.6860881224,433.16482230103,0.77135442311654,0.784906086769547,0.770414787592217,0.772436061848084,0.778222969918761,0.790711808978874
2045,"Africa_Northern","Crop",3,216.98105589155,239.598615398471,223.001986388426,1.104237484761,1.02774864594578,0.549153484571364,1.21884890020294,0.670122777809911,1.07259430213045
2045,"Africa_Northern","Forest",3,62.223967,36.26523102548,42.70860585686,0.582817727218838,0.686369061889931,0.582817727218838,0.582817727218838,0.686369061889931,0.686369061889931
2045,"Africa_Northern","Grassland",3,47.293264,53.46439641444,47.74564576133,1.13048649834023,1.00956545865242,1.08758042127469,1.15392837270943,0.993394020173524,1.01840077651689
2045,"Africa_Northern","Pasture",3,706.72481,825.3101717146,721.8451612525,1.16779566818179,1.02139496312928,1.15422843281317,1.17156511824418,1.01539626853419,1.02306401378595
2045,"Africa_Northern","Shrubland",3,55.6661699,68.20825757666,58.70643488498,1.22530897489788,1.05461602604314,1.18970742323591,1.25130484571739,1.04138058301006,1.06428040445545
2045,"Africa_Southern","Crop",4,364.369471187374,412.020023520528,376.797786266094,1.13077536978571,1.03410910095794,1.0104734634736,1.2981258982543,1.00137697246448,1.13082635113884
2045,"Africa_Southern","Forest",4,683.617527612,836.387080189079,748.702506732879,1.22347225810715,1.09520671500076,1.22105953149119,1.2256409993183,1.09094459865331,1.1030815819694
2045,"Africa_Southern","Grassland",4,1910.4992799,2167.41490164605,2009.37646794024,1.13447564437685,1.05175463245682,1.13430806150726,1.13452353874133,1.05053412579569,1.05602519770676
2045,"Africa_Southern","Pasture",4,2052.60828957,2268.38183081519,2124.58242463295,1.10512163589205,1.03506472005822,1.04672554253613,1.11182800713569,1.00809947401944,1.03834546180849
2045,"Africa_Southern","Shrubland",4,323.35155674,297.232830182285,297.535518119185,0.919224985891389,0.920161081390514,0.905023824015172,0.935156025657804,0.90624647834762,0.935770655898744
2045,"Africa_Western","Crop",5,1373.54245413051,1480.86662949551,1421.32289948957,1.07813677330632,1.03478628943385,0.942118920593422,1.17090873915083,0.988797378553147,1.07915092816275
2045,"Africa_Western","Forest",5,2544.103008848,2770.5025085612,2601.24744043801,1.08898991075668,1.02246152431378,1.0886139907807,1.09333384530741,1.02178845298957,1.02434331294585
2045,"Africa_Western","Grassland",5,2080.09681783,2165.55585603194,2093.08160564901,1.04108416371268,1.00624239588644,1.03982771671493,1.04738463022849,1.00493112206518,1.01281779207797
2045,"Africa_Western","Pasture",5,2207.20639988,2329.25263709459,2256.99532350686,1.05529443790179,1.02255743895522,1.05037507429852,1.06390662111601,1.01300962883086,1.02846613189339
2045,"Africa_Western","Shrubland",5,259.6309991,259.6309991,259.6309991,1,1,1,1,1,1
2045,"Argentina","Crop",31,445.951203800833,468.305305451979,424.865161746949,1.0501267884482,0.95271670560777,0.788781311017176,1.91295090091629,0.778070394971088,1.46549743548736
2045,"Argentina","Forest",31,156.4505403,152.045689982033,153.186381929385,0.971845093602614,0.979136164283254,0.938463605030945,1.08588745935135,0.96459578627787,1.02868671301044
2045,"Argentina","Grassland",31,708.082193,700.291894925344,669.489210340456,0.988998031370271,0.945496464900447,0.876478765376578,1.06984976631508,0.878955930154604,0.993309767190013
2045,"Argentina","Pasture",31,1032.17112527,1050.32594339912,964.549019177019,1.01758896144704,0.934485566939986,0.955391047139845,1.08474381092618,0.889596805336526,0.983773682271123
2045,"Argentina","Shrubland",31,170.1851793,181.629885758262,164.131931028102,1.06724854952315,0.964431401742524,1.05814688259502,1.14156932066406,0.96086852669012,0.993524492432875
2045,"Australia_NZ","Crop",6,366.798442532749,370.004357792724,354.268615250089,1.0087402641021,0.965840020486069,0.891648306292686,1.08815090000261,0.918306191669147,1.0210282043852
2045,"Australia_NZ","Forest",6,250.9297684,248.363850707086,243.943198451006,0.989774359139312,0.972157269368469,0.978020204950644,1.00084766121974,0.965090792144798,0.978843594110796
2045,"Australia_NZ","Grassland",6,1421.931,1439.8580714502,1373.1623361515,1.01260755370704,0.965702510284606,1.00385007686375,1.01948286576997,0.963984670114932,0.967890621219596
2045,"Australia_NZ","Pasture",6,3358.173268,3402.98857683992,3249.12968506885,1.01334514489379,0.967528899127921,1.00127656662383,1.04057029937854,0.960565058543228,0.976594897382314
2045,"Australia_NZ","Shrubland",6,2284.889492,2973.86144287458,2485.47586710595,1.30153403623538,1.08778821724563,1.28371137213108,1.33639737108152,1.08473605107823,1.09375863168408
2045,"Brazil","Crop",7,778.089769364974,717.681632761015,756.046444684163,0.922363538267236,0.971669946645358,0.864050440172163,1.13088663043956,0.926338515801194,1.05846037033572
2045,"Brazil","Forest",7,4182.77713817,3961.48588050221,4174.01005740912,0.947094657363313,0.997904004810374,0.941361183486435,0.955740856721433,0.993966709644524,1.00081031020649
2045,"Brazil","Grassland",7,919.0773877,801.780404975726,858.78763737669,0.872375292555275,0.934401878307347,0.853893854855855,0.876162035142194,0.928476854938778,0.935615882254614
2045,"Brazil","Pasture",7,1823.4996538805,1680.79091442629,1732.44504508697,0.921739091559179,0.95006601257107,0.88834716905899,0.941458073265681,0.936148931593823,0.955840117920788
2045,"Brazil","Shrubland",7,566.5530159,666.794213711715,610.952042077123,1.1769317168888,1.07836693995282,1.15030150560142,1.1809820300796,1.06743888581039,1.08002903873849
2045,"Canada","Crop",8,537.530909433534,681.46703533357,582.663968895082,1.26777274269069,1.08396365431173,0.98340228361184,1.48508655252073,0.979249690432512,1.21863192648403
2045,"Canada","Forest",8,3921.0139933,4127.2199186198,3910.63204431177,1.05258994884286,0.997352228529158,1.05089439342025,1.05638209048318,0.995151884720957,0.998238723003781
2045,"Canada","Grassland",8,1110.467258,1208.962826328,1118.36625229698,1.08869740878754,1.00711321674734,1.08775043838326,1.09399580936813,1.00549696449061,1.01615632079446
2045,"Canada","Pasture",8,117.50972864,128.349290014531,118.991509195406,1.09224394864989,1.01260985428658,1.09019664034173,1.09908627005264,1.00870425925772,1.01457385763806
2045,"Canada","Shrubland",8,881.8013703,937.058437225999,887.317366477571,1.06266384787676,1.00625537265347,0.993496086727819,1.06376591342854,0.961995589262062,1.00696057377311
2045,"Central America and Caribbean","Crop",9,125.804162105308,128.726619967083,132.706736641849,1.02323021601884,1.05486761662752,0.982835719688192,1.09444536873114,1,1.07880719308726
2045,"Central America and Caribbean","Forest",9,326.07507,329.03679098514,336.97705739008,1.0090829421125,1.03343398006502,1.00721174257663,1.01343134406391,1.03270034525026,1.03564266697713
2045,"Central America and Caribbean","Grassland",9,67.189825,69.886706355074,71.531079662194,1.04013824050106,1.06461178701082,1.03893500120523,1.04335613677769,1.0621386672309,1.0712258021606
2045,"Central America and Caribbean","Pasture",9,131.1502657,136.02019879077,138.82678333044,1.03713246835435,1.05853223086867,1.03518616039606,1.05376751624803,1.05611079953672,1.07269216793779
2045,"Central America and Caribbean","Shrubland",9,4.11699607,4.1503263747541,4.1395221291049,1.00809578250438,1.00547147938009,1.00157916903535,1.0114561718187,1.00106727062021,1.00774257557523
2045,"Central Asia","Crop",10,355.489657846642,319.424104770467,354.963045469906,0.898546828915811,0.998518628136959,0.757195876942056,1.037322663024,0.911458475154548,1.05910181463765
2045,"Central Asia","Forest",10,40.6525622312,41.7125509397541,41.8436947274359,1.02607433948507,1.02930030558619,1.01374277969588,1.04126852715218,1.02724373862598,1.03169109231486
2045,"Central Asia","Grassland",10,608.8399883,551.004600202749,594.379741089968,0.905007244582047,0.97624951138573,0.904117153247606,0.905546033387985,0.968158931635692,0.989615332736788
2045,"Central Asia","Pasture",10,3619.464307666,3287.05301873326,3537.3952468866,0.908160086499902,0.977325633352545,0.899866725179749,0.912338003975686,0.974190424001272,0.983220070774325
2045,"Central Asia","Shrubland",10,602.4660409,566.521060682388,603.360025941647,0.94033691896739,1.00148387623693,0.93260829488057,0.969898866756944,0.995691014661689,1.02364154227367
2045,"China","Crop",11,1289.88808072095,1378.19648676152,1281.47585862824,1.06846206842318,0.993478331788279,0.935912719680239,1.14179008571553,0.900739860758103,1.04726202033152
2045,"China","Forest",11,1498.090998,1677.6113978455,1538.44407458337,1.11983277390036,1.02693633206343,1.11983277390036,1.11983277390036,1.02693633206343,1.02693633206343
2045,"China","Grassland",11,954.49527,1035.13375767921,977.03444836133,1.08448285728981,1.02361371404316,1.08111879770811,1.09040592666588,1.01865089427595,1.03235170606388
2045,"China","Pasture",11,3762.64106594348,3898.80092335407,3809.68582182505,1.03618730966475,1.01250312082845,1.0222235387299,1.05642326744343,1.00712846445539,1.01567826032277
2045,"China","Shrubland",11,572.8483228,591.166015115222,581.758838043394,1.03197651382776,1.01555475487794,1.02726400580238,1.03962104788875,1.00704375313635,1.02080140087248
2045,"Colombia","Crop",32,47.25958341707,45.3044119695588,47.7862193786887,0.958629101101958,1.01114347447736,0.884511160860185,1.00922425880744,0.993048550739773,1.04263389867165
2045,"Colombia","Forest",32,583.6309,584.28617471056,582.45223188679,1.00112275534171,0.997980456289737,0.998970180061876,1.00236927996065,0.997750207037806,0.999481892176618
2045,"Colombia","Grassland",32,102.0968,97.62758692301,101.44672299178,0.956225728161999,0.993632738653709,0.955178814904501,0.958668439174595,0.991009530683532,0.999753340290175
2045,"Colombia","Pasture",32,380.603771,371.340397757114,386.834773923057,0.975661372932414,1.01637136412675,0.974383582275988,0.980552848886582,1.0153048871095,1.01976162859182
2045,"Colombia","Shrubland",32,14.239447,14.73851396341,14.90856903858,1.03504819838931,1.04699073205441,1.02284158315258,1.05398557344553,1.04105173989019,1.05620450015382
2045,"EU-12","Crop",12,448.454170001661,451.451920555268,454.728366052149,1.00668463079203,1.01399071849519,0.778809712949275,1.13820843879374,0.935712454490452,1.08077436177064
2045,"EU-12","Forest",12,353.291741,376.733219086698,369.73384245047,1.06635161642994,1.04653972777266,1.06613726261034,1.06878336711732,1.04579409397919,1.04828484894404
2045,"EU-12","Grassland",12,152.2014383,138.649015837143,148.08546047898,0.910957329876578,0.972957037285633,0.908713433293612,0.918359579279157,0.971191298633335,0.978781921544252
2045,"EU-12","Pasture",12,79.109097151,67.8593198833045,76.0302256167703,0.857794139070727,0.961080689261907,0.83860015192813,0.860864303135274,0.954372156839978,0.964345843143175
2045,"EU-12","Shrubland",12,3.2141739,3.3303058044125,3.152415405849,1.03613118270063,0.980785577858435,1.03507769686706,1.03644784721446,0.98062872091201,0.981307412682793
2045,"EU-15","Crop",13,1126.28285613562,1221.88199946802,1180.44167060644,1.08488022596775,1.04808633477441,0.965438836791129,1.13800170642797,0.950934513829093,1.07949281080766
2045,"EU-15","Forest",13,860.46317,922.87707819148,908.11427386564,1.07253524655969,1.05537843515794,1.07253524655969,1.07253524655969,1.05537843515794,1.05537843515794
2045,"EU-15","Grassland",13,465.9345451,515.049201457417,492.678977275145,1.10541106443798,1.05739954776138,1.10026020998992,1.11248975235316,1.04834168757565,1.06984753402864
2045,"EU-15","Pasture",13,317.056006197,334.665433989822,325.526984086782,1.05554043275837,1.02671760737603,1.02215349543889,1.07430256533484,1.02251435830449,1.02907966639263
2045,"EU-15","Shrubland",13,213.84472416,265.538344668061,229.33784423111,1.24173437390666,1.0724503264318,1.23744973791461,1.24420382799625,1.06958998447558,1.07741317394815
2045,"Europe_Eastern","Crop",14,395.707898960265,393.808025531039,394.883111840156,0.995198798320131,0.997915666777753,0.818513330535418,1.08143451583291,0.923966003888974,1.03248164631771
2045,"Europe_Eastern","Forest",14,185.315232,186.959528224163,188.838570249448,1.00887296854348,1.01901267484288,1.00844539038106,1.00924475886762,1.01749204169432,1.02471486680002
2045,"Europe_Eastern","Grassland",14,72.3914774,58.5766299598798,66.365151559422,0.809164725789666,0.916753655858141,0.80591858306047,0.809644096248447,0.916023083117253,0.921700859732597
2045,"Europe_Eastern","Pasture",14,89.66743634,73.1183587784481,82.6472681836149,0.815439380927528,0.921708833853952,0.814602114302827,0.825604627766932,0.920487811392392,0.9301531379728
2045,"Europe_Eastern","Shrubland",14,3.9419844,4.1428671821924,3.9804486280364,1.05095981155897,1.00975757997327,1.04899218986863,1.06334142213342,1.00880827337539,1.01573126112776
2045,"Europe_Non_EU","Crop",15,349.26662988908,312.642324773036,334.438305715762,0.89513940931696,0.957544400454098,0.730094080259686,1,0.888022616767927,1
2045,"Europe_Non_EU","Forest",15,201.8193179,199.619877313512,199.695863390089,0.989101932315629,0.989478437782832,0.988068238676105,0.996427270848366,0.989208041700505,0.991672775490894
2045,"Europe_Non_EU","Grassland",15,220.72014,215.53985212369,222.65609091144,0.976530062565609,1.00877106598175,0.968536230457077,0.978459738568054,1.00036122943075,1.01080116363161
2045,"Europe_Non_EU","Pasture",15,138.06443488,133.753043783587,138.33077883687,0.968772616205176,1.00192912792568,0.943548106135948,0.97392458506125,0.98435118503308,1.00562252946069
2045,"Europe_Non_EU","Shrubland",15,63.475234,68.01282700076,66.02701122676,1.07148603817294,1.04020114721846,1.03563180663265,1.07876579933075,1.0248462488236,1.04331877066526
2045,"European Free Trade Association","Crop",16,90.1606672943815,95.5176890307394,90.6471832930566,1.05941639405648,1.00539610024277,0.819414948919149,1.21106967386411,0.927601933508884,1.12063687358854
2045,"European Free Trade Association","Forest",16,97.26532308195,102.631162385363,100.8124570321,1.05516703315623,1.03646863895328,1.05434113487281,1.05624874223885,1.03553225496736,1.03757452177323
2045,"European Free Trade Association","Grassland",16,63.09476215,74.93382934467,69.9426669365535,1.18763946152177,1.10853364927937,1.18590519086082,1.19522649247164,1.10723948284722,1.11419532654587
2045,"European Free Trade Association","Pasture",16,19.868819863245,21.1229378938913,20.841653723663,1.06311990542358,1.04896284062737,1.05686092135579,1.08557286176777,1.04760532132545,1.05708035313881
2045,"European Free Trade Association","Shrubland",16,5.69536747554,6.62871081744022,6.21463639941858,1.16387763316567,1.09117391039449,1.15363579911198,1.16392010175201,1.08505422015628,1.09119928618089
2045,"India","Crop",17,1452.62702149836,1865.34403673071,1705.13691944292,1.28411767723186,1.17382982293975,1.04586349404525,1.37296865273645,1.02359025305041,1.21768854078052
2045,"India","Forest",17,765.9461669,964.421050723391,881.885383843853,1.2591238032128,1.15136731790576,1.2591238032128,1.2591238032128,1.15136731790576,1.15136731790576
2045,"India","Grassland",17,289.422071,352.067565292871,323.384352346889,1.21645030068516,1.11734516731756,1.20307503591816,1.21987954653466,1.11641559189078,1.12097083838335
2045,"India","Pasture",17,84.738121519541,102.818202573754,95.8701274182123,1.2133641946505,1.1313695146771,1.20846507837075,1.21546374789854,1.12532921896402,1.15071864671809
2045,"India","Shrubland",17,182.5168317,170.1747621612,183.69591830584,0.932378458338098,1.006460152715,0.922986239385061,0.934928336654493,1.00054070402058,1.00806721425673
2045,"Indonesia","Crop",18,459.167293886822,469.804890237339,456.267557312183,1.02316714733854,0.993684792856014,0.843758555825383,1.09150801489419,0.904312636655475,1.01660796479254
2045,"Indonesia","Forest",18,1026.1155811,1072.86576134964,1029.03273278636,1.04556034535557,1.00284290750485,1.04368668541224,1.05283783616068,1.00242915764792,1.00469876797557
2045,"Indonesia","Grassland",18,186.82419,170.790003405772,174.361127646278,0.914174997390713,0.933289889528107,0.907926608368399,0.925387722569295,0.929908841146401,0.939357176021341
2045,"Indonesia","Pasture",18,101.519466789,87.5563288779521,93.0220240811894,0.862458518029166,0.916297406038668,0.858188751389201,0.874789067401077,0.915816344704348,0.917668312867231
2045,"Japan","Crop",19,91.96487746689,88.2874935105413,89.5156632131721,0.960013169618231,0.973367938704646,0.875947,1.02179,0.927141,1.01236
2045,"Japan","Forest",19,202.3465861,191.0797313224,194.7341030928,0.94431902709724,0.962378989663617,0.944260339647213,0.944413605321166,0.962339337318318,0.962442891714073
2045,"Japan","Grassland",19,41.9633,40.4417527053,40.7338592366,0.963741,0.970702,0.963741,0.963741,0.970702,0.970702
2045,"Japan","Shrubland",19,27.5183851,26.325829759,26.9618977455,0.956663323931752,0.979777615856535,0.956638021412241,0.956690486211622,0.979765808830345,0.979790290710898
2045,"Mexico","Crop",20,246.859060355336,257.467592877435,238.143748069983,1.04297404562275,0.964695189745889,0.905412683655727,1.226343625966,0.879463964887633,1.06346646403913
2045,"Mexico","Forest",20,409.3966513,477.164070204243,422.150256927275,1.1655299785405,1.0311521982087,1.15451902143241,1.1680155087208,1.02800440772138,1.03195694118248
2045,"Mexico","Grassland",20,148.219985001,147.37271226996,139.138317060842,0.994283680901504,0.938728451901431,0.979489813258843,0.998591253390614,0.916249550891221,0.945273697398814
2045,"Mexico","Pasture",20,760.99631439,791.356150881122,700.655045128168,1.03989485351904,0.920707540732046,1.0107727331736,1.14488552258017,0.910830043180798,0.956357580568532
2045,"Mexico","Shrubland",20,279.303412,295.1124883958,257.48767223828,1.05660180189922,0.921892326321742,1.04039814118922,1.09568322675406,0.902485974215208,0.929938449161968
2045,"Middle East","Crop",21,316.463779297997,352.535644837493,331.149790672799,1.11398418365449,1.04640661059973,0.862274135902334,1.21663252915627,0.897983986890606,1.09710702811042
2045,"Middle East","Forest",21,13.912696712,14.0682259442365,13.4470594842605,1.011178942189,0.966531490092942,1.01114420459221,1.06404,0.966515770094134,0.990453
2045,"Middle East","Grassland",21,191.6113669,207.90730740117,193.74916372079,1.08504683602448,1.01115694154985,1.07515286693543,1.09914669020835,1.00297817005184,1.01689604433292
2045,"Middle East","Pasture",21,1960.87070923,2049.31574276906,2002.4714981971,1.0451049797025,1.0212154675835,1.0443551234834,1.04559442771561,1.01883624966957,1.02480811050826
2045,"Middle East","Shrubland",21,836.9825937,819.114490170668,813.095167140765,0.978651762098966,0.971460067701483,0.909933853281348,1.09046761689023,0.943256809496906,1.01735161880228
2045,"Pakistan","Crop",22,176.646324961806,142.139167925992,178.126306069385,0.804653977130435,1.00837821623461,0.72339294065296,1.05257468462475,0.879967,1.04144068607631
2045,"Pakistan","Forest",22,40.952,32.333610648,36.157421744,0.789549,0.882922,0.789549,0.789549,0.882922,0.882922
2045,"Pakistan","Grassland",22,12.5819942,13.3366378504548,12.837674242434,1.05997806376789,1.02032110636595,1.05817984407549,1.06100861865938,1.02030513552373,1.02034897395769
2045,"Pakistan","Pasture",22,108.541873141,113.595918718911,110.929364397954,1.04656309525215,1.02199603883612,1.03797876375767,1.08315672633132,1.02198172367857,1.02200903253724
2045,"Pakistan","Shrubland",22,175.786845,205.41894592745,145.44970335065,1.16856836430195,0.827420865029178,1.16181395353671,1.18249970269572,0.821938908326282,0.838727697933248
2045,"Russia","Crop",23,1095.75040868743,1183.38193006467,1140.14309643993,1.07997398009845,1.04051350325818,1.03356320043389,1.22642265187281,1.01563519045968,1.09704328196863
2045,"Russia","Forest",23,4950.055912584,5359.40733735373,5105.8854733681,1.08269632343527,1.03148036376477,1.06028436441173,1.0939881855754,1.02661143510017,1.03397439452329
2045,"Russia","Grassland",23,3706.35180767,4138.11724284203,3845.84770084972,1.11649337612218,1.03763698116597,1.10138884894754,1.12065635134734,1.03388849585732,1.05123761416182
2045,"Russia","Pasture",23,843.019830971781,932.674438798626,887.208712865673,1.10634934616366,1.05241736940275,1.07868335990054,1.1191153060809,1.03170174014213,1.06176674492203
2045,"Russia","Shrubland",23,2060.63830726,2410.46440584071,2157.21742750751,1.16976589115528,1.04686854549255,1.16938273105592,1.174073250523,1.04547996261723,1.06247853584862
2045,"South Africa","Crop",24,75.9981549598217,72.7659439313613,74.287871296103,0.957469875023029,0.977495721249774,0.815506795644267,1.28965535825596,0.90968375144877,1.10906795383009
2045,"South Africa","Forest",24,25.221757,28.41764179174,25.0464814909,1.12671142584317,0.993050622559721,1.12671142584317,1.12671142584317,0.993050622559721,0.993050622559721
2045,"South Africa","Grassland",24,193.63255,210.2748362759,200.36062690889,1.08594777208636,1.03474662141716,1.01878854618214,1.09341021874111,1.00679278499875,1.0378527324579
2045,"South Africa","Pasture",24,823.70463,844.8411000742,829.35435939681,1.02566025405757,1.00685892635666,0.989424470669502,1.04061243092502,0.991595446436383,1.01316685152328
2045,"South Africa","Shrubland",24,56.74951,50.43059346036,51.64627972872,0.888652491631381,0.910074461060897,0.87386093909705,0.895935022013248,0.893912816823262,0.918031547709397
2045,"South America_Northern","Crop",25,38.003431233956,36.8605232746814,38.7847404093768,0.969926190289539,1.02055891139437,0.844963619032666,1.18840777794393,0.991480560346093,1.04644026735742
2045,"South America_Northern","Forest",25,899.7694407671,710.651089531859,873.204912275462,0.789814653991796,0.970476293939267,0.734149277480491,0.853381524697265,0.959503059897001,0.982963365412693
2045,"South America_Northern","Grassland",25,182.5068847,176.019834598924,189.783519799595,0.964455860874842,1.0398704690596,0.962770585175892,0.968001931946015,1.03982161031797,1.03989368925127
2045,"South America_Northern","Pasture",25,191.50132338536,185.456087797764,200.289274129917,0.968432408295003,1.04588976508989,0.967616615949348,0.971186311710291,1.04562254549213,1.04809593976515
2045,"South America_Northern","Shrubland",25,8.540502,2.576519206914,6.731378332098,0.30168240776877,0.788171272847662,0.300473808507041,0.303025536122538,0.781086987125227,0.794545989359303
2045,"South America_Southern","Crop",26,227.259668419465,233.853643038169,222.31904369158,1.02901515550279,0.978260002039755,0.96259730121602,1.2055915303612,0.950687909132013,1.12358063799115
2045,"South America_Southern","Forest",26,1411.81421826,1460.5541225601,1418.79185607955,1.03452288811779,1.00494232012208,1.03250446508019,1.04459229682752,1.00407384262554,1.00928561251701
2045,"South America_Southern","Grassland",26,593.3990105,605.68125747002,587.090729307745,1.02069812512776,0.989369242144608,0.994223072710243,1.08841766140199,0.976874834393819,1.02132821565526
2045,"South America_Southern","Pasture",26,961.45669068,964.496319205967,935.475750644378,1.00316148252483,0.972977524325878,0.983102730167437,1.0590278119887,0.965396885302699,0.99387822333621
2045,"South America_Southern","Shrubland",26,148.0666068,156.936590602112,147.922695382632,1.05990536282156,0.999028062974642,1.05272262043602,1.08616622318559,0.997840630796721,1.0033694396999
2045,"South Asia","Crop",27,128.219370173416,148.921425441991,139.052601555614,1.16145809514253,1.08448981903082,1.01370063675303,1.23463773076738,0.996629249521835,1.13364254670996
2045,"South Asia","Forest",27,167.54189846,211.083982949161,187.097890732531,1.25988773488535,1.11672299557474,1.24423596539372,1.26879535621106,1.1114973034859,1.1197654798869
2045,"South Asia","Grassland",27,88.0386657,97.3473046757897,89.6292172234701,1.10573353085007,1.01806651101335,1.10342486797409,1.10967308731559,1.01549040912225,1.02246243168525
2045,"South Asia","Pasture",27,350.7422741,397.902688588468,352.707046366327,1.13445888326259,1.0056017549392,1.10226168188231,1.1970617853122,0.985077225584934,1.04459827176301
2045,"South Asia","Shrubland",27,139.63538,138.33385810389,132.62733088606,0.990679139512422,0.949811794733255,0.989985024052707,0.991276983764639,0.94515602789622,0.955217282410728
2045,"South Korea","Crop",28,18.12431341615,19.5663560795723,18.8094752067012,1.07956398845638,1.03780346183711,1.01211,1.0935,1.00037,1.04577
2045,"South Korea","Forest",28,30.89097,32.4179106471,31.5322665372,1.04943,1.02076,1.04943,1.04943,1.02076,1.02076
2045,"South Korea","Grassland",28,9.21293,9.8385800763,9.4639823425,1.06791,1.02725,1.06791,1.06791,1.02725,1.02725
2045,"South Korea","Pasture",28,0.67029768,0.7158175954488,0.68856329178,1.06791,1.02725,1.06791,1.06791,1.02725,1.02725
2045,"South Korea","Shrubland",28,38.83457,41.7370657618,40.7359105472,1.07474,1.04896,1.07474,1.07474,1.04896,1.04896
2045,"Southeast Asia","Crop",29,797.07210280981,870.644808374417,845.389983195158,1.09230370164161,1.0606192089963,0.980671212986356,1.1770542076649,1.00598281591834,1.11804434740587
2045,"Southeast Asia","Forest",29,1851.9868451433,1957.55700139467,1928.98913133729,1.0570037290104,1.04157820364433,1.05487902269609,1.06131066141882,1.04069325483007,1.04501474436128
2045,"Southeast Asia","Grassland",29,376.86923381,402.122374646893,395.104126477245,1.06700770073904,1.04838519844907,1.06436026504628,1.067623823798,1.04525129136602,1.04911453530276
2045,"Southeast Asia","Pasture",29,55.7959647069947,60.3705726424287,59.4571516953995,1.08198815020866,1.0656174153029,1.06119857950883,1.09394574630103,1.05803849281489,1.07535143260901
2045,"Southeast Asia","Shrubland",29,15.51680745,15.8236511551665,15.7335450596125,1.01977492510333,1.01396792544542,1.01610113371931,1.03045373778576,1.00996361761476,1.0256074685704
2045,"Taiwan","Crop",30,1.6687208972524,1.89950013525605,1.74502638804162,1.13829708633938,1.04572693427335,0.96235658129858,1.18341513746436,0.965179504023666,1.07101109057845
2045,"Taiwan","Forest",30,22.21464195,23.031967946856,22.2113641447125,1.03679222013551,0.999852448430414,1.03677927253382,1.03696653451336,0.999851118015288,0.999870359893127
2045,"Taiwan","Grassland",30,2.005535,1.996556219805,1.965053276025,0.995523,0.979815,0.995523,0.995523,0.979815,0.979815
2045,"Taiwan","Pasture",30,7.155432794,7.12217351486385,7.01008494165524,0.995351884352259,0.97968706344826,0.995198345096349,0.995362370538907,0.979572268084907,0.979694903564452
2045,"Taiwan","Shrubland",30,0.08218674,0.0878609125296,0.0828672462072,1.06904,1.00828,1.06904,1.06904,1.00828,1.00828
2045,"USA","Crop",1,1523.2763565574,1831.09055778893,1565.6324801295,1.20207377335468,1.02780593514089,0.649614088087593,1.49924942710112,0.901725254313714,1.14802619182683
2045,"USA","Forest",1,2205.674619821,2444.75644718893,2199.97459413489,1.10839396945472,0.997415744990268,1.09948777943745,1.13756498699949,0.992942494494116,1.00838216355767
2045,"USA","Grassland",1,1193.55612742,1360.18658823249,1194.47922848733,1.13960839962565,1.00077340398673,1.08992480222509,1.20357851237172,0.970520340470047,1.0397257340379
2045,"USA","Pasture",1,2238.25481993505,2400.86294823383,2117.22005131033,1.07264951552902,0.945924491015623,1.05978371472282,1.11420405571296,0.942979060313705,0.955424292323817
2045,"USA","Shrubland",1,972.744385,1211.63674505745,972.12534115313,1.24558595633266,0.999363610978983,1.21424806963411,1.25779448211406,0.964146919464653,1.01308323063375
2050,"Africa_Eastern","Crop",2,534.320430133878,603.443040633168,572.537576051167,1.12936546424394,1.07152477008546,0.865838019910775,1.34015442841764,0.902899727918866,1.21378075750802
2050,"Africa_Eastern","Forest",2,330.268311,240.49709642217,287.7356850644,0.728187017682632,0.871217962732125,0.728187017682632,0.728187017682632,0.871217962732125,0.871217962732125
2050,"Africa_Eastern","Grassland",2,1002.6771179,1142.97266025601,1055.19309705784,1.13992095745621,1.05237576306501,1.13577318856015,1.15394074935855,1.05222401223375,1.05242065869415
2050,"Africa_Eastern","Pasture",2,2318.6103801,2647.35913144546,2438.26141259603,1.14178697471857,1.05160463074045,1.13416247421709,1.17021404034968,1.04737286969936,1.05307003439979
2050,"Africa_Eastern","Shrubland",2,553.518539,305.96712799747,383.71787080363,0.552767624640428,0.6932339998889,0.538902660731821,0.568817126321713,0.692568744278014,0.693808705896481
2050,"Africa_Northern","Crop",3,226.362928542363,260.805005707436,237.501656625641,1.1521542303188,1.04920738636404,0.562235907568541,1.44551901541355,0.793622183257902,1.19020539564629
2050,"Africa_Northern","Forest",3,40.7040798,32.644713537123,34.1094086121088,0.802001020475667,0.837985007392522,0.802001020475667,0.802001020475667,0.837985007392522,0.837985007392522
2050,"Africa_Northern","Grassland",3,48.066759,56.58536939306,47.25676892266,1.17722456371689,0.98314864379893,1.10666155737395,1.21756150391749,0.978695360429933,0.990938948691931
2050,"Africa_Northern","Pasture",3,715.74321,898.6330327333,734.06462700653,1.25552435591153,1.02559775175028,1.24862966214049,1.25761344062627,1.01362388041005,1.04981451548164
2050,"Africa_Northern","Shrubland",3,57.9327022,73.91954190715,61.2955899775,1.27595536027232,1.05804817745063,1.25706036528154,1.29955532619255,1.03243176152628,1.09004323979959
2050,"Africa_Southern","Crop",4,374.742836437249,403.248876647488,376.162492613403,1.07606827252857,1.00378834773641,0.991999768315551,1.3197664472263,0.96027728172572,1.15250364007396
2050,"Africa_Southern","Forest",4,689.563526612,867.929031197785,766.786294323316,1.25866435462754,1.11198789485101,1.25153360636328,1.26524726636214,1.10394549073266,1.12127683569105
2050,"Africa_Southern","Grassland",4,1927.2706099,2073.63676544726,1961.70650236013,1.07594478678573,1.01786769968018,1.07300916050797,1.0767744101597,1.01645991795847,1.0228491420374
2050,"Africa_Southern","Pasture",4,2030.4321765,2142.0921155007,2045.91324671237,1.05499318829412,1.00762451974094,1.00233435359027,1.06109661502835,0.986838157733517,1.01040583726287
2050,"Africa_Southern","Shrubland",4,319.5297465,406.124607894044,348.948175305473,1.27100719836751,1.09206788766214,1.22845819189389,1.30798480842549,1.07860866567069,1.10376474979197
2050,"Africa_Western","Crop",5,1360.7651280696,1475.29595374285,1397.59494308949,1.08416649082985,1.02706551943474,0.923479710119884,1.14951460399554,0.978380206566404,1.07591695650455
2050,"Africa_Western","Forest",5,2610.373102848,2858.39004285359,2673.78081531894,1.09501206541509,1.02429067032669,1.09408619359167,1.10079634107699,1.0230867232546,1.02667802899666
2050,"Africa_Western","Grassland",5,2061.64759791,2172.65462442466,2073.56554530403,1.05384384151161,1.00578078785439,1.05317241084637,1.05717492000114,1.00447038961749,1.00604491899471
2050,"Africa_Western","Pasture",5,2188.57397609,2381.86894729227,2245.98595637853,1.08832005374915,1.02623259753417,1.06261839182381,1.09860427764329,1.00620327229702,1.02924600536637
2050,"Africa_Western","Shrubland",5,257.1898117,257.1898117,257.1898117,1,1,1,1,1,1
2050,"Argentina","Crop",31,466.127466448009,502.000310182087,457.247103355625,1.07695930044079,0.980948638019437,0.831060000146024,1.93600518343373,0.822138016306351,1.37264274823303
2050,"Argentina","Forest",31,157.70833105,155.957735305114,156.645398616517,0.988899789039485,0.993260137708601,0.951277179656523,1.11317499598846,0.977251324684057,1.04540606925455
2050,"Argentina","Grassland",31,705.990633,716.149702476422,684.569208821295,1.01438980774186,0.969657636833398,0.96524444942456,1.04945417009917,0.939486584713305,0.991184160201284
2050,"Argentina","Pasture",31,1017.246518345,988.53958844486,947.621120901693,0.97177977080045,0.931555039818093,0.937002268709133,1.01081265718078,0.904707611256841,0.961579839625701
2050,"Argentina","Shrubland",31,170.0335742,185.248633461586,168.212817740605,1.08948267619011,0.989291782708438,1.08383171897388,1.13558011657123,0.986935266752224,1.00851496024137
2050,"Australia_NZ","Crop",6,460.143724511984,323.907909980791,373.359227429953,0.703927691993016,0.811396977815849,0.443335902553415,1,0.659980021923053,1
2050,"Australia_NZ","Forest",6,269.4822374,230.464066864156,245.078926293606,0.85521060344349,0.909443711979532,0.815564354674411,0.890256873466914,0.893550513045717,0.923333144223777
2050,"Australia_NZ","Grassland",6,1406.477,1039.2604905895,1186.2021832111,0.738910405637277,0.84338541135838,0.703417596337211,0.766086479286617,0.827092181775806,0.85586078357753
2050,"Australia_NZ","Pasture",6,3302.239557,2418.43807602597,2765.1982684629,0.732363002223575,0.837370584638932,0.719004975509958,0.750752917501934,0.831953776710263,0.844473977954893
2050,"Australia_NZ","Shrubland",6,2269.923233,1645.07861307286,1853.27780100655,0.724728743755214,0.816449549510624,0.701369710987889,0.771324122483816,0.811148731808943,0.827023343847116
2050,"Brazil","Crop",7,786.743241853179,692.550077032059,740.052127122896,0.880274580307488,0.940652665003767,0.827223162340499,1.14132856078859,0.896562516975615,1.06070543926857
2050,"Brazil","Forest",7,4220.962209252,4025.52225039765,4224.79095256818,0.953697770990236,1.00090707832157,0.948135853394276,0.966052846901051,0.996488413830162,1.00454268402962
2050,"Brazil","Grassland",7,926.1270734,800.956393038808,865.31313144364,0.864845026178033,0.934335207658815,0.846395404787041,0.86859063283104,0.931174135859651,0.934976962376197
2050,"Brazil","Pasture",7,1780.18305173325,1602.75169004419,1668.04327160848,0.900329709623792,0.937006601643811,0.871329301956486,0.923891052599793,0.92974213394953,0.941197749371414
2050,"Brazil","Shrubland",7,569.4191794,706.712550978767,624.596306976571,1.24111125256342,1.09690071843859,1.20330612930681,1.24682789150074,1.08358504193542,1.09891422635015
2050,"Canada","Crop",8,577.436080014394,683.519780709732,589.240176568075,1.18371505412806,1.02044225666222,0.957088472009878,1.29464864013064,0.978414347971413,1.05784539267062
2050,"Canada","Forest",8,3911.8305755,4216.29821936155,3912.86666732378,1.07783252315896,1.00026486111905,1.07510725473504,1.08324676275484,0.999903351946641,1.00119917809336
2050,"Canada","Grassland",8,1102.374001,1209.41894582934,1099.70687559461,1.09710401799411,0.997580562129574,1.07689459870214,1.10054238489651,0.982437132671605,1.00015701748858
2050,"Canada","Pasture",8,110.02565481,120.656730803903,108.098704016978,1.0966236103049,0.982486350148521,1.08550814705828,1.11770519426839,0.977052414733673,0.995922035319929
2050,"Canada","Shrubland",8,881.2014948,995.62071436553,899.21507747644,1.12984455909428,1.02044207004044,1.04312737251368,1.13116631133687,0.971001903786323,1.02119564211994
2050,"Central America and Caribbean","Crop",9,144.455780197026,124.585404810695,138.920043546898,0.862446657660711,0.961678676737077,0.704044718928005,1,0.904585255174347,1.00513124817127
2050,"Central America and Caribbean","Forest",9,324.53216,306.35518794478,324.27874751993,0.943990228718103,0.999219145245667,0.941480287547361,0.944741612940584,0.996330433972462,1.00033812587755
2050,"Central America and Caribbean","Grassland",9,63.610223,54.271846694372,60.870255298977,0.853193781357629,0.956925670563629,0.83677049712424,0.859819798016631,0.948375153967995,0.960375398681382
2050,"Central America and Caribbean","Pasture",9,123.6557187,107.661431648197,119.512249737073,0.870654691752618,0.966491893731338,0.85747538434932,0.875327331329405,0.956196293189256,0.96881224447864
2050,"Central America and Caribbean","Shrubland",9,3.92136547,3.90700230226474,3.91845555048046,0.996337202475733,0.999257932079577,0.994708119755717,0.999268862606765,0.998927886528812,0.999851874529961
2050,"Central Asia","Crop",10,318.104287656838,411.132772707337,358.15374786713,1.29244649839758,1.12590040991053,0.988624885834463,1.46852264645046,0.949858171314155,1.21784000908182
2050,"Central Asia","Forest",10,40.7591703812,45.5867671564747,43.3808193064511,1.11844197833578,1.06432046827087,1.07268065284635,1.17234993175927,1.048740410388,1.08138897348834
2050,"Central Asia","Grassland",10,614.7847504,736.62309385449,667.147958013842,1.19818049061109,1.08517323759214,1.17108103973601,1.24181938835564,1.06679943494816,1.11476101405503
2050,"Central Asia","Pasture",10,3646.404679499,4346.39222975728,3935.69137328448,1.19196650174178,1.07933477471986,1.15973757427202,1.25615854454973,1.06190128223011,1.11403500623713
2050,"Central Asia","Shrubland",10,604.833808,748.321799087556,668.55319852971,1.23723540117909,1.10535024611209,1.19715736401929,1.24791202463532,1.09423187676295,1.1083121337543
2050,"China","Crop",11,1293.21345407762,1466.12671245196,1312.83625587347,1.13370821176437,1.01517367588002,1.00307536113955,1.26763350755896,0.958562605430749,1.08451877522549
2050,"China","Forest",11,1494.585969,1692.56022296454,1522.7492586142,1.13246093437971,1.01884353941382,1.13246093437971,1.13246093437971,1.01884353941382,1.01884353941382
2050,"China","Grassland",11,959.329588,1129.745152957,1006.04365593194,1.17764026783776,1.04869449302541,1.16235651999682,1.20476392711737,1.04050943852323,1.0632202907429
2050,"China","Pasture",11,3753.51631672761,4322.30455486585,3932.67727022118,1.15153477170285,1.04773149718176,1.13282006699808,1.17909836687679,1.04445287202704,1.05227425031763
2050,"China","Shrubland",11,576.6812407,656.612128381182,604.621102491769,1.13860497279946,1.04844940292813,1.13115219446997,1.14327987890763,1.03918457724234,1.05426095243019
2050,"Colombia","Crop",32,50.727698884337,48.816896975391,51.4009998033577,0.962332178455348,1.01327284568054,0.895015964122701,1.03135635183255,0.994830159430376,1.03682308857689
2050,"Colombia","Forest",32,581.72917,590.33053121496,585.03021974382,1.0147858516618,1.00567454739088,1.01341918344138,1.01628499905468,1.00542083374672,1.00975757691755
2050,"Colombia","Grassland",32,103.09469,99.51554234541,103.08197887383,0.965282909773627,0.999876704356257,0.963177809031074,0.966172703641032,0.998143319668601,1.00397759730099
2050,"Colombia","Pasture",32,378.112828,369.911404187968,386.000126607464,0.978309585910077,1.0208596430044,0.976049801010498,0.986109791061676,1.01890921690382,1.02674059692641
2050,"Colombia","Shrubland",32,14.262481,12.28148312973,13.37589722448,0.861104258770266,0.937838039852954,0.845490147830075,0.885392474161118,0.929073256281724,0.951471922182064
2050,"EU-12","Crop",12,472.850470608739,374.402527900216,442.971099848113,0.791798996029796,0.936810106750747,0.499362990833269,1.00204226982118,0.828824685664056,1.01089045252826
2050,"EU-12","Forest",12,364.48137801,336.644027916293,366.930722104978,0.923624767208427,1.00672008020917,0.923441060897038,0.92689755590559,1.00516632128768,1.00736717284307
2050,"EU-12","Grassland",12,135.6649424,90.849700346577,119.225489639076,0.669662322036832,0.878823132416529,0.668526942623889,0.672877459788854,0.877663650860385,0.882106521987836
2050,"EU-12","Pasture",12,65.13416117,38.8465095338924,55.9859130964765,0.59640761216688,0.859547618189991,0.580300026044584,0.604525178707297,0.855654221765426,0.861308080736118
2050,"EU-12","Shrubland",12,2.7619839,2.36627407394,2.5990449364672,0.856729857817057,0.941006548397042,0.853691549868709,0.864988270516619,0.939266373239946,0.945736511541377
2050,"EU-15","Crop",13,1155.02827896787,1201.9480046172,1179.82356175537,1.04062214449957,1.02146725170197,0.895235369841518,1.08471682660256,0.958188504694376,1.03974203645885
2050,"EU-15","Forest",13,911.22331,915.64263778362,924.52285562603,1.00484988447411,1.01459526493679,1.00484988447411,1.00484988447411,1.01459526493679,1.01459526493679
2050,"EU-15","Grassland",13,441.8937883,504.192629747033,474.347104003569,1.140981482647,1.0734414390128,1.13532147915878,1.14806650183803,1.06587624564904,1.08291131659816
2050,"EU-15","Pasture",13,282.883977347,296.26568520791,289.164710434786,1.04730458043757,1.02220250558794,0.993527199768331,1.08364274443421,1.0039254748918,1.03455256300136
2050,"EU-15","Shrubland",13,205.31776217,250.846175432027,220.156137727522,1.22174610116942,1.07227029654276,1.22118747709344,1.22208965949452,1.06814041560674,1.07898546178009
2050,"Europe_Eastern","Crop",14,465.864143872688,267.20939711243,384.195004504881,0.573577942468682,0.824693227753271,0.305814122362126,1,0.708559186221687,1
2050,"Europe_Eastern","Forest",14,170.245917,134.30910754046,160.174130450037,0.788912356356012,0.94083977620466,0.784377820923877,0.807085758602386,0.935995906663179,0.959280553791651
2050,"Europe_Eastern","Grassland",14,56.2670095,16.847329836042,39.730530410294,0.299417544770031,0.706107020141065,0.296851833379755,0.312350310764183,0.703732541435205,0.718075855598307
2050,"Europe_Eastern","Pasture",14,78.26826272,24.0177686588164,55.501604972587,0.306864721716623,0.709120185421013,0.303344076264005,0.317393060657419,0.706348502361069,0.715467410264583
2050,"Europe_Eastern","Shrubland",14,3.0344699,0.9656016376951,2.133744224802,0.318210979023091,0.703168690123438,0.315807506271506,0.318731913136412,0.70149733000333,0.703530944491263
2050,"Europe_Non_EU","Crop",15,361.291103751051,338.661963112036,349.402263562277,0.93736590687102,0.967093459912687,0.502781803403366,1.14055684209701,0.77807594676755,1.03445698969378
2050,"Europe_Non_EU","Forest",15,209.2216069,202.787376601718,205.364585313489,0.969246817316737,0.981564898369439,0.968443175093664,0.973986500992063,0.979707244020058,0.982053619317536
2050,"Europe_Non_EU","Grassland",15,215.33634,222.25021533531,217.25802194701,1.03210733188513,1.00892409496237,1.00388764689747,1.03913215223511,0.99843068775661,1.01153625383346
2050,"Europe_Non_EU","Pasture",15,129.59963288,130.80840085808,129.061347607759,1.00932693983168,0.995846552491864,0.918413253303729,1.03187338730113,0.961670337128924,1.00435104392102
2050,"Europe_Non_EU","Shrubland",15,61.769339,70.34333672816,64.85048728729,1.13880669385437,1.0498815162534,1.12545322258949,1.14160854029968,1.04923217547109,1.0529762445502
2050,"European Free Trade Association","Crop",16,90.4540654393263,109.340092105683,95.3889780680278,1.20879135254595,1.05455711254915,0.970957994832627,1.44241092097829,0.994223216441558,1.20583104496472
2050,"European Free Trade Association","Forest",16,97.41593709741,118.484422162482,106.097188858652,1.2162734937714,1.08911531336563,1.21536045053729,1.21838573387738,1.08802722184833,1.09047350160779
2050,"European Free Trade Association","Grassland",16,62.664224258,87.1074169630049,74.1627400960482,1.39006615009495,1.18349410647304,1.38938965737159,1.39313832238454,1.18332246409755,1.18427359002325
2050,"European Free Trade Association","Pasture",16,20.0017741227611,23.3310024113892,22.1447222961094,1.16644664959193,1.10713790487764,1.07547875693149,1.20453936486836,1.03016052059432,1.14021236487802
2050,"European Free Trade Association","Shrubland",16,5.69447461975,7.88915868207551,6.69660220348733,1.38540589060029,1.17598244801402,1.35898864431865,1.38551127325875,1.1606507340032,1.17604360869534
2050,"India","Crop",17,1573.64772528126,1700.87681146813,1631.32302738002,1.08084978876967,1.03665070725308,0.853604548646781,1.20824205164641,0.940756889236242,1.09210976950599
2050,"India","Forest",17,865.87127778,928.115326652452,895.158975103719,1.07188603025618,1.03382453959994,1.07188603025618,1.07188603025618,1.03382453959994,1.03382453959994
2050,"India","Grassland",17,220.9482361,245.822236499478,226.418312205694,1.11257840677316,1.02475727438357,1.07810276008817,1.12515623115337,1.02333623091307,1.02527571673135
2050,"India","Pasture",17,60.9773922360662,65.8757891179655,62.7846599580551,1.08033136056287,1.02963832423322,1.04137864317925,1.10079585766271,1.02744941722231,1.03197029479615
2050,"India","Shrubland",17,139.3094869,137.693800179032,132.579054995204,0.988402177361203,0.951687196223562,0.925346311168145,1.01289279893883,0.935469757125166,0.957985978365432
2050,"Indonesia","Crop",18,474.722094710016,488.597519920568,467.797463842786,1.02922852204515,0.985413295600955,0.836702781048346,1.08291432548126,0.860225929765265,1.01626974048195
2050,"Indonesia","Forest",18,1018.3394641,1091.3966794606,1030.8421087232,1.07174151443219,1.01227748217953,1.06997705197438,1.07921594258851,1.01152015069288,1.01407915427639
2050,"Indonesia","Grassland",18,185.352548,173.104369185497,173.107734014688,0.933919555211601,0.933937708882686,0.925017864887586,0.949697675709917,0.928270971858576,0.943981920301438
2050,"Indonesia","Pasture",18,101.063621355,85.9320972030688,90.2349661518506,0.850277241711143,0.892853085433064,0.846510705852818,0.862805970391899,0.889131501921348,0.896729830430447
2050,"Japan","Crop",19,101.68284686292,95.5811271379508,98.5917662268244,0.93999263481288,0.969600766191541,0.8672,0.964090956666091,0.925991,0.991824609999684
2050,"Japan","Forest",19,195.7147837,183.2946816286,188.8543401798,0.936539785924205,0.96494672813927,0.936470801036811,0.936645747648925,0.964908623225076,0.965005257805417
2050,"Japan","Grassland",19,40.3075,38.617084065,39.3269394475,0.958062,0.975673,0.958062,0.958062,0.975673,0.975673
2050,"Japan","Shrubland",19,26.5591852,25.4559256413,26.1215041861,0.958460338659034,0.983520540611313,0.958434890361295,0.958485818146396,0.983510444857628,0.98353064873843
2050,"Mexico","Crop",20,275.35560538075,299.403310551991,276.125502806922,1.08733326905762,1.00279601145256,0.927516081796942,1.36828256513154,0.927646168002705,1.15666265788913
2050,"Mexico","Forest",20,411.0826722,474.190987348353,426.384732851465,1.1535173321965,1.03722380359545,1.13288135768615,1.15776980996727,1.0275505182372,1.03925664807563
2050,"Mexico","Grassland",20,145.926515831,147.7965125277,140.892414160362,1.01281464637219,0.965502488413634,0.988492189189913,1.02004106082301,0.937255577266308,0.973894892411974
2050,"Mexico","Pasture",20,741.32884187,807.815502648288,721.092951908985,1.08968578722848,0.972703220462906,1.08177705269187,1.11667820301172,0.940068643031442,0.98202007805971
2050,"Mexico","Shrubland",20,275.813789,340.5967920742,287.00114416499,1.23487949354918,1.04056126129716,1.19666617262236,1.32541680185464,1.03992108148719,1.04207801397452
2050,"Middle East","Crop",21,327.055967812658,425.93677620297,364.66877131745,1.30233604679843,1.11500418034364,0.743710963403442,1.46607296624935,0.81331765266387,1.20010089677364
2050,"Middle East","Forest",21,13.958925907,14.8854995062593,13.36149592242,1.06637857421356,0.957200862834266,1.06629692304549,1.19119,0.957153519215329,1.02957
2050,"Middle East","Grassland",21,191.105971,252.723000022806,208.351113544985,1.3224233586234,1.09023863804331,1.31031551532933,1.33095782577525,1.07398978865881,1.10169198014225
2050,"Middle East","Pasture",21,1954.89168615,2375.99804505025,2044.25140457446,1.21541160662951,1.04571082840935,1.18668654342583,1.25970478643695,1.03707608625143,1.05899681744736
2050,"Middle East","Shrubland",21,835.0891862,1111.82619999392,904.167308347537,1.33138617810774,1.08271945474695,1.27785477764349,1.36408908647671,1.07515426930572,1.08734110791001
2050,"Pakistan","Crop",22,141.683282275273,151.140803091834,149.322395235153,1.06675114145215,1.05391682658112,0.313345,1.2890819273585,0.472454,1.20667026290258
2050,"Pakistan","Forest",22,87.5966,28.0293352612,40.7926854608,0.319982,0.465688,0.319982,0.319982,0.465688,0.465688
2050,"Pakistan","Grassland",22,11.9622877,11.162741896928,11.2231658541167,0.933161129114793,0.938212333257684,0.932800592131009,0.933888580110224,0.938064667648967,0.938510276322845
2050,"Pakistan","Pasture",22,118.81921907,114.587147057159,110.28218576073,0.964382260328209,0.928151073739671,0.964112870336302,0.98348709909009,0.925177981638671,0.930549092151752
2050,"Pakistan","Shrubland",22,159.610651,155.66156776828,113.30606752376,0.975258021899052,0.709890391486217,0.950431528272922,1.01946737711975,0.697129271911941,0.73261453758469
2050,"Russia","Crop",23,1285.0981042203,1170.18191608333,1222.66677900916,0.910577886809121,0.951419020068494,0.597875594761402,0.994191470549946,0.786149071538811,1.00605566373112
2050,"Russia","Forest",23,4905.373742259,5305.65443201184,5032.18903882007,1.08160044693526,1.02585232099006,1.02046819519328,1.11137186590742,1.01060444945058,1.03359306236152
2050,"Russia","Grassland",23,3683.28248891,4123.25186653878,3785.2088158536,1.11945034869128,1.027672687949,0.982275809005343,1.15616804281632,0.987544914487022,1.03841374321529
2050,"Russia","Pasture",23,795.956877812826,752.551404219558,769.417655951902,0.945467556342324,0.966657462733597,0.873521677185635,1.00739822391209,0.938055056546291,0.991309374489867
2050,"Russia","Shrubland",23,2058.621293159,2565.43916724931,2204.15749332061,1.24619286498907,1.07069595590274,1.17103323740545,1.25279855853702,1.05335671755932,1.07221988169287
2050,"South Africa","Crop",24,85.0340500133409,74.0358019717287,76.2369162770196,0.87066065840817,0.89654575155551,0.743849750997667,1.20215211868926,0.830412136672901,1.00636638905618
2050,"South Africa","Forest",24,25.484872,29.06455906686,25.08050355519,1.14046321546602,0.984133000753938,1.14046321546602,1.14046321546602,0.984133000753938,0.984133000753938
2050,"South Africa","Grassland",24,193.22113,190.01005919364,184.22030340722,0.983381368247044,0.953416965355808,0.875773318374632,0.995366610876228,0.906557194467253,0.958636144816017
2050,"South Africa","Pasture",24,817.25219,735.4362349306,749.9251756541,0.899888974210763,0.917617823274478,0.799236354461545,0.944482560969216,0.869009145017361,0.939506051583362
2050,"South Africa","Shrubland",24,56.65419,55.41540128079,53.25110019485,0.978134208269327,0.939932248521248,0.974466456146938,0.979944541425686,0.933774664114823,0.942971515855043
2050,"South America_Northern","Crop",25,42.47746796238,41.0160988677499,43.1697022504874,0.965596605336167,1.01629650544897,0.86363135804105,1.20354867287526,1,1.05958851765339
2050,"South America_Northern","Forest",25,899.01874985378,766.679533730116,889.220725051037,0.852795933182497,0.989101423296971,0.80915190285857,0.902397386986686,0.98222480689448,0.996876917655267
2050,"South America_Northern","Grassland",25,180.3210854,162.202475076047,181.994697073203,0.899520290243589,1.00928128659768,0.898334794712639,0.901970676315131,1.00919654607701,1.00945644288139
2050,"South America_Northern","Pasture",25,190.743003570996,171.361213077383,193.039142403221,0.898387934913694,1.01203786660185,0.886572205197769,0.899925608291855,1.00762948030033,1.01302795685568
2050,"South America_Northern","Shrubland",25,8.468006,1.5898330915,5.876049553594,0.187745862662355,0.693911831615849,0.186987142806756,0.188575437910371,0.691986273326873,0.695672924790284
2050,"South America_Southern","Crop",26,251.363746981849,250.208397823489,243.586037572209,0.995403676257087,0.969057950865914,0.841405392331618,1.15916379207481,0.932382691017196,1.08990480049056
2050,"South America_Southern","Forest",26,1415.58273409,1433.27552178512,1411.45276111465,1.01249858964018,0.997082492689479,1.01030195212847,1.02299834554015,0.99635542291437,1.00059955959515
2050,"South America_Southern","Grassland",26,590.5543639,573.044370157066,578.295059960338,0.970349903728932,0.979241023876782,0.945763922204394,1.03281812477325,0.971040846647259,1.00007608727521
2050,"South America_Southern","Pasture",26,941.480621596,924.482651894378,919.886934044243,0.981945491694978,0.977064118945804,0.963429045389703,1.03066432201626,0.973070821549171,0.987439631770255
2050,"South America_Southern","Shrubland",26,147.13633759,156.299358232813,147.044816284714,1.06227571511496,0.999377982986493,1.05591317651876,1.08535169929872,0.996663876431386,1.0092216450707
2050,"South Asia","Crop",27,128.839612043859,153.386877649783,139.584618507365,1.1905257646815,1.08339831433091,0.952118559532184,1.41481497322563,0.96464509972071,1.15892338206745
2050,"South Asia","Forest",27,180.04103056,207.396272182062,185.362997326211,1.15193893045922,1.02955974396313,1.13037771334024,1.16444585003685,1.02222009757315,1.03374277593472
2050,"South Asia","Grassland",27,85.5111727,99.6365229132052,89.2000540081801,1.16518718861173,1.04313917341681,1.16263326692165,1.16934682475659,1.04001515844286,1.0482273347544
2050,"South Asia","Pasture",27,348.52622124,426.892990367412,367.778757443498,1.2248518600655,1.05523985006064,1.19988670089057,1.24706423205498,1.04527625516029,1.06499978139667
2050,"South Asia","Shrubland",27,138.06081,155.5319256331,137.92075311042,1.12654652419539,0.998985542026155,1.11897387108805,1.1355582065164,0.989160678937939,1.01067742117914
2050,"South Korea","Crop",28,19.23049333571,19.9921384812986,19.070815490729,1.03960611578146,0.991696632936374,0.935353,1.05908,0.934084,1.00313
2050,"South Korea","Forest",28,31.29796,31.4585185348,30.40474751956,1.00513,0.971461,1.00513,1.00513,0.971461,0.971461
2050,"South Korea","Grassland",28,8.92965,9.059665704,8.69111225955,1.01456,0.973287,1.01456,1.01456,0.973287,0.973287
2050,"South Korea","Pasture",28,0.73473898,0.7454367795488,0.71511189762726,1.01456,0.973287,1.01456,1.01456,0.973287,0.973287
2050,"South Korea","Shrubland",28,37.56647,38.5232879909,37.42544547162,1.02547,0.996246,1.02547,1.02547,0.996246,0.996246
2050,"Southeast Asia","Crop",29,833.77153621066,883.989541090981,860.633172075073,1.06022993433975,1.03221702192725,0.91467525191255,1.15036500048923,0.96466379183393,1.06912057204734
2050,"Southeast Asia","Forest",29,1827.65983689636,1947.29954326282,1890.88394024134,1.06546059827502,1.03459292701444,1.06362349022386,1.07002221695871,1.0315401281877,1.03847878270738
2050,"Southeast Asia","Grassland",29,369.74349905,372.50728856931,374.648873073593,1.0074748833351,1.01326696489917,1.00521755722465,1.00801275506317,1.00844412090673,1.01441614375304
2050,"Southeast Asia","Pasture",29,55.9715387544542,56.3165841512191,56.2765051939232,1.00616465804663,1.00544859845299,1.002407490702,1.00806436954404,1.00184145258117,1.01771769629779
2050,"Southeast Asia","Shrubland",29,15.29291705,15.534739755457,15.399378895494,1.01581272589568,1.00696151330357,1.01174687724412,1.02740196056593,1.00494505096526,1.01270920763387
2050,"Taiwan","Crop",30,1.3994031401783,1.60341028876847,1.50248575599775,1.14578154266838,1.07366184401038,1.04996613727487,1.19529300364963,1.02803222267282,1.08662822224038
2050,"Taiwan","Forest",30,22.3559812,23.940364314874,23.17012427023,1.07087065876017,1.03641723720138,1.07085675122406,1.07112804088709,1.03641081118519,1.03641758442849
2050,"Taiwan","Grassland",30,2.02047,2.2000493736,2.1366672297,1.08888,1.05751,1.08888,1.08888,1.05751,1.05751
2050,"Taiwan","Pasture",30,7.26724803,7.9133846109108,7.6845719756967,1.08891076487874,1.05742530652235,1.08890950471311,1.08894012819227,1.05734447145197,1.05742877566683
2050,"Taiwan","Shrubland",30,0.08336654,0.0985842682116,0.092695255826,1.18254,1.1119,1.18254,1.18254,1.1119,1.1119
2050,"USA","Crop",1,1713.03094197597,1976.81922530208,1708.48328837402,1.15398921108911,0.997345258926433,0.855333190225456,1.45177192314076,0.861348210520754,1.12668294253221
2050,"USA","Forest",1,2179.905814121,2437.14209557053,2167.99500548495,1.11800339252421,0.994536090248076,1.10770969008739,1.1544213200307,0.991168790202707,1.01020360552269
2050,"USA","Grassland",1,1174.36201442,1273.1541777014,1138.37895003181,1.08412411340654,0.969359478639166,1.05323296119229,1.12276161800974,0.944843622930171,1.00002299941813
2050,"USA","Pasture",1,2127.44627041126,2237.50324678947,1977.59890977606,1.05173196517764,0.929564679155807,1.02053907226182,1.1459389820309,0.919002072511875,0.96152669732741
2050,"USA","Shrubland",1,966.891927,1291.6414032828,1001.94789188058,1.33586946711864,1.03625634251529,1.32253785078373,1.37084067907502,1.03272794056807,1.03760142889932
2055,"Africa_Eastern","Crop",2,532.246090261929,576.609758170551,542.606853077792,1.08335179669763,1.01946611352422,0.807528342716723,1.28648346927548,0.862426452256571,1.15216889744377
2055,"Africa_Eastern","Forest",2,310.205676,250.17268848578,283.28315948474,0.80647360071445,0.913210754676004,0.80647360071445,0.80647360071445,0.913210754676004,0.913210754676004
2055,"Africa_Eastern","Grassland",2,1015.3522783,1071.00022071706,967.078383705435,1.05480653720523,0.952456013911359,1.04912938121578,1.07431012434173,0.951565612897752,0.955514942323331
2055,"Africa_Eastern","Pasture",2,2334.7023292,2492.84320167969,2246.25580395435,1.06773491870969,0.962116573003993,1.05214482024267,1.102284225532,0.958481211271792,0.983891234782268
2055,"Africa_Eastern","Shrubland",2,553.996634,282.92295408346,337.8578260981,0.510694355741266,0.609855377024005,0.503551133737301,0.518976362297734,0.600979890786584,0.617510474632872
2055,"Africa_Northern","Crop",3,212.964409067452,281.340721151086,223.189831745979,1.32106919829021,1.0480147021904,0.539452834848146,1.73040735348441,0.446760146998753,1.21926574803023
2055,"Africa_Northern","Forest",3,40.1281074,35.904527593,32.159982869316,0.894747595123312,0.801432834814333,0.894747595123312,0.894747595123312,0.801432834814333,0.801432834814333
2055,"Africa_Northern","Grassland",3,49.377758,65.19317503384,49.614808004074,1.32029435264841,1.00480074457965,1.19503459897534,1.39726774659697,0.985461551436231,1.01668487566586
2055,"Africa_Northern","Pasture",3,724.34029,963.6033262118,725.26567326452,1.33031855264022,1.00127755321262,1.25483705109089,1.35699611173849,0.986669631314543,1.00747616334396
2055,"Africa_Northern","Shrubland",3,60.3121389,82.3464739854,63.1064194449,1.36533831310367,1.04633031750927,1.34816305537823,1.38497631241924,1.01817991662817,1.07851717386236
2055,"Africa_Southern","Crop",4,351.874936272841,408.379784577199,367.668230623714,1.16058219122644,1.04488326028037,1.02419098817667,1.37083590640909,1.00581882564248,1.13875744866246
2055,"Africa_Southern","Forest",4,695.237394612,883.684620054675,767.198121105825,1.27105450153159,1.10350525885332,1.25057676576384,1.29403480938538,1.09037558111238,1.11683292007571
2055,"Africa_Southern","Grassland",4,1949.1697499,2212.7877598731,2044.67692469377,1.13524630678607,1.0489989005825,1.12913781128102,1.13694780212164,1.04805939022012,1.05237181304693
2055,"Africa_Southern","Pasture",4,2031.729135687,2291.8709536941,2120.93787458952,1.12803961583153,1.04390779131705,1.08706158908003,1.16255946614626,1.02952406808603,1.04553352960829
2055,"Africa_Southern","Shrubland",4,316.87746915,448.158822718134,360.290607780451,1.41429690132368,1.13700292023571,1.4002112336837,1.43079944854879,1.11646427634405,1.16106567320028
2055,"Africa_Western","Crop",5,1386.52863842517,1470.74859024046,1412.53384275525,1.06074158836773,1.01875562004952,1,1.11228282137703,0.978605327716411,1.07128468238539
2055,"Africa_Western","Forest",5,2655.959266848,2916.61100340318,2701.23905314727,1.09813845408274,1.01704837377006,1.09435177069227,1.09925990011939,1.01441388370574,1.01842093336981
2055,"Africa_Western","Grassland",5,2040.75677446,2105.39727164268,2018.19489651173,1.03167476790554,0.988944357196003,1.03007751201874,1.03200068792111,0.985753011351869,0.989595551219335
2055,"Africa_Western","Pasture",5,2155.07147558,2204.48368152489,2121.10391292509,1.0229283374147,0.984238312724284,0.988715280798945,1.02852592642213,0.961569200722481,0.989245895514266
2055,"Africa_Western","Shrubland",5,254.1325271,254.1325271,254.1325271,1,1,1,1,1,1
2055,"Argentina","Crop",31,453.836241531711,534.774990669463,445.233105047768,1.17834351189006,0.981043522538203,0.84463,1.93145851501466,0.820622778015851,1.32643925445995
2055,"Argentina","Forest",31,164.29574894,153.918826177027,157.689707993134,0.936839980158202,0.959791771914451,0.885148353002334,1.10884808933681,0.936241047735039,1.03793340174867
2055,"Argentina","Grassland",31,711.11941,712.696447753262,667.046979889818,1.00221768345947,0.938023868438379,0.915375524273093,1.06525905943016,0.876239028260342,0.982875371158315
2055,"Argentina","Pasture",31,1013.176263378,1059.9185927341,949.317534079185,1.04613444969611,0.936971747555647,1.0102010688422,1.08381893513038,0.899247777179613,0.976777239982224
2055,"Argentina","Shrubland",31,173.5069179,181.933447336262,162.927656597862,1.04856595655234,0.939026861694153,1.03414195248039,1.16892734713208,0.932605456257085,0.992610407845861
2055,"Australia_NZ","Crop",6,436.710868679758,353.150754170113,397.472658864074,0.80866032768486,0.910150599332902,0.537570202779988,1.02201522950229,0.787593008645325,1.03813492449978
2055,"Australia_NZ","Forest",6,275.9574244,262.955050533172,272.265864075749,0.952882681467627,0.986622717862084,0.928311706992916,0.973093761263471,0.979483217091484,0.992417510182783
2055,"Australia_NZ","Grassland",6,1411.7891,1301.9564336843,1351.8088020882,0.922203205623489,0.957514689756565,0.88555920416908,0.950505092222766,0.94743733605738,0.965297904206275
2055,"Australia_NZ","Pasture",6,3316.302224,3118.01273226677,3194.22760937201,0.940207653482781,0.963189538714373,0.902737888018449,0.97334056669135,0.943292332916965,0.980800755925652
2055,"Australia_NZ","Shrubland",6,2269.870847,2740.28672522513,2409.27835936645,1.20724345565602,1.06141649537052,1.1743480492545,1.27286602993042,1.05596569458443,1.07229021965514
2055,"Brazil","Crop",7,734.876025295582,662.284318503564,711.680300427227,0.901219111396619,0.96843586663611,0.835181377693011,1.19553592962197,0.924703233244038,1.09681584892882
2055,"Brazil","Forest",7,4273.631824826,3988.36558847853,4263.7085433698,0.933249692991725,0.997678021443364,0.920370542060036,0.957921566950589,0.98982274437028,1.00666470904172
2055,"Brazil","Grassland",7,942.2078463,846.425196657603,909.5595893248,0.898342334954511,0.96534919858351,0.886953689775719,0.90060712754165,0.965006118655869,0.967074396549123
2055,"Brazil","Pasture",7,1761.99444054861,1644.23756711886,1709.61865169627,0.933168419423002,0.97027471389976,0.914998265035225,0.96175447295967,0.968424189997176,0.975633855466538
2055,"Brazil","Shrubland",7,579.1480214,766.18525532962,661.940694682056,1.32295238353312,1.14295598054866,1.27054131275952,1.33072476077051,1.12150710637326,1.14613677305963
2055,"Canada","Crop",8,547.514308852609,676.028698795614,579.342497920558,1.23472334487901,1.0581321593853,0.923299394971109,1.54974195279423,0.96456762303966,1.20039611672371
2055,"Canada","Forest",8,3949.2192428,4181.52991752072,3880.55325150165,1.05882445628823,0.982612767973433,1.05656825456951,1.06461981905859,0.980883240538645,0.98516189746359
2055,"Canada","Grassland",8,1100.198159,1207.73140543528,1097.71344503441,1.09773988945138,0.997741575964958,1.09520938716914,1.09816457670916,0.996181525951225,1.00703714593532
2055,"Canada","Pasture",8,106.950640566,121.475588753451,109.128335140139,1.13580982881993,1.02036167864554,1.12861451248839,1.13899132060532,1.006890537978,1.02735090683415
2055,"Canada","Shrubland",8,881.225894,1024.07750499957,911.10227028463,1.16210555315294,1.03390319836043,1.05449970060359,1.16374871744655,0.973808642386817,1.03482085503316
2055,"Central America and Caribbean","Crop",9,144.552645984289,135.186383011616,146.143451963214,0.93520517795509,1.01100502843163,0.821859712323966,1.03926509324732,0.994200594726247,1.02760331963586
2055,"Central America and Caribbean","Forest",9,325.81462,319.51455798046,333.3437199381,0.980663660766543,1.02310853926107,0.979279537365424,0.982621676398101,1.02285162159877,1.02341078735466
2055,"Central America and Caribbean","Grassland",9,64.395821,60.126778843142,65.06634690549,0.933706223625008,1.01041256862755,0.925822804665504,0.936832619958674,1.00843456893574,1.01119700124698
2055,"Central America and Caribbean","Pasture",9,121.9756817,114.966653407376,123.53969670745,0.942537494401034,1.01282235102647,0.939752728058156,0.94501333924931,1.0113952134777,1.01311294604072
2055,"Central America and Caribbean","Shrubland",9,3.94865267,3.957604768364,3.9588511622963,1.00226712732472,1.00258277775956,1.00044216558221,1.00327037263435,1.00050372796416,1.00372570416022
2055,"Central Asia","Crop",10,338.384125030809,339.231645834585,326.709098868282,1.00250461159695,0.965497713104999,0.928348485184272,1.18853834988436,0.908183376601303,1.08321720878986
2055,"Central Asia","Forest",10,40.6923918112,45.4012042464557,42.991782305308,1.11571726865069,1.05650664391458,1.08713455342407,1.12930348612246,1.05146972229642,1.06107481529622
2055,"Central Asia","Grassland",10,617.7802749,621.508144069432,593.782887727272,1.00603429620675,0.961155465547014,0.97366810942096,1.02638910853532,0.950683362933542,0.967741279464283
2055,"Central Asia","Pasture",10,3626.38629644,3772.36974098725,3546.7262908769,1.04025590012034,0.978033226730063,0.981801105203212,1.06879382913992,0.946682831978972,0.993241850003696
2055,"Central Asia","Shrubland",10,604.7808212,647.403324234561,611.461150608217,1.07047595019629,1.01104586847672,1.05081754764465,1.07571068641932,1.00983623678029,1.01558849026594
2055,"China","Crop",11,1348.69979484925,1443.5335566208,1328.85126278945,1.07031495232202,0.985283209698994,0.896001281825955,1.16992639360913,0.86171264454712,1.03751537361678
2055,"China","Forest",11,1457.983849,1656.18270229274,1492.2624399747,1.13594036273357,1.02351095384096,1.13594036273357,1.13594036273357,1.02351095384096,1.02351095384096
2055,"China","Grassland",11,960.055048,993.080946377508,937.060536971641,1.03440000492296,0.976048757749609,1.00753960814231,1.0495175346359,0.960299364615766,0.984912808441267
2055,"China","Pasture",11,3732.65325194099,3955.71569744764,3723.90774926473,1.05975975544759,0.997657027833562,1.05009232750754,1.06660795303375,0.98158390307269,1.0082157765508
2055,"China","Shrubland",11,579.5644253,602.886881334697,578.200911431155,1.04024135198192,0.997647347198478,1.02800983737361,1.05949127269043,0.993363554195731,1.00438916767413
2055,"Colombia","Crop",32,53.572575867781,50.6939241288835,54.1012686401938,0.946266318311778,1.00986872040123,0.868095865262819,1.02692374346715,0.986777949241783,1.04243844142074
2055,"Colombia","Forest",32,580.19424,586.35831664293,584.3009411974,1.01062416035521,1.00707814885822,1.00865820326083,1.01240388634871,1.00669516869563,1.01286912176676
2055,"Colombia","Grassland",32,104.06515,97.98649772941,103.33527055846,0.941588012215521,0.992986322111293,0.937156165375876,0.94343653043364,0.990974416276766,0.997809892918987
2055,"Colombia","Pasture",32,375.891575,353.912130877055,380.23346239397,0.941527170107643,1.01155090372528,0.940455327151709,0.945871410686035,1.00997560021428,1.01622944233881
2055,"Colombia","Shrubland",32,14.301826,12.18368125642,13.50097251374,0.851896901585854,0.944003410035893,0.849240740920981,0.853596757801665,0.943644184124176,0.944233302906076
2055,"EU-12","Crop",12,440.762384181147,480.954920696375,475.482255165199,1.09118867207758,1.07877230959387,0.917347636240215,1.39354022431329,1,1.21946227870949
2055,"EU-12","Forest",12,376.9122748,386.645637961536,391.349643659814,1.02582394846838,1.03830432125744,0.98979956007443,1.02819150757147,1.01208220296673,1.03999859618237
2055,"EU-12","Grassland",12,147.062256,121.854112304644,138.147593456479,0.82858862375023,0.93938170958345,0.821782061836124,0.8500543696016,0.93474348479,0.954009205208136
2055,"EU-12","Pasture",12,70.192551627,60.9309424191418,68.5404294277916,0.868054245170143,0.976462998410605,0.8544352482702,0.909277397348786,0.966540509793363,1.00478024380271
2055,"EU-12","Shrubland",12,2.8864728,3.872706505253,3.262153611175,1.34167434567649,1.13015220901267,1.34151942763138,1.34212138943446,1.12979060155751,1.13119569207201
2055,"EU-15","Crop",13,1147.64620023334,1185.0492171216,1166.93939439077,1.03259106933884,1.01681109923382,0.996237271209642,1.27163007721232,0.963261379950826,1.1097526195779
2055,"EU-15","Forest",13,939.71244,905.35512914432,932.66662965799,0.963438484590371,0.992502163383077,0.963438484590371,0.963438484590371,0.992502163383077,0.992502163383077
2055,"EU-15","Grassland",13,436.3932198,481.496821609475,461.924025879548,1.10335541379434,1.05850413095613,1.09600608580029,1.11234908055863,1.05036477648612,1.06846458473353
2055,"EU-15","Pasture",13,272.131121489,288.86108505979,280.193635328431,1.06147758286245,1.0296273127282,1.01972250453382,1.09161152772691,1.0165874570151,1.03903795950048
2055,"EU-15","Shrubland",13,204.80075638,280.085648692224,232.816779997809,1.36760065559785,1.13679648509611,1.35244585883344,1.37695903603916,1.12996562517321,1.14101467336307
2055,"Europe_Eastern","Crop",14,394.034732259448,406.559423441239,415.999406835339,1.03178575429118,1.05574299110625,0.652084024201845,1.1760115736263,0.88362326437368,1.15632784364984
2055,"Europe_Eastern","Forest",14,196.5693884,200.541446819356,207.470442908239,1.0202069022633,1.05545652147046,1.01390672128648,1.04330880692898,1.0518710133742,1.06893524767465
2055,"Europe_Eastern","Grassland",14,72.3818936,46.6674232096996,63.8038139463998,0.644738910363345,0.881488598502206,0.640917301756927,0.670613684015081,0.879184603176763,0.897088144054932
2055,"Europe_Eastern","Pasture",14,87.43574457,56.9581245439224,77.2482445452657,0.651428369759263,0.883485866394398,0.647163767165141,0.666993293141233,0.88131639853999,0.890111816658072
2055,"Europe_Eastern","Shrubland",14,3.9863159,5.006154395793,4.665975140906,1.25583484133633,1.17049808844954,1.25501712841889,1.26104750915751,1.17020059331369,1.17239452824953
2055,"Europe_Non_EU","Crop",15,344.953473076308,367.413825352811,352.394839909511,1.06511125131224,1.02157208845251,0.906729815869243,1.18336564015822,0.949200101762581,1.07927797748042
2055,"Europe_Non_EU","Forest",15,200.0051209,230.854758403266,211.43622053273,1.15424423816973,1.05715403476317,1.1527453075183,1.16234573066083,1.05361496481657,1.05923447715895
2055,"Europe_Non_EU","Grassland",15,227.53874,243.60809283856,232.2226277625,1.0706224919702,1.02058501230384,1.06836116963946,1.080349444465,1.01887247069905,1.0279514149651
2055,"Europe_Non_EU","Pasture",15,136.67049748,143.491323067156,138.041067488583,1.0499070809935,1.0100282799423,1.0463522936983,1.06055175122236,1.0057769034749,1.02483036434075
2055,"Europe_Non_EU","Shrubland",15,65.157695,82.370355927,72.5378558676,1.26416927313036,1.11326614404638,1.24394162896244,1.26814933370741,1.11317906560988,1.11370869802115
2055,"European Free Trade Association","Crop",16,87.0659595904382,91.9017917319998,85.7137533432725,1.05554216784963,0.984469174249885,0.885417756498944,1.26018824117732,0.958254874699425,1.11203994540159
2055,"European Free Trade Association","Forest",16,102.215315712708,110.191956123155,104.772392631521,1.07803762435041,1.02501657311318,1.07131694314402,1.09122840100373,1.02154052481311,1.03165004827371
2055,"European Free Trade Association","Grassland",16,61.580680683,76.5070229840551,68.068975682509,1.24238677025822,1.10536250862359,1.23449690514136,1.24395765285111,1.10280165901503,1.10587237717185
2055,"European Free Trade Association","Pasture",16,19.9593511995988,25.4074245868477,22.6488519883547,1.27295844102179,1.13474890851211,1.03129769024615,1.37792374133764,1.01004292559535,1.18900588892564
2055,"European Free Trade Association","Shrubland",16,5.69227063163,7.18080248668443,6.30936739526878,1.26150054194247,1.1084095967275,1.18565921848764,1.2617736145162,1.07337250407685,1.10853575050001
2055,"India","Crop",17,1396.82400775715,1752.15374863988,1619.5052800099,1.25438404473966,1.15941970571532,0.872391750633569,1.35750508440115,0.989012644705668,1.25153825753095
2055,"India","Forest",17,1083.69008463,928.198255093654,1037.20791820802,0.856516330875691,0.957107509719578,0.856516330875691,0.856516330875691,0.957107509719578,0.957107509719578
2055,"India","Grassland",17,203.6930337,236.890175754096,218.9377007588,1.16297632496843,1.07484137666314,1.15491825916027,1.1827091575988,1.06724716541741,1.09343830836354
2055,"India","Pasture",17,54.6485454054372,64.8278389566002,60.5285277452437,1.18626833478628,1.10759631928321,1.18309268403696,1.19258685503378,1.10467931377326,1.1098708986905
2055,"India","Shrubland",17,135.8031451,173.0258670755,148.33648804136,1.27409322477834,1.09229052045982,1.22590238168516,1.29348809304196,1.08337714071379,1.09587779586033
2055,"Indonesia","Crop",18,488.494815794332,497.967897592009,486.151219983366,1.019392389625,0.995202414160414,0.797808202417814,1.07384700069397,0.873084469719744,1.01599989380384
2055,"Indonesia","Forest",18,1014.7096771,1073.64385092819,1025.62406651472,1.0580798381628,1.01075616963259,1.05625827658599,1.06531840982476,1.01020276049913,1.01343651519765
2055,"Indonesia","Grassland",18,184.053965,166.32028461584,171.37886995938,0.903649560691833,0.931133811539349,0.895401286248337,0.91810929560441,0.927520771274513,0.937467694440057
2055,"Indonesia","Pasture",18,98.194844135,82.1874147767984,89.2734346609807,0.836982995398472,0.90914584617341,0.832433451124554,0.840887012758352,0.90257861131029,0.91674134892124
2055,"Japan","Crop",19,106.20014023982,101.620884294255,103.63480563737,0.956880886077701,0.975844338843086,0.921534,1.00662761110256,0.943982,0.987355635926616
2055,"Japan","Forest",19,192.4207927,186.3986350498,188.2232692603,0.968703186564723,0.97818570757972,0.968668863111857,0.968755086159325,0.978161783679632,0.978221882282792
2055,"Japan","Grassland",19,39.6508,39.914081312,39.1485036656,1.00664,0.987332,1.00664,1.00664,0.987332,0.987332
2055,"Japan","Shrubland",19,26.1822679,25.0501762453,25.6992184228,0.956761130891186,0.98155051048118,0.956734242661387,0.956787288433786,0.981539037606794,0.981561671580394
2055,"Mexico","Crop",20,291.242873352935,320.290271984788,288.790558422597,1.09973599799179,0.9915798285393,0.919176328535068,1.34095971396981,0.923308372096745,1.13289460318446
2055,"Mexico","Forest",20,409.428947,477.420263219152,415.385123797168,1.16606377423322,1.01454752244757,1.15220940024214,1.16834500599758,1.01222994741094,1.0148427018499
2055,"Mexico","Grassland",20,145.345554061,151.47406304886,139.690711573619,1.04216509426417,0.961093804871337,1.03711168787148,1.05908587047908,0.959921054047314,0.961444048053793
2055,"Mexico","Pasture",20,731.21907646,846.273149546324,716.926935240611,1.15734555728952,0.980454364937276,1.15053312906541,1.17959254394746,0.972564337516556,0.982717955975786
2055,"Mexico","Shrubland",20,274.832793,336.1544690285,287.98307995387,1.22312357764563,1.04784831828227,1.16855320041504,1.24627333083769,1.0350282803936,1.05328681308655
2055,"Middle East","Crop",21,337.829236233842,428.466377737074,356.678523517595,1.26829276978412,1.05579531095025,0.918542583424169,1.44433842801749,0.93760748452385,1.12624100637976
2055,"Middle East","Forest",21,14.595322935,16.6357133425486,14.3401912731993,1.13979755135501,0.982519628860771,1.13966073281545,1.35879,0.982460738399488,1.07678
2055,"Middle East","Grassland",21,190.337819,242.343072675432,195.801695357792,1.27322606694065,1.02870620450785,1.27069051273726,1.27502563746519,1.01431416884556,1.03892073004682
2055,"Middle East","Pasture",21,1949.58927846,2259.1089096639,1891.74444243746,1.15876145536069,0.970329732184291,1.13273640494536,1.19917026989077,0.966206703875748,0.976828242379999
2055,"Middle East","Shrubland",21,832.4782048,1028.07635432205,827.847526449065,1.23495888348097,0.994437477973315,1.23285494837696,1.23623360326753,0.985617980437245,1.00899412851058
2055,"Pakistan","Crop",22,114.052731717277,170.822543169704,147.918142478272,1.49775056324958,1.29692766013658,0.510454,1.82397262755204,0.550055,1.53712810435719
2055,"Pakistan","Forest",22,64.871,34.081342141,35.220801256,0.525371,0.542936,0.525371,0.525371,0.542936,0.542936
2055,"Pakistan","Grassland",22,13.0459768,15.2253309552928,13.027591761716,1.16705181901694,0.998590750346574,1.16427464296799,1.16880451699063,0.998448835329817,0.99881561680471
2055,"Pakistan","Pasture",22,128.7721979,142.981409065532,126.675741473853,1.11034378070153,0.983719650201397,1.11008946172352,1.14907556535623,0.972905313318496,0.986639112832385
2055,"Pakistan","Shrubland",22,184.522055,218.6486006501,162.5087966595,1.18494561883185,0.880701207557546,1.17148432726074,1.2147588640436,0.87191077342361,0.900169723410449
2055,"Russia","Crop",23,1201.55124601614,1153.76117808238,1181.70662794874,0.960226358973695,0.983484168375512,0.807845345397846,1.06532177301741,0.92212927823466,1.0684292613214
2055,"Russia","Forest",23,4952.9397448651,5189.93395564945,4945.72462777051,1.04784920128093,0.998543265723742,1.0180756709902,1.06467365836844,0.991664281099314,1.00149638240818
2055,"Russia","Grassland",23,3704.01129595,3841.94359843489,3616.61670461714,1.03723862900626,0.976405419867801,0.933998665759689,1.06560954495942,0.963661038689071,0.979907646679265
2055,"Russia","Pasture",23,811.001246153951,741.638771460274,779.624585355564,0.914473035617864,0.961311205195818,0.853865295650916,0.953859595661126,0.949043598006962,0.967248842479368
2055,"Russia","Shrubland",23,2063.07084647,2271.60679274873,2017.72745787872,1.10108036116915,0.978021409846944,1.04137052286723,1.10646859149667,0.977613219928613,0.978058245004431
2055,"South Africa","Crop",24,75.3064626833379,80.8128693454802,75.8248681806852,1.07311997491233,1.00688394433725,0.947054303096062,1.34528272068666,0.93794118386226,1.13085216603516
2055,"South Africa","Forest",24,24.940999,29.65236499776,24.9813866838,1.1889004525344,1.00161932903329,1.1889004525344,1.1889004525344,1.00161932903329,1.00161932903329
2055,"South Africa","Grassland",24,196.0038,226.58978403202,204.53279417582,1.15604791352015,1.04351443276008,1.05475761294321,1.16715177081895,0.990860426135536,1.04928658046266
2055,"South Africa","Pasture",24,824.16683,874.44329775903,819.17542649263,1.06100277993356,0.993943697652367,0.926299143465177,1.12123497723835,0.912932070354712,1.03088816261892
2055,"South Africa","Shrubland",24,57.36431,71.0231964642,60.5804944531,1.23810774441809,1.05606594855059,1.21641832694562,1.28287336492471,1.05191963493514,1.06462368423189
2055,"South America_Northern","Crop",25,45.920309139318,41.7656042763974,45.845423934815,0.90952358682265,0.99836923561913,0.801020741956861,1.09032768351757,0.976665237461872,1.02092615719816
2055,"South America_Northern","Forest",25,901.35294659706,670.277220618057,860.243001745124,0.743634580824971,0.954390846552239,0.672648168013872,0.823595572633685,0.938534465325929,0.972183854785619
2055,"South America_Northern","Grassland",25,178.5906538,152.689676537259,177.489519626581,0.854970141428864,0.993834312434667,0.854388134324636,0.856156004265875,0.992828867940539,0.994327772403413
2055,"South America_Northern","Pasture",25,187.405500776902,161.376205492021,187.410295212496,0.86110709036301,1.000025583217,0.860530794082292,0.862498125355326,0.998204898648812,1.00224527667781
2055,"South America_Northern","Shrubland",25,8.422553,8.422553,9.42428140297,1,1.11893405752033,1,1,1.116001127482,1.12164433405834
2055,"South America_Southern","Crop",26,254.476381394768,255.047368764385,246.597779208847,1.00224377353406,0.96903994727236,0.886742763572051,1.13113349254178,0.935891835798896,1.05522166800172
2055,"South America_Southern","Forest",26,1427.00659599,1438.06316392973,1413.4380445332,1.00774808467656,0.990491598640868,1.0047669297212,1.02132464789501,0.989365490444472,0.995647562395822
2055,"South America_Southern","Grassland",26,591.0379363,581.503079424149,577.993416911739,0.983867605968678,0.97792947188818,0.955054522478646,1.05715961487912,0.968466090177473,1.00200153126718
2055,"South America_Southern","Pasture",26,929.176522342,910.706670964404,896.57279962035,0.980122343888928,0.964911163877159,0.959320672589104,1.03267312900724,0.96035672069989,0.976143481235271
2055,"South America_Southern","Shrubland",26,147.23384619,157.986365384305,145.080216412755,1.07303021331406,0.985372726224473,1.0690392919977,1.08751693042852,0.979656014551015,0.986947613502024
2055,"South Asia","Crop",27,123.297982345616,148.086827380665,130.868592561803,1.20104826180824,1.06140092540173,0.960123478088826,1.54691173856101,0.926509504538921,1.19301424491225
2055,"South Asia","Forest",27,198.03256786,198.928541462164,189.413428521296,1.00452437501491,0.956476152221603,1.00140582538456,1.00848416240184,0.951124355342546,0.963702958939037
2055,"South Asia","Grassland",27,83.0483857,104.47256846179,87.7742638559045,1.25797229628499,1.05690511761392,1.25504297714597,1.25985850972261,1.05514738696808,1.05963490095625
2055,"South Asia","Pasture",27,345.22603631,461.177865319687,372.21329265546,1.33587220201887,1.07817271441609,1.31563040164921,1.37238614485486,1.07356334761952,1.09400667478586
2055,"South Asia","Shrubland",27,137.13788,170.9671834616,142.3896769988,1.24668095687056,1.03829574293259,1.24301137384464,1.25111275233557,1.03176494134366,1.04618306327941
2055,"South Korea","Crop",28,20.52025326412,20.5398900291789,20.3340574788151,1.00095694555063,0.990926243311504,0.955061,1.01169,0.961473,0.99298
2055,"South Korea","Forest",28,30.2698,30.613059532,30.0567914174,1.01134,0.992963,1.01134,1.01134,0.992963,0.992963
2055,"South Korea","Grassland",28,8.8802,8.7302045418,8.6588343744,0.983109,0.975072,0.983109,0.983109,0.975072,0.975072
2055,"South Korea","Pasture",28,0.74957158,0.73691056644222,0.73088625965376,0.983109,0.975072,0.983109,0.983109,0.975072,0.975072
2055,"South Korea","Shrubland",28,37.34837,38.1950575479,37.8951501368,1.02267,1.01464,1.02267,1.02267,1.01464,1.01464
2055,"Southeast Asia","Crop",29,863.008296172513,851.270619740984,863.762490421196,0.98639911518396,1.00087391309218,0.879959342998469,1.06592287044931,0.881263002735266,1.0492061818519
2055,"Southeast Asia","Forest",29,1816.2781123472,1860.27403079357,1860.17230460826,1.02422311767525,1.02416710963077,1.01731460142394,1.02825496415272,1.01818964045708,1.02657660322057
2055,"Southeast Asia","Grassland",29,362.53924321,366.781856931477,369.589892960356,1.01170249511173,1.01944796289618,1.00822259869307,1.02595447236869,1.01835705419546,1.02391579875149
2055,"Southeast Asia","Pasture",29,50.6206182900609,52.9211906706804,52.7135831895324,1.04544733862074,1.0413460951322,1.03095944027424,1.05152962553435,1.03569363565477,1.05378854016764
2055,"Southeast Asia","Shrubland",29,15.04540827,15.1017239253701,15.0342578318133,1.00374304600842,0.999258880983048,1.00210172400508,1.00831916412199,0.999040946871824,0.99933704768311
2055,"Taiwan","Crop",30,1.18885329818324,1.3562802387759,1.27414221286032,1.14083061454976,1.07174048707895,1.05191505309502,1.17288762974633,1.02764204155743,1.09302357779231
2055,"Taiwan","Forest",30,22.44295804,23.9199637079636,23.1131322117956,1.06581154165735,1.02986122286559,1.06580677209764,1.06594058808192,1.02971406075572,1.02986666198157
2055,"Taiwan","Grassland",30,2.03351,2.4123122428,2.2511769104,1.18628,1.10704,1.18628,1.18628,1.10704,1.10704
2055,"Taiwan","Pasture",30,7.376746213,8.74925984678619,8.16441648589808,1.18605948939485,1.10677746667087,1.18583959443915,1.18606494349682,1.10651566631555,1.1067839601615
2055,"Taiwan","Shrubland",30,0.08440244,0.1026620638696,0.0959765465972,1.21634,1.13713,1.21634,1.21634,1.13713,1.13713
2055,"USA","Crop",1,1751.69995604078,2035.73801137227,1764.23848837865,1.16214994717102,1.00715792239112,0.818527229482284,1.55192027507377,0.859820241074058,1.15063425069526
2055,"USA","Forest",1,2214.023453721,2415.48062339834,2181.75470685496,1.09099143432232,0.985425291312153,1.08895943563545,1.09701103386104,0.982829421802823,0.986503020065695
2055,"USA","Grassland",1,1166.35583164,1288.34529982106,1147.13630207406,1.10459026728536,0.983521727208315,1.08934830600525,1.12342046519001,0.973135332762088,0.996353268985915
2055,"USA","Pasture",1,2080.40230260489,2227.96422773265,1981.9016065316,1.07092951442276,0.95265305371468,1.05406863661862,1.07684541304611,0.928296136511347,0.961056652024465
2055,"USA","Shrubland",1,962.918335,1169.28375490585,943.06242773431,1.2143124836291,0.979379448345752,1.18908984413832,1.28147604047533,0.974794249612602,0.991589045040727
2060,"Africa_Eastern","Crop",2,503.38889467337,564.664244693297,535.344037736798,1.12172566909663,1.0634800318433,0.805970801466063,1.36663599589444,0.847566819039135,1.25103177906184
2060,"Africa_Eastern","Forest",2,307.352033,256.75735973313,292.76263666423,0.835385265641402,0.952531967355589,0.835385265641402,0.835385265641402,0.952531967355589,0.952531967355589
2060,"Africa_Eastern","Grassland",2,1030.1863949,1158.21495462642,1023.58458537112,1.12427708263304,0.993591635881073,1.11518960581931,1.15608553627267,0.990168715129442,1.00557271910935
2060,"Africa_Eastern","Pasture",2,2349.7318657,2677.78005057764,2348.26513628988,1.13961090185067,0.999375788603146,1.11793783638278,1.19662808841357,0.994016202820331,1.01460415996636
2060,"Africa_Eastern","Shrubland",2,558.036841,296.18897450481,380.1516585298,0.530769570650641,0.681230396632182,0.520490669305363,0.542849027184088,0.677953014376206,0.685081877950537
2060,"Africa_Northern","Crop",3,218.52896260658,237.460363433334,212.086407621,1.08663108359159,0.970518530318666,0.633691192164507,1.26606013203715,0.649391843284588,1
2060,"Africa_Northern","Forest",3,51.234247,35.22709852943,34.58557984162,0.687569362138376,0.675048075589361,0.687569362138376,0.687569362138376,0.675048075589361,0.675048075589361
2060,"Africa_Northern","Grassland",3,49.726251,56.46115262704,44.634481942016,1.13543956143084,0.89760400280359,1.06323250804806,1.1806343097206,0.894277134207822,0.902919296889353
2060,"Africa_Northern","Pasture",3,714.33799,860.17626287,663.79636919935,1.20415864046374,0.929246909014807,1.18681122352697,1.2092223857919,0.914565871223607,0.945535734580043
2060,"Africa_Northern","Shrubland",3,60.7030662,73.982808592,57.67966035357,1.21876559494123,0.950193523396846,1.2132714845775,1.22363746250519,0.927382791081791,0.975917679312621
2060,"Africa_Southern","Crop",4,332.583239158148,406.568702661471,355.889854618727,1.22245698156828,1.07007754064689,1.03608566887403,1.43398055628872,1.01211390326322,1.18430796802305
2060,"Africa_Southern","Forest",4,684.916776312,949.426888169458,790.45968700609,1.38619306900575,1.15409596369123,1.36995205818912,1.40477751223427,1.14546817292911,1.16630727096373
2060,"Africa_Southern","Grassland",4,1969.4629799,2473.14942453776,2175.7564556805,1.25574811498276,1.10474605406951,1.25352564888683,1.2638331422815,1.10160301211155,1.11618001028491
2060,"Africa_Southern","Pasture",4,2045.383881321,2496.91840936157,2217.60553198588,1.2207578402099,1.0842001602915,1.16148428654544,1.22631574393051,1.05264797664449,1.08749488420444
2060,"Africa_Southern","Shrubland",4,314.50620155,462.695847665421,359.933177316086,1.47118195248643,1.1444390461689,1.4482846914177,1.49845116177543,1.12286128811817,1.17013680969207
2060,"Africa_Western","Crop",5,1389.36586651823,1456.07988732203,1374.58631310978,1.04801760458603,0.989362374760593,0.97416533689613,1.13343161427,0.953422701116063,1.06717202616324
2060,"Africa_Western","Forest",5,2688.568119848,3016.92899833427,2770.16233673587,1.12213225175966,1.03034857710523,1.1216043128677,1.12630276046645,1.02936462634167,1.03244392447673
2060,"Africa_Western","Grassland",5,2033.37508895,2104.26045609913,1989.46971113703,1.03486094008643,0.978407634650605,1.02801819015247,1.03626331061824,0.971104689551077,0.97990431874718
2060,"Africa_Western","Pasture",5,2137.76751328,2225.2317996624,2086.35141471541,1.04091384392319,0.975948694960892,1.00992531043704,1.06711901508476,0.958028703302936,0.979476266098736
2060,"Africa_Western","Shrubland",5,252.1432156,252.1432156,252.1432156,1,1,1,1,1,1
2060,"Argentina","Crop",31,460.780574855001,446.754363690416,416.788973046333,0.969559890477157,0.904528089487038,0.750465022086392,1.93480337695087,0.78830310650896,1.36523455414695
2060,"Argentina","Forest",31,167.99784383,157.566715215443,163.926249650226,0.937909151827493,0.975764009305414,0.880921826925853,1.13381920197915,0.952893888388395,1.055165292691
2060,"Argentina","Grassland",31,712.914405,743.555930706307,699.951265870312,1.04298065166225,0.981816696311967,0.970099902235054,1.09620452342944,0.951558303639874,1.00391401040544
2060,"Argentina","Pasture",31,1001.128975683,1036.30481625961,943.189924556655,1.03513617269205,0.942126286888443,0.983720586256176,1.08604102762206,0.902882250287725,0.981669879497628
2060,"Argentina","Shrubland",31,175.6366108,195.798574408061,175.798059973278,1.11479362711582,1.00091922277789,1.10466766501799,1.20045135163227,0.999077892278305,1.01649543955149
2060,"Australia_NZ","Crop",6,422.092738706012,377.98555066246,395.785306723922,0.895503561187125,0.937673810587837,0.747945842713179,1.05468550047573,0.886398344236102,1.00133546229292
2060,"Australia_NZ","Forest",6,284.1165864,277.22022961372,279.311879238402,0.975727018004606,0.983088959280843,0.948804630689507,0.996857918204788,0.977596225070423,0.987199077650932
2060,"Australia_NZ","Grassland",6,1414.7905,1458.8213814941,1400.1479957018,1.03112183852952,0.989650408100563,0.97223374535097,1.07682577006927,0.971822456153561,1.00348694875419
2060,"Australia_NZ","Pasture",6,3327.660002,3355.14284509304,3232.74832937476,1.00825890958707,0.971477953706751,0.99870340430484,1.03373229906472,0.968040314579864,0.979500089172568
2060,"Australia_NZ","Shrubland",6,2266.880063,3253.65995012651,2582.49489799781,1.43530308604885,1.1392287312193,1.40393307124444,1.49813059991459,1.13211645132328,1.15347312563768
2060,"Brazil","Crop",7,656.578115680177,640.630306328439,653.53212513868,0.975710720520715,0.995360810132483,0.910725412248305,1.24161768880328,0.949974502354933,1.11606414625389
2060,"Brazil","Forest",7,4317.95839398,4218.86001782018,4401.82758122789,0.977049714907401,1.01942334306991,0.968325221750968,0.998920395536657,1.01283112495378,1.02699034967191
2060,"Brazil","Grassland",7,961.0252577,933.456881149993,959.228781809153,0.971313577526583,0.998130667350881,0.952285585330605,0.975009079591765,0.995369237443239,0.998666975639293
2060,"Brazil","Pasture",7,1769.89292159979,1752.9415047566,1758.87520434443,0.990422348925002,0.993774924391811,0.971846283795995,1.02444392075661,0.991781839780912,1.00028381303966
2060,"Brazil","Shrubland",7,591.4392948,821.005195430604,688.866604260194,1.38814786682078,1.16472917899907,1.32741926499388,1.39693945085714,1.14016484630646,1.16828531875312
2060,"Canada","Crop",8,531.124215503738,622.368384938898,552.301296966535,1.1717944066034,1.03987218214615,0.951414458631756,1.42321110768942,0.971017216131153,1.1437491003259
2060,"Canada","Forest",8,3978.419937,4218.51730729404,3938.8815434499,1.06034993140394,0.990061784784862,1.05580887100414,1.06318479988205,0.987445096509504,0.991040387015454
2060,"Canada","Grassland",8,1097.371475,1235.71511876709,1092.69800675869,1.1260681974325,0.995741215852809,1.11169771813337,1.12843683779855,0.994109003078475,1.00564380816756
2060,"Canada","Pasture",8,102.713512745,118.209776274637,104.571738005806,1.15086879141314,1.01809134174409,1.14254242431254,1.16202598306341,1.00374212075031,1.02318309956033
2060,"Canada","Shrubland",8,881.0962762,1008.54456994188,884.87465981339,1.14464740935184,1.00428827554429,1.07082535735612,1.14576366366243,0.981446053554429,1.00463367001749
2060,"Central America and Caribbean","Crop",9,150.289272549499,132.451771476517,147.377223000892,0.881312213637158,0.980623703214425,0.779553167268168,1,0.959757291391334,1.01332303006397
2060,"Central America and Caribbean","Forest",9,326.60602,313.42807416706,330.3767322958,0.959651858735059,1.0115451402145,0.958653173732151,0.960424239800344,1.01068933922891,1.01175908697876
2060,"Central America and Caribbean","Grassland",9,63.484371,54.23767677314,61.319837496593,0.854346919073042,0.965904466417301,0.845280853330052,0.858014831572004,0.962229865586011,0.96739112167658
2060,"Central America and Caribbean","Pasture",9,118.9955587,102.921710208175,115.452796327135,0.864920601512958,0.970227776468562,0.860918958128676,0.870884532831057,0.966278548712462,0.972258912826675
2060,"Central America and Caribbean","Shrubland",9,3.88564937,3.87496652647555,3.8874918606749,0.997250692868243,1.00047417831602,0.996000424084153,0.999468767763709,1.00009162265078,1.00068981459025
2060,"Central Asia","Crop",10,311.963683815501,367.576996342147,326.363475655466,1.17826854666691,1.04615855173861,1,1.32682665916701,0.95502522738047,1.09707745834597
2060,"Central Asia","Forest",10,40.0923399412,50.3135301889785,44.0297522602475,1.25494122475189,1.09820859358227,1.21241939277248,1.28439493443641,1.09006907811588,1.1028485088006
2060,"Central Asia","Grassland",10,622.7282632,705.805385768896,633.546595582031,1.13340830580258,1.01737247692346,1.13126129007912,1.13675289238908,1.00803631849772,1.03191619446544
2060,"Central Asia","Pasture",10,3646.142370717,4090.76091178544,3692.13363930111,1.12194217774908,1.01261367876183,1.11080949789213,1.13952557887473,1.00526912477283,1.02741774531301
2060,"Central Asia","Shrubland",10,606.3265858,713.1960896223,624.404646714294,1.17625732785788,1.02981571538784,1.15472844585881,1.18205982297238,1.02589826079511,1.04435056910152
2060,"China","Crop",11,1299.84219567968,1489.48653157512,1311.6422087145,1.14589796863478,1.00907803506767,0.991493114509885,1.26113486078132,0.947272378549272,1.06106116212708
2060,"China","Forest",11,1410.388005,1630.97148844855,1442.10849569359,1.15639914879207,1.02249061292434,1.15639914879207,1.15639914879207,1.02249061292434,1.02249061292434
2060,"China","Grassland",11,988.135253,1166.7580408201,1031.79409589674,1.18076754905545,1.04418306377006,1.16735300032328,1.2056916204191,1.03567988270237,1.05998187265886
2060,"China","Pasture",11,3786.65982523143,4418.84704984112,3920.173049157,1.16695115320295,1.03525883762675,1.14830998050885,1.19340827259482,1.0319717317458,1.03974527944382
2060,"China","Shrubland",11,591.0789737,688.591660470804,619.9463971633,1.16497404088053,1.04883852200425,1.14895029586847,1.17567626089921,1.03784107353325,1.05618369088284
2060,"Colombia","Crop",32,54.497386522107,52.0043655963861,54.7973295075358,0.954254303099294,1.00550380494498,0.894273882400338,1.04170069966461,0.979284314381961,1.03371089278095
2060,"Colombia","Forest",32,579.93819,588.36013996153,583.4009710629,1.01452215099256,1.00597094849522,1.01330930150901,1.01687009505212,1.00554024237017,1.0091866886715
2060,"Colombia","Grassland",32,105.11342,99.05848158848,103.54036864144,0.942396143027979,0.985034723838688,0.933798103762023,0.945931903281151,0.984436447011571,0.986489575775226
2060,"Colombia","Pasture",32,374.172685,347.279365680795,370.886563524805,0.928125915126047,0.991217633977758,0.926476133179852,0.928625217167135,0.990839358357885,0.992846834914858
2060,"Colombia","Shrubland",32,14.379744,14.39565762682,14.67858997005,1.00110666968897,1.02078242631093,0.999558994881868,1.0035466422309,1.01960641220192,1.02263646058333
2060,"EU-12","Crop",12,429.451137971699,484.987453649428,458.036249768096,1.12931928866233,1.06656196542267,1,1.37134052713271,0.991554761651386,1.170044215279
2060,"EU-12","Forest",12,385.96004473,396.192137624999,389.434723092909,1.02651075683794,1.00900268929479,1.0253159386686,1.04300554473283,1.00859920361744,1.01422855508508
2060,"EU-12","Grassland",12,149.4886413,143.951666469638,146.605627522922,0.962960564881647,0.980714161611165,0.960446259241751,0.971062200351993,0.978624863408672,0.987446331382757
2060,"EU-12","Pasture",12,69.724254033,67.4590314878704,69.0599425293723,0.96751169909889,0.990472303894234,0.960880121544637,0.986010961167058,0.985415068279983,1.00460960237537
2060,"EU-12","Shrubland",12,2.8114925,3.443333619303,2.966540890603,1.22473512531262,1.05514807192372,1.22146138623837,1.23385164705075,1.05341917682916,1.05996260031312
2060,"EU-15","Crop",13,1158.01078585061,1213.93063089152,1178.5931525487,1.04828957184525,1.01777389895637,0.860654033050009,1.15162581228206,0.873416810564887,1.04398847116003
2060,"EU-15","Forest",13,930.09164,984.65524947375,966.41690480163,1.05866476713386,1.03905557607381,1.05866476713386,1.05866476713386,1.03905557607381,1.03905557607381
2060,"EU-15","Grassland",13,439.2246877,514.842695521371,472.031438858027,1.17216247159818,1.07469241159876,1.14258355840776,1.20878614721395,1.05580512024907,1.09807805890765
2060,"EU-15","Pasture",13,269.153290594,284.661143011221,271.934438284427,1.05761717563622,1.01033295072964,1.03225681530893,1.07627075419673,1.00664492291153,1.01304564549227
2060,"EU-15","Shrubland",13,206.64704966,258.539250086812,219.047262522362,1.25111512848691,1.0600067258776,1.24563085170265,1.26012577515602,1.0556382956477,1.06718404074493
2060,"Europe_Eastern","Crop",14,392.203187365289,352.082534716785,378.69687016982,0.897704419696272,0.965562959122792,0.589423031268272,1,0.830706346692254,1.00663331404166
2060,"Europe_Eastern","Forest",14,205.8177581,181.726805577874,199.484725023695,0.882950078047098,0.969229899622034,0.872654953417355,0.914401266498349,0.965546471163998,0.9812034224433
2060,"Europe_Eastern","Grassland",14,71.9695361,41.4461671662351,59.1797393355489,0.575884873130857,0.822288742466257,0.570516140712662,0.611997011069505,0.819649206483287,0.840043266269305
2060,"Europe_Eastern","Pasture",14,84.96128317,49.9174522996451,70.4774330910821,0.587531760787613,0.829524113354821,0.578610046433302,0.619819807887744,0.824845067423154,0.844211155140667
2060,"Europe_Eastern","Shrubland",14,3.975681,4.252544059501,4.192046146959,1.06963915351886,1.0544221598662,1.06832890808878,1.07796578576979,1.05386475872431,1.05796445371295
2060,"Europe_Non_EU","Crop",15,327.270252362174,382.869358678217,346.158295954075,1.16988744291526,1.05771390297642,1,1.3940173869673,1,1.20180397041412
2060,"Europe_Non_EU","Forest",15,208.0654699,239.457827448012,213.892533271091,1.15087730589367,1.02800591262881,1.1432581100982,1.15767128228465,1.02097498318062,1.02851717454391
2060,"Europe_Non_EU","Grassland",15,233.84834,279.3456709528,252.007599052,1.19455913586045,1.07765400024648,1.16365697898003,1.20150585666758,1.06140059445286,1.08130772165662
2060,"Europe_Non_EU","Pasture",15,137.56185668,163.389744728037,147.787431642276,1.18775472119513,1.0743343773417,1.14959470944492,1.19740826298808,1.05568665295952,1.07908235010492
2060,"Europe_Non_EU","Shrubland",15,66.981747,80.40690718905,71.58253673563,1.20043012895812,1.06868721616995,1.15695254071543,1.20870761022455,1.05446356152517,1.07139518686522
2060,"European Free Trade Association","Crop",16,84.231695398096,94.2557935291261,84.7169408004658,1.11900624917561,1.0057608409765,0.932005857554255,1.35794050737971,0.965377750736194,1.14028830286326
2060,"European Free Trade Association","Forest",16,105.530357377289,120.451606150565,110.216710572359,1.14139295217138,1.04440763124032,1.14025913130327,1.14370699029779,1.04379020275207,1.04534047079588
2060,"European Free Trade Association","Grassland",16,61.247806806,80.8682013665861,68.7782173913304,1.32034444307096,1.12294988144119,1.31994401433189,1.32242330086365,1.12267413274797,1.12438145281401
2060,"European Free Trade Association","Pasture",16,19.9374102861779,23.3402703699648,21.1679419061168,1.17067713584377,1.06171973201514,1.05766311490195,1.21898630151708,0.990807516047684,1.0922227440162
2060,"European Free Trade Association","Shrubland",16,5.6915730294,7.96261831184624,6.56965519863266,1.39901891282341,1.15427758981513,1.28538916736221,1.39941406979033,1.10318039479994,1.15445528459495
2060,"India","Crop",17,1456.36939974646,1806.29010765135,1650.13388564748,1.24026919816209,1.13304624907304,0.910021645987867,1.40183531086584,0.953165634254293,1.18502282017746
2060,"India","Forest",17,1026.12334091,980.005000670679,1035.23439162014,0.955055753630531,1.00887909898049,0.955055753630531,0.955055753630531,1.00887909898049,1.00887909898049
2060,"India","Grassland",17,207.5181622,240.637785438229,222.308540858206,1.15959867265165,1.07127269488803,1.11321223499204,1.17805289288553,1.05220910436784,1.07885688793364
2060,"India","Pasture",17,55.352369893725,61.7345330157949,58.7667098699211,1.11530063002403,1.06168371801879,1.02777641264342,1.17156796620608,1.01459024853532,1.08955834052544
2060,"India","Shrubland",17,133.7505482,118.06901728268,107.121005758312,0.882755389578882,0.800901433302028,0.875500639246482,0.900399316109766,0.780131963400215,0.851413854025376
2060,"Indonesia","Crop",18,479.73701753399,504.678385435041,480.255721825684,1.05198966723322,1.00108122632346,0.884194261377221,1.12462515076019,0.929095829987953,1.02756289088192
2060,"Indonesia","Forest",18,1025.5718311,1090.63493986901,1033.14702792494,1.06344081106364,1.00738631521969,1.06163635420359,1.07055722652476,1.00707884350039,1.00869801562022
2060,"Indonesia","Grassland",18,185.980593,176.362209048798,175.660564796106,0.948282862227448,0.944510187663,0.943779358851205,0.956307565399702,0.942866074567892,0.947439800115266
2060,"Indonesia","Pasture",18,96.897716937,88.1529433711353,90.8316348034913,0.909752532440467,0.937397058204656,0.899406483435399,0.921233028681426,0.936156992717396,0.938493010520438
2060,"Japan","Crop",19,109.76212628422,101.202519168406,103.58008239696,0.922016751992856,0.943677804935632,0.822287,0.954665386653382,0.884401,0.955979169372281
2060,"Japan","Forest",19,190.7842647,178.4661674378,179.8940157446,0.935434417080624,0.942918515987026,0.93536299461058,0.935541038843785,0.942855372429768,0.943012778722591
2060,"Japan","Grassland",19,38.6204,36.8663000524,36.5928676204,0.954581,0.947501,0.954581,0.954581,0.947501,0.947501
2060,"Japan","Shrubland",19,25.58870879,24.1521099386,24.3082825402,0.943858095256396,0.949961279394434,0.943821956448085,0.943891635703858,0.949929069234477,0.949991173661243
2060,"Mexico","Crop",20,308.987229193723,333.532531516871,304.714255629631,1.07943791847707,0.986171035044902,0.930673651830158,1.37305812200307,0.904929210457689,1.17207429226187
2060,"Mexico","Forest",20,410.246788,481.993032073785,423.900935880443,1.17488557173977,1.0332827660809,1.15105295211258,1.18079010720238,1.02203252512667,1.03624242233755
2060,"Mexico","Grassland",20,143.965095131,144.04500057366,136.38691364463,1.00055503344465,0.947360980246814,0.993497339753526,1.0026891433113,0.924724263472375,0.954205884932549
2060,"Mexico","Pasture",20,720.18171311,794.210588341541,683.026943977849,1.10279193970624,0.948409174440567,1.08733665508336,1.15343542073961,0.929635200609785,0.954001707344739
2060,"Mexico","Shrubland",20,272.402372,307.4018341846,270.10362686181,1.12848442518188,0.991561214679181,1.09527449864161,1.14275238546706,0.989994599051304,0.992234278786492
2060,"Middle East","Crop",21,336.628845868335,465.814652332112,375.464992347574,1.38376332880963,1.11536785084196,1.00048643497481,1.5470226461055,0.976166906091359,1.17246707112608
2060,"Middle East","Forest",21,14.95185322,19.1756844170866,15.8484507491992,1.28249549637343,1.05996564546259,1.22453,1.28253080932894,1.01836,1.05999099189105
2060,"Middle East","Grassland",21,190.4584478,259.264844496881,203.329980184819,1.3612672343583,1.06758184020451,1.35728661736588,1.36408935797793,1.05048320743243,1.07970419598536
2060,"Middle East","Pasture",21,1952.09025528,2575.13194145265,2042.09154211723,1.31916643428113,1.04610508484113,1.28388597566776,1.37330226034463,1.03628121501618,1.06127440473644
2060,"Middle East","Shrubland",21,831.9893884,1074.53998183625,835.329749618936,1.29153087385249,1.00401490844175,1.2532246614242,1.35485413282483,0.970787673469769,1.05894220800197
2060,"Pakistan","Crop",22,117.178014316449,165.185622763705,133.354845594276,1.40969808822333,1.13805346823969,0.388378,1.84778568150898,0.420231,1.34436085062307
2060,"Pakistan","Forest",22,78.0723,32.5565394615,34.4784452706,0.417005,0.441622,0.417005,0.417005,0.441622,0.441622
2060,"Pakistan","Grassland",22,12.1658887,10.882263502589,11.145410661418,0.894489812535356,0.916119729207945,0.893619787440471,0.896159493599848,0.91562512578408,0.917068931680514
2060,"Pakistan","Pasture",22,146.60166821,137.762670624676,134.241560352707,0.939707387417569,0.915689173198306,0.939639471596834,0.948929600614541,0.90633736283499,0.91706639226281
2060,"Pakistan","Shrubland",22,162.63036,151.6108122252,120.27083615484,0.932241755015484,0.739534956172021,0.905329811630709,0.981580557787214,0.728642646834472,0.759504287054235
2060,"Russia","Crop",23,1150.35167809213,1107.26988733111,1139.81231136016,0.962549026022655,0.990838135039324,0.806362958723967,1.07173894218041,0.924690665660703,1.06700018591381
2060,"Russia","Forest",23,4982.4507666525,5458.47611560609,5095.10695645922,1.09554040195231,1.02261059769235,1.05249111500566,1.11880881137548,1.0184584907741,1.02735247940124
2060,"Russia","Grassland",23,3724.31891504,4046.25243203709,3715.71959655154,1.08644091022845,0.997691035949223,0.970920366816408,1.11899400000295,0.985945048114981,1.00100099437882
2060,"Russia","Pasture",23,820.975147685721,756.919363664419,790.11212207886,0.92197597673709,0.962406869813463,0.849488018360399,0.989932917841149,0.945762116393476,0.979615116931519
2060,"Russia","Shrubland",23,2067.807085085,2437.79097011705,2098.94888803131,1.17892572653451,1.01506030382183,1.13630567537097,1.18287844358495,1.01406564647429,1.02578516636608
2060,"South Africa","Crop",24,73.545593913966,78.8903109545979,72.2991484982735,1.07267215826531,0.983052072199585,0.978932778979764,1.30664756226888,0.918585496031984,1.08690898593292
2060,"South Africa","Forest",24,25.11917,29.7362485323,24.8648408115,1.18380697022633,0.989875095853088,1.18380697022633,1.18380697022633,0.989875095853088,0.989875095853088
2060,"South Africa","Grassland",24,197.30162,222.1819139373,200.06037204128,1.12610283654691,1.01398240947682,1.01729304486991,1.13794401095968,0.95547512172291,1.0203494375543
2060,"South Africa","Pasture",24,825.44082,850.3009538766,795.06607405718,1.03011740305816,0.963201788417951,0.910479900416611,1.08082896862566,0.892121837417407,0.99407676920167
2060,"South Africa","Shrubland",24,57.71583,68.74752997548,58.4096085414,1.19113820204058,1.01202059368114,1.16546322922102,1.20346585547203,0.988931259127431,1.02310677150658
2060,"South America_Northern","Crop",25,47.930426426416,43.9095913402279,47.7080099405699,0.916111009519996,0.995359597182229,0.799555053238303,1.05695079384194,0.954559997951074,1.04325678472532
2060,"South America_Northern","Forest",25,903.40206529636,750.815686394144,896.479512898625,0.831098040657943,0.992337240898974,0.790095035518431,0.877219988915907,0.989237139932449,0.998337553121404
2060,"South America_Northern","Grassland",25,176.823807,141.205365482379,169.145021455754,0.798565350888407,0.956573802620108,0.79679160968611,0.79944891302877,0.954086355355348,0.957812886555489
2060,"South America_Northern","Pasture",25,185.817873382801,149.686350053415,178.999544660343,0.805554101596286,0.963306389216868,0.80149258535375,0.808759858006173,0.958047157097008,0.966877828394495
2060,"South America_Northern","Shrubland",25,8.3751,8.3751,9.3551888664,1,1.11702413898342,1,1,1.11425911122538,1.11960726155779
2060,"South America_Southern","Crop",26,253.459837967042,261.696605557759,252.611329741873,1.03249732840036,0.996652297137194,0.976136085584671,1.10368390215356,0.964240012989974,1.04554626605457
2060,"South America_Southern","Forest",26,1438.86993689,1493.33987160978,1454.43898284191,1.03785605169951,1.01082032889336,1.0350368521683,1.05031723242411,1.0100779861042,1.01416450217788
2060,"South America_Southern","Grassland",26,592.7787048,602.72938996746,593.821050944812,1.016786509176,1.00175840686646,0.997781131569237,1.06532896191402,1.0005908062173,1.00221554675082
2060,"South America_Southern","Pasture",26,918.780363007,929.011162725198,907.513578281352,1.01113519632126,0.987737238213523,0.992420830248858,1.05700953842159,0.978987475534387,0.991288761443501
2060,"South America_Southern","Shrubland",26,147.69012793,159.372636276539,147.86957241036,1.07910148437325,1.00121500660116,1.0706483366504,1.10990700525117,0.998214160275415,1.01215088956096
2060,"South Asia","Crop",27,118.749115788,144.876478985805,130.773397417906,1.22002153889255,1.10125786242798,0.795918620837263,1.55979115245658,0.873062488605919,1.15374236331494
2060,"South Asia","Forest",27,204.68241426,198.263612945579,202.131339272028,0.968640191500443,0.987536423208633,0.965101979181198,0.971199193638788,0.986405454832987,0.987965360068002
2060,"South Asia","Grassland",27,83.0074817,102.738355470297,86.1665160614703,1.23769994422439,1.03805722444258,1.22066226389756,1.26413830587661,1.0224482085725,1.06227864418354
2060,"South Asia","Pasture",27,345.54855255,456.712191383743,359.447918397612,1.32170193743659,1.04022406039626,1.29913895500654,1.39553827602037,1.02672994369814,1.07462952500631
2060,"South Asia","Shrubland",27,136.81172,163.67200781598,131.2185859399,1.19633031304613,0.959118019566598,1.18414918618745,1.21111924481482,0.949597304984391,0.970676982869332
2060,"South Korea","Crop",28,20.46296006462,21.0493385243578,20.513864186108,1.02865560299615,1.00248762257891,0.905199,1.03984,0.93183,1.0128
2060,"South Korea","Forest",28,29.97457,30.5264018337,29.67896079066,1.01841,0.990138,1.01841,1.01841,0.990138,0.990138
2060,"South Korea","Grassland",28,8.93964,8.78694200916,8.679272985,0.982919,0.970875,0.982919,0.982919,0.970875,0.970875
2060,"South Korea","Pasture",28,0.76455468,0.75149532151092,0.742287024945,0.982919,0.970875,0.982919,0.982919,0.970875,0.970875
2060,"South Korea","Shrubland",28,37.61997,36.66453562191,37.00683972894,0.974603,0.983702,0.974603,0.974603,0.983702,0.983702
2060,"Southeast Asia","Crop",29,834.169363092751,870.991260892907,860.069441050211,1.04414199253691,1.03104894413939,0.903468164246269,1.1316377140998,0.946755900714131,1.07565759510853
2060,"Southeast Asia","Forest",29,1842.44204339113,1971.44028319952,1925.16289914498,1.07001481553849,1.04489739910711,1.06833431581656,1.07104896229304,1.04151868372535,1.04638066733919
2060,"Southeast Asia","Grassland",29,366.33709133,369.552637043831,372.901038467251,1.00877755976649,1.01791777926013,1.00847801501485,1.01002034000419,1.0174489055401,1.01986308789952
2060,"Southeast Asia","Pasture",29,50.3703483212155,51.0800322021358,51.4988855703767,1.01408931850926,1.02240479343054,1.00142075965209,1.0181664438044,1.01308900787823,1.02337108104986
2060,"Southeast Asia","Shrubland",29,15.19139112,15.5070334219764,15.3602340601104,1.02077770886702,1.01111438305924,1.01215236379329,1.04514278545443,1.00625652710283,1.02483696823313
2060,"Taiwan","Crop",30,1.01909083573331,1.12272714213632,1.08509674070311,1.10169486641339,1.06476940293777,1.0074035016019,1.115799119643,0.988711256732756,1.07869049112242
2060,"Taiwan","Forest",30,22.51947052,24.0506940650288,23.3137070295443,1.06799553940084,1.03526888027136,1.06799015172743,1.06819303492242,1.03500450574196,1.03527609240261
2060,"Taiwan","Grassland",30,2.04246,2.2181728338,2.1529775106,1.08603,1.05411,1.08603,1.08603,1.05411,1.05411
2060,"Taiwan","Pasture",30,7.460383442,8.1013622438473,7.86197325785009,1.08591767525497,1.05382964816383,1.0858027155657,1.08591933507337,1.05354271975849,1.05383379091204
2060,"Taiwan","Shrubland",30,0.08511504,0.0937984763808,0.09126460164,1.10202,1.07225,1.10202,1.10202,1.07225,1.07225
2060,"USA","Crop",1,1796.41797818175,1993.33680984511,1765.31271909648,1.10961749106,0.982684843136141,0.631599377708035,1.2926653319326,0.904090542225749,1.07028338630543
2060,"USA","Forest",1,2241.319460421,2420.75563398862,2200.53269749249,1.08005827671434,0.981802342928461,1.07436117448933,1.0890333171663,0.981447781698614,0.981929364343572
2060,"USA","Grassland",1,1160.1264307,1202.61042828003,1092.06820141908,1.03662014454269,0.941335506648311,1.02268016283659,1.05367542128714,0.934233505850078,0.950024656433938
2060,"USA","Pasture",1,2035.31122879945,2044.98688903596,1859.12897510277,1.0047538971434,0.913437192698728,0.981997364248416,1.06997712867424,0.906174667505424,0.934322143708078
2060,"USA","Shrubland",1,958.404341,1145.81875520085,924.15190008362,1.19554837784364,0.964260970603867,1.16767953568269,1.27105481653314,0.956918658032672,0.984153862845118
2065,"Africa_Eastern","Crop",2,506.075080350188,546.45525552311,520.323222100553,1.07979087835145,1.02815420538096,0.775532383983335,1.37684317677924,0.856420408030397,1.20103154321747
2065,"Africa_Eastern","Forest",2,303.253554,261.1152494065,292.53209469317,0.861045966196657,0.964645231142683,0.861045966196657,0.861045966196657,0.964645231142683,0.964645231142683
2065,"Africa_Eastern","Grassland",2,1039.7742564,1108.33125710912,979.982741285491,1.06593450480923,0.942495676588951,1.0527559893822,1.11261458420968,0.937544723664839,0.960032619720762
2065,"Africa_Eastern","Pasture",2,2341.1369741,2497.22081822631,2214.09566315852,1.06667010339552,0.945735208000669,1.04107694225236,1.15499972726721,0.936276609722378,0.997524715303648
2065,"Africa_Eastern","Shrubland",2,561.692169,244.3673826896,313.78880914746,0.435055705199978,0.55864907233104,0.421089073870473,0.451667869230513,0.554182799373109,0.562404079066208
2065,"Africa_Northern","Crop",3,203.679749229404,276.304219960757,232.894819292068,1.35656205885032,1.14343630220086,0.844415960596168,1.67528387624869,0.787095268781362,1.31101493927851
2065,"Africa_Northern","Forest",3,41.9646756,37.582493597088,34.348390722128,0.895574505455917,0.818507238076398,0.895574505455917,0.895574505455917,0.818507238076398,0.818507238076398
2065,"Africa_Northern","Grassland",3,51.383063,71.80518891518,54.91917055444,1.39744858953192,1.06881854346519,1.26799844464657,1.4854847680161,1.03679075942084,1.09059993053956
2065,"Africa_Northern","Pasture",3,729.58539,1047.2164929053,800.1508840898,1.43535836553046,1.09671999337843,1.36438160102148,1.46889349484136,1.08849425448381,1.09931000542594
2065,"Africa_Northern","Shrubland",3,64.0269886,82.4239886544,66.4071420193,1.28733195886086,1.03717422092377,1.27146487139383,1.3033584096402,1.0092572825637,1.06537154695902
2065,"Africa_Southern","Crop",4,363.786279031693,389.850827633561,363.519440293866,1.07164797053711,0.999266495870768,0.99847896036501,1.40823529797139,0.950421637914642,1.1799094474349
2065,"Africa_Southern","Forest",4,693.984218612,915.774309853289,766.482391721414,1.31958953142318,1.10446660192708,1.30140202934692,1.34008001052791,1.09619211473416,1.1187771288578
2065,"Africa_Southern","Grassland",4,1966.8887899,2129.62463460937,1973.21647891848,1.08273769495511,1.00321710563962,1.08082212515273,1.08326513842888,1.00204115873771,1.00748791092308
2065,"Africa_Southern","Pasture",4,2016.347469866,2114.96244345076,1983.16667185202,1.04890772798763,0.983544107099661,1.0067365779033,1.05855947304056,0.930232796062233,0.986523725902246
2065,"Africa_Southern","Shrubland",4,310.39439617,325.692349981135,284.587231316248,1.04928553479025,0.916856859620567,1.03201737703032,1.06336984023338,0.913988252949946,0.920373934192648
2065,"Africa_Western","Crop",5,1427.50089804349,1453.85799565835,1400.25428451824,1.01846380457692,0.98091306733145,0.85148405526333,1.16607459193716,0.948155669306626,1.07160965453688
2065,"Africa_Western","Forest",5,2706.504706848,3056.90101927667,2790.8144204502,1.12946451249174,1.0311507729467,1.12758794837784,1.13624126749851,1.030194894816,1.03313173430588
2065,"Africa_Western","Grassland",5,2019.46147264,2027.59681774583,1946.12070948017,1.00402847254877,0.963683009478782,1.0008372688563,1.0046879230768,0.960371149726033,0.96436739313873
2065,"Africa_Western","Pasture",5,2106.29225578,2104.42042778502,2021.51096462062,0.999111316110172,0.959748562467186,0.967562229600633,1.03147648283822,0.948408199659357,0.964433690053112
2065,"Africa_Western","Shrubland",5,249.6462989,249.6462989,249.6462989,1,1,1,1,1,1
2065,"Argentina","Crop",31,417.297498470271,569.83897801309,463.139532065783,1.36554611542606,1.10985456122685,1.00149262787755,1.95275030762461,0.948469913690558,1.30822521114041
2065,"Argentina","Forest",31,170.88917758,189.141781327173,176.222865498739,1.10680959441465,1.031211385029,1.07113661447378,1.22348708747019,1.01376076123474,1.0893709256087
2065,"Argentina","Grassland",31,727.265759,814.48556749514,725.80412598789,1.11992838575965,0.99799023535204,1.11470254001722,1.12392677820354,0.983261276465624,1.00925963763071
2065,"Argentina","Pasture",31,1013.5847611249,1283.45132977125,1060.29981500832,1.2662496310095,1.04608894655398,1.21923672687741,1.30497158731235,1.03728047954579,1.05499286875149
2065,"Argentina","Shrubland",31,183.7348925,210.552556306612,181.171250085425,1.14595847006367,0.98604705736786,1.13336536256589,1.25797876474916,0.980474706828757,1.03561515242235
2065,"Australia_NZ","Crop",6,404.625623052225,384.443289104915,391.406992142452,0.950120969119385,0.967331206535907,0.789809924419162,1.12576238186122,0.891048682465602,1.04066771717887
2065,"Australia_NZ","Forest",6,289.1204294,305.550979247198,293.255811041198,1.05682943222413,1.01430331868896,1.03708750939719,1.07182480980843,1.01141411305249,1.01636837486277
2065,"Australia_NZ","Grassland",6,1416.3373,1327.3326525227,1318.2671926121,0.937158579755472,0.930757943472999,0.924157015934231,0.947274535199589,0.92549430481052,0.937523051759629
2065,"Australia_NZ","Pasture",6,3348.503565,3240.18988215256,3157.01316253644,0.967653108098919,0.942813140632401,0.919266244234311,0.989022572709277,0.916592720257867,0.950736155827896
2065,"Australia_NZ","Shrubland",6,2261.049289,3038.84166704345,2387.12302157926,1.3439962064637,1.0557589492598,1.31493837457242,1.40264589585322,1.0529757411578,1.06137651533629
2065,"Brazil","Crop",7,617.722855197709,588.970794831154,600.894320388839,0.953454757057106,0.972757143972786,0.911216143549797,1.21500935004451,0.928002722943275,1.09424419865059
2065,"Brazil","Forest",7,4344.583633658,4200.83356034766,4364.47100736807,0.966912807893329,1.00457750969644,0.956068202513867,0.999261710182721,0.995964129433098,1.01609269189176
2065,"Brazil","Grassland",7,970.5246307,881.672377497923,931.514047257641,0.908449254772657,0.959804643583108,0.891399439781638,0.911721935287857,0.959718366427432,0.960254125142763
2065,"Brazil","Pasture",7,1771.96950120591,1697.93344788132,1716.97626591059,0.958218212404784,0.968964908674844,0.925057882597023,0.991141433759715,0.963582844181905,0.971660157863133
2065,"Brazil","Shrubland",7,597.6796527,893.060393471297,733.680360253897,1.4942124755911,1.22754782924183,1.41300277738195,1.50582876703609,1.19169120327109,1.23267678584055
2065,"Canada","Crop",8,512.502001818738,600.756425943855,527.108686947652,1.17220308176734,1.02850073770849,0.921648564568649,1.48619444046818,0.889571765321856,1.15621340814478
2065,"Canada","Forest",8,4003.6306176,4248.53660850149,3918.78070602932,1.0611709756202,0.978806758246458,1.05846487721913,1.0625147862893,0.975797795746924,0.980596613418441
2065,"Canada","Grassland",8,1095.820015,1238.81308384854,1090.57165568264,1.13048955749229,0.995210564467231,1.10441893348591,1.1347437616355,0.994998568783065,0.996509716926026
2065,"Canada","Pasture",8,100.352375471,114.886230280324,101.585006656362,1.1448282090096,1.01228302947067,1.13525510071109,1.15850951197416,1.00633630285135,1.01932849892178
2065,"Canada","Shrubland",8,881.0934181,1029.59854274114,895.859312954614,1.1685464010858,1.01675860306215,1.06778576477757,1.17006965867876,0.965353401114911,1.0175357256276
2065,"Central America and Caribbean","Crop",9,145.997885690042,141.713078053174,149.058875082231,0.970651577475822,1.02096598438889,0.918943844015317,1.07885789140278,1,1.04013143545513
2065,"Central America and Caribbean","Forest",9,328.79375,328.45824668597,335.55594510722,0.998979593395464,1.02056667776446,0.997033883453586,1.00218886654088,1.02039280895076,1.02094320115812
2065,"Central America and Caribbean","Grassland",9,65.09969,62.503295007611,66.169410971024,0.960116630472603,1.01643204400857,0.95787068986327,0.960993930689427,1.01536003315268,1.01685078854366
2065,"Central America and Caribbean","Pasture",9,119.1277897,114.683279376968,121.240175334161,0.962691238255786,1.01773209793853,0.960704796087858,0.973490103594391,1.01686503179507,1.02066241913743
2065,"Central America and Caribbean","Shrubland",9,3.95727927,3.9864749621607,3.9725848820633,1.00737771841933,1.00386771087381,1.00138508805549,1.01066096089499,1.0007261215228,1.00558892492709
2065,"Central Asia","Crop",10,304.545198481432,345.583874006067,307.469077529083,1.13475397323375,1.00960080494531,1,1.66941911493756,0.950755753408836,1.223162429962
2065,"Central Asia","Forest",10,40.4553590012,52.6398296981243,44.1706498724712,1.30118310645971,1.09183680389936,1.26640429044139,1.32139564492282,1.08458869100589,1.09668923978414
2065,"Central Asia","Grassland",10,626.390407,694.758551439453,615.586021811894,1.10914621883641,0.982751355915791,1.03201268103907,1.15940592812848,0.962334320474881,0.996054962818434
2065,"Central Asia","Pasture",10,3649.027907913,4146.09552900675,3641.87296290286,1.13621918868196,0.998039218884946,1.03230950951811,1.18782323378586,0.958672690501124,1.02019580255149
2065,"Central Asia","Shrubland",10,607.3411244,807.395567665012,664.630345942387,1.32939386981682,1.09432791431501,1.26601709303045,1.34660989647169,1.08633855795648,1.09649818833332
2065,"China","Crop",11,1282.32640983583,1475.19366667267,1286.562139884,1.15040418364427,1.0033031605804,1.03242204289878,1.26261925909418,0.944232212391624,1.04267711030183
2065,"China","Forest",11,1400.727797,1616.20717772757,1411.15977273698,1.15383387206927,1.0074475396,1.15383387206927,1.15383387206927,1.0074475396,1.0074475396
2065,"China","Grassland",11,1000.462576,1207.55864588031,1026.02368393919,1.2070003165019,1.02554928945107,1.19299183342682,1.23352737444989,1.02246471173849,1.03139037669001
2065,"China","Pasture",11,3794.49433017534,4444.34358641458,3850.89447516438,1.17126109560143,1.01486367881499,1.15275809246534,1.19718515060923,1.00954423772424,1.02189325439023
2065,"China","Shrubland",11,597.6075445,672.223784245195,596.750328525601,1.12485826263727,0.998565587094259,1.11686601018625,1.13034350349757,0.997308884662856,1.00039666130657
2065,"Colombia","Crop",32,55.742095619793,53.4610115981477,56.0802204826605,0.95907789263604,1.00606587999801,0.867233802835894,1.03857607522847,0.991955685477467,1.03067381241096
2065,"Colombia","Forest",32,580.9316,585.5587659864,578.28051286257,1.0079650788258,0.995436490049035,1.00700813366774,1.01084883796508,0.994993613933505,1.00258540883323
2065,"Colombia","Grassland",32,106.05449,100.56686219227,104.30159249152,0.948256525416981,0.983471727519693,0.947858821074574,0.948418032271926,0.980342145074246,0.991178202448596
2065,"Colombia","Pasture",32,370.973554,352.885884491426,372.343210634672,0.951242698263677,1.00369206004014,0.950843518114377,0.953417704102978,1.00262218574598,1.00711924430745
2065,"Colombia","Shrubland",32,14.466718,10.30249009032,12.48314086948,0.712151165891255,0.862886859996856,0.702563092857282,0.718173353077436,0.858204863665773,0.865827582101381
2065,"EU-12","Crop",12,427.472263346037,393.154213824556,412.615965424779,0.919718652029358,0.96524617104986,0.717095087538313,1.13013249342984,0.877683772294582,1.09308734005081
2065,"EU-12","Forest",12,401.08084216,353.726797510093,375.730774035907,0.881933915380041,0.936795614600857,0.88023083727554,0.908400379675975,0.936118565834606,0.946751407876721
2065,"EU-12","Grassland",12,143.5699599,113.508932185574,128.365547184098,0.790617565573158,0.894097534564388,0.7885396438508,0.796965712610257,0.892009594667186,0.900476287589318
2065,"EU-12","Pasture",12,64.348377596,47.567361347997,56.5371581870275,0.739216171799082,0.878610468502969,0.734590417405699,0.749419017465694,0.874506722941761,0.88751915543509
2065,"EU-12","Shrubland",12,2.579208,2.855830505215,2.627293535742,1.10725094882421,1.01864352768059,1.1058169023949,1.11079598161941,1.01788207799891,1.02052586847394
2065,"EU-15","Crop",13,1133.20037979179,1188.65518052104,1150.07337129197,1.04893644735579,1.01488968041405,0.942485686612037,1.17922327215195,0.954110937573274,1.05123805865116
2065,"EU-15","Forest",13,980.91298,991.98657291282,989.89682778622,1.01128906757134,1.00915865929944,1.01128906757134,1.01128906757134,1.00915865929944,1.00915865929944
2065,"EU-15","Grassland",13,431.7204856,503.709202520146,461.689009464981,1.1667484386804,1.06941649716559,1.15729724645042,1.17808919876225,1.06056616378177,1.08003626926502
2065,"EU-15","Pasture",13,257.00883024,270.712881804886,259.19167511384,1.05332132577736,1.00849326800095,1.00624004629037,1.09089379974745,0.993485284403642,1.02047015306435
2065,"EU-15","Shrubland",13,205.23930639,265.166421558978,220.930856568187,1.2919865410922,1.07645489772008,1.28806174713368,1.29440181164584,1.07509055821919,1.07867193772099
2065,"Europe_Eastern","Crop",14,389.51899003946,311.231233688858,357.780853015675,0.799014275677109,0.918519666985761,0.485721762317597,1,0.782113552705201,1
2065,"Europe_Eastern","Forest",14,212.90578502,169.229669197828,198.587705763967,0.794857073432414,0.932749224006814,0.792095714255322,0.805718883639754,0.93250409541776,0.935644375065701
2065,"Europe_Eastern","Grassland",14,71.5872398,33.4068043955708,54.8438745758736,0.466658645994768,0.766112434689423,0.462123273001347,0.496979150870981,0.763381703169747,0.784368299968437
2065,"Europe_Eastern","Pasture",14,84.591111,40.580105871219,65.761871669348,0.479720686860573,0.777408771346531,0.470677125262661,0.500912109818504,0.771092346509277,0.789759948272572
2065,"Europe_Eastern","Shrubland",14,3.9632332,4.141862027175,4.094577189425,1.04507149041217,1.03314061595593,1.04351841537681,1.05490554406704,1.03249712598693,1.03721518720169
2065,"Europe_Non_EU","Crop",15,317.792880497184,329.556706638265,309.867177782881,1.03701727402665,0.975060162764176,0.766523055878519,1.22817606876361,0.867633671702876,1.05708268352757
2065,"Europe_Non_EU","Forest",15,233.8412029,220.253809968461,213.38595966775,0.94189478687659,0.912525068385842,0.933131061207089,0.942414832336672,0.905673066993837,0.91378262198677
2065,"Europe_Non_EU","Grassland",15,228.90624,261.52745077732,234.79772649591,1.14250904989449,1.0257375530519,1.13043658977161,1.14529501980632,1.02471980559733,1.0259724193308
2065,"Europe_Non_EU","Pasture",15,130.72744988,147.012089178816,132.771399523571,1.12456939467391,1.01563519861702,1.087697468819,1.13476011654118,1.00734991228594,1.01763172180973
2065,"Europe_Non_EU","Shrubland",15,65.6929465,78.618633494625,68.717388809178,1.19675912991093,1.046039072234,1.14453580963654,1.20693473236167,1.03208888495973,1.04875723643863
2065,"European Free Trade Association","Crop",16,82.4554116527023,93.0588081999437,83.2640109064781,1.12859552010852,1.00980650314599,0.896988386025424,1.36911176458837,0.961789832078156,1.14097997865686
2065,"European Free Trade Association","Forest",16,108.379844116667,124.365065670372,113.273730993592,1.14749256823526,1.04515495401208,1.14623410579285,1.15016300302653,1.04403692469526,1.04712984353146
2065,"European Free Trade Association","Grassland",16,60.45641635,80.262939984426,67.9580881137805,1.32761656793814,1.12408396356726,1.32675408034521,1.33248361554135,1.12362219570492,1.12668973573845
2065,"European Free Trade Association","Pasture",16,19.8646354385792,23.0927145188786,21.2829383884255,1.16250381691023,1.07139838806666,1.06053509583401,1.20519539931461,1.00211813440346,1.10072032317612
2065,"European Free Trade Association","Shrubland",16,5.68994148676,7.42375534279576,6.29095318025529,1.30471558627979,1.10562704289557,1.29638936576727,1.30474214632048,1.1040953959319,1.10563192873851
2065,"India","Crop",17,1507.19484262167,1837.23029932399,1646.44113893815,1.21897331875701,1.09238772080341,0.935673236065092,1.36221379912408,0.98287822310953,1.16322845664616
2065,"India","Forest",17,938.95606724,976.71767948012,993.390287624684,1.04021659112456,1.0579731281195,1.04021659112456,1.04021659112456,1.0579731281195,1.0579731281195
2065,"India","Grassland",17,225.580842,279.483648780803,248.586179745316,1.23895117290502,1.10198267521901,1.1967633466748,1.25391445403176,1.08129294517087,1.10932095914615
2065,"India","Pasture",17,59.9763327570547,71.1366557002052,64.8459524738082,1.18607878191482,1.08119235526585,1.12506480292881,1.22621745898601,1.04811713872731,1.10074315600618
2065,"India","Shrubland",17,139.4070673,137.28240470868,119.061440901369,0.98475929066962,0.854055990182709,0.973406201994968,1.0140184517367,0.832005132575035,0.910885423379219
2065,"Indonesia","Crop",18,486.864516639922,500.10384441313,475.943373990232,1.02719304307609,0.977568415285095,0.82817638649209,1.08653061127433,0.859775905224675,1.0012040505374
2065,"Indonesia","Forest",18,1023.3499951,1086.1968249769,1017.41558978548,1.06141284035552,0.994201001277245,1.05949523043034,1.06884408913787,0.99223291817879,0.995907655700581
2065,"Indonesia","Grassland",18,185.537102,164.994387421052,166.531819190888,0.88927974859202,0.897566133111684,0.882866188334837,0.900665398551746,0.894408838721563,0.903171108710916
2065,"Indonesia","Pasture",18,96.545115413,79.9089312258096,84.4634889064833,0.827684869234199,0.874860302824913,0.811137149611886,0.844572961335847,0.871016713769782,0.878292227036067
2065,"Japan","Crop",19,111.708241112192,105.232311777986,105.718029513097,0.942028186374341,0.946376278603485,0.870282,0.984948300174218,0.904565,0.953403449069201
2065,"Japan","Forest",19,190.1666876,181.673702216,179.863815125,0.955339257936362,0.945821886025216,0.955289708807634,0.955412835951402,0.945761777791013,0.945911143791671
2065,"Japan","Grassland",19,37.892,37.32058864,36.10842356,0.98492,0.95293,0.98492,0.98492,0.95293,0.95293
2065,"Japan","Shrubland",19,25.17121771,24.5849256978,24.0794417461,0.976707840718923,0.956626017204314,0.976692539470326,0.976721560472195,0.956597523663404,0.956651565730546
2065,"Mexico","Crop",20,320.794496211616,363.700482968056,317.710986990147,1.13374913617014,0.990387898614586,0.926858383835348,1.40237811778183,0.886248845397938,1.13118192578859
2065,"Mexico","Forest",20,408.7174977,511.89925739735,431.72105252403,1.252452513724,1.05628228532784,1.22336113481597,1.25839341160464,1.04571375861859,1.05872463957657
2065,"Mexico","Grassland",20,143.894892601,150.95107344027,136.388064713614,1.04903704858265,0.947831172102812,1.0430666483549,1.06876916071023,0.936359594793441,0.951302159260074
2065,"Mexico","Pasture",20,712.2747868,844.714842706153,678.749640605932,1.18593955361127,0.952932285663676,1.17429332731777,1.18928558834991,0.905111016164937,0.967420263092733
2065,"Mexico","Shrubland",20,272.269715,367.7189930743,279.71785464916,1.35056883970478,1.02735574042511,1.27614801774632,1.52366921852947,1.02024767821712,1.04388885882576
2065,"Middle East","Crop",21,332.02800654929,478.875866232617,367.931800567899,1.44227552130163,1.10813483594879,1.00514507372098,1.64362877216671,0.880116245054309,1.19490379335239
2065,"Middle East","Forest",21,15.875804988,19.703562946982,16.1903237089861,1.2411063855896,1.01981119831239,1.24089741336421,1.60567,1.0197187112489,1.18116
2065,"Middle East","Grassland",21,190.7194827,263.941038405548,199.177859241501,1.38392278895138,1.04434982950749,1.36268128948636,1.39894710733786,1.02709738380872,1.05655265151403
2065,"Middle East","Pasture",21,1956.49610489,2465.85656049526,1923.82172607225,1.26034319942278,0.983299543129126,1.22754615512465,1.31102813482691,0.971910171583096,1.00086989260646
2065,"Middle East","Shrubland",21,831.989181,1085.99027346364,826.358512914941,1.30529374451522,0.993232282085338,1.29246990951371,1.32649259217993,0.976411476670557,1.02103844861381
2065,"Pakistan","Crop",22,127.432713783775,155.342867418134,138.553537347296,1.21901874962591,1.08726820008236,0.363514,1.68475045473193,0.464642,1.3711438791551
2065,"Pakistan","Forest",22,85.5886,31.9890816044,40.2447011946,0.373754,0.470211,0.373754,0.373754,0.470211,0.470211
2065,"Pakistan","Grassland",22,11.678502,10.45422920912,10.736120985608,0.895168679092575,0.919306344735652,0.894628060893325,0.89541743688291,0.91908419981921,0.919789125936344
2065,"Pakistan","Pasture",22,151.419029947,135.351165696336,138.064489866923,0.893884776198286,0.911804083774995,0.893581504447848,0.945096849775737,0.908890481352051,0.92385605102736
2065,"Pakistan","Shrubland",22,148.217601,129.24452568231,104.73876087183,0.871991752735965,0.70665535108634,0.842841041269404,0.918115276606101,0.692666487573155,0.728789139515708
2065,"Russia","Crop",23,1074.96101271236,1087.5594744807,1062.47176434877,1.01171992436875,0.988381673180802,0.848797701488846,1.22825683027391,0.924112370208708,1.08259456664204
2065,"Russia","Forest",23,5028.4549345694,5387.84645779052,4976.10470716248,1.07147156092628,0.989589202232474,0.988753399980363,1.11555675588456,0.970896707194209,1.0006752376296
2065,"Russia","Grassland",23,3741.17660391,4012.93849206067,3643.05646160241,1.07264075367804,0.973772918871288,0.94841554201878,1.10836751513072,0.952886529797181,0.979779775531796
2065,"Russia","Pasture",23,833.66825368189,790.520149381564,792.787293882973,0.94824307617597,0.95096255660646,0.905980685911421,1.01554875797881,0.94189946215412,0.968512159515837
2065,"Russia","Shrubland",23,2070.879745274,2437.98983382439,2066.87418904088,1.17727252844507,0.998065770722677,1.08603237033348,1.18588257889323,0.990614052780312,0.998768966209589
2065,"South Africa","Crop",24,76.922125003105,69.4582900197372,67.9876648351436,0.902968944460823,0.883850580472123,0.635204691567198,1.3565670484724,0.736572251494361,1.1313268504348
2065,"South Africa","Forest",24,24.018397,30.07312224455,24.168971722154,1.25208698334656,1.00626914119847,1.25208698334656,1.25208698334656,1.00626914119847,1.00626914119847
2065,"South Africa","Grassland",24,198.43555,213.89858883102,194.41204623067,1.07792474096007,0.979723876244302,0.960113728152993,1.09066428468427,0.923835365004509,0.985767404057662
2065,"South Africa","Pasture",24,823.24545,805.32617946082,767.06923683009,0.978233380410205,0.93176249784325,0.859426582559062,1.02669009969468,0.867536903080195,0.959008266979528
2065,"South Africa","Shrubland",24,58.05216,50.35133041032,48.69527534814,0.867346372819203,0.838819353976493,0.831684493235647,0.884322741368048,0.814549107261298,0.850372885585593
2065,"South America_Northern","Crop",25,46.5255028924836,46.637753099652,48.4872041108278,1.00241265972832,1.04216399815984,0.878369837798122,1.1921273632591,1,1.08254306997406
2065,"South America_Northern","Forest",25,909.27251230761,745.79732934226,887.528639449107,0.820213213582722,0.976086516897646,0.768843153720846,0.8855545232011,0.966903358176102,0.991806933967523
2065,"South America_Northern","Grassland",25,177.5054831,174.009292017277,189.873430342779,0.980303757260538,1.06967642366186,0.978133800306781,0.984685080739185,1.06910058340844,1.07083909300326
2065,"South America_Northern","Pasture",25,180.628752441104,176.936094958877,193.780987209368,0.979556646257462,1.07281362789987,0.967719119144761,0.985774710797509,1.06904745470849,1.07356237128945
2065,"South America_Northern","Shrubland",25,8.432843,8.432843,9.48894930922,1,1.1252372787232,1,1,1.12041539000079,1.12968266383726
2065,"South America_Southern","Crop",26,244.513842109933,268.425492370623,245.506892509559,1.09779262414902,1.00406132589901,0.965054334027494,1.25545522462893,0.96312828255341,1.07478020094723
2065,"South America_Southern","Forest",26,1452.66407519,1524.49921877391,1449.23639947202,1.04945062303858,0.997640420950365,1.04746569138042,1.05723853692121,0.996971245628675,1.00021218656446
2065,"South America_Southern","Grassland",26,595.1170255,626.672968207155,597.259788863015,1.05302476883541,1.00360057479655,1.04544529978505,1.07249008063482,0.999757867111166,1.00509686133289
2065,"South America_Southern","Pasture",26,912.735754638,966.584207976251,909.714284737873,1.05899676118156,0.996689655374215,1.05469940118612,1.07049364799662,0.981241934738313,1.00338701102742
2065,"South America_Southern","Shrubland",26,148.38591567,160.105069017815,144.337974031372,1.07897753162691,0.972720176167995,1.07881041973153,1.07959018823271,0.956561534071916,0.977127704433931
2065,"South Asia","Crop",27,119.633328470698,153.489637739976,136.604444850338,1.28300064624191,1.14185943496336,0.978756299930755,1.58404582546286,0.985613706871286,1.19233149380408
2065,"South Asia","Forest",27,187.91007346,223.455058589804,205.061511487081,1.18915955103051,1.09127471301176,1.17904246276193,1.19803661420945,1.08818035523149,1.09352836134917
2065,"South Asia","Grassland",27,87.1004647,111.504363602059,93.1914274795901,1.28018104135395,1.06993031323735,1.26454051364802,1.30641930793666,1.05953366380356,1.08737154441189
2065,"South Asia","Pasture",27,352.710289871,490.272942944224,386.248160297393,1.39001599052734,1.09508616955479,1.37324216973353,1.43366530047943,1.09223273029195,1.11234065953931
2065,"South Asia","Shrubland",27,137.93002,176.5374922678,137.32668864544,1.27990623265189,0.995625815507313,1.2715177353886,1.28990954759368,0.985903490288082,1.00721972536768
2065,"South Korea","Crop",28,20.25672173735,21.2402672932787,20.368492200217,1.04855403399827,1.00551769749894,1.00465,1.07573,0.974004,1.02383
2065,"South Korea","Forest",28,30.23085,30.4754175765,29.59240467885,1.00809,0.978881,1.00809,1.00809,0.978881,0.978881
2065,"South Korea","Grassland",28,8.93569,9.5503761151,8.9962739782,1.06879,1.00678,1.06879,1.06879,1.00678,1.00678
2065,"South Korea","Pasture",28,0.72884838,0.7789858600602,0.7337899720164,1.06879,1.00678,1.06879,1.06879,1.00678,1.00678
2065,"South Korea","Shrubland",28,37.60787,39.9579857963,38.375070548,1.06249,1.0204,1.06249,1.06249,1.0204,1.0204
2065,"Southeast Asia","Crop",29,817.064581305818,876.707007317206,848.704630201482,1.07299597531944,1.03872404901593,0.949294275886287,1.18078173194902,0.963424856678527,1.0877980688877
2065,"Southeast Asia","Forest",29,1861.19915769219,1995.26148375273,1939.08364973101,1.07203008098648,1.04184640408681,1.06741078974205,1.07389333732042,1.03839500372592,1.0433770777205
2065,"Southeast Asia","Grassland",29,367.04949952,376.506685049507,373.359605845499,1.02576542276144,1.01719143149289,1.02158669398336,1.0267701882182,1.0107929370452,1.01872993435771
2065,"Southeast Asia","Pasture",29,49.3585753399531,51.3231879945676,50.7228829512089,1.03980286386071,1.02764074128678,1.02433373388847,1.04273263460394,1.01805356530678,1.03456149967219
2065,"Southeast Asia","Shrubland",29,15.2346382,15.47612785433,15.37243488448,1.01585135473253,1.00904495943199,1.0104122538113,1.03127507828525,1.00521869769278,1.01989513562113
2065,"Taiwan","Crop",30,0.895025839636673,0.95326425401795,0.938690250160665,1.06506897544424,1.04878564236952,0.975567362651778,1.10804555378587,0.982835385070102,1.07675997765276
2065,"Taiwan","Forest",30,22.58488298,22.3177054944456,22.8211013269203,0.988170074390423,1.01045913530433,0.988165131361502,0.98838661784719,1.01021644269578,1.0104646752389
2065,"Taiwan","Grassland",30,2.04797,2.1274721954,2.1351725626,1.03882,1.04258,1.03882,1.03882,1.04258,1.04258
2065,"Taiwan","Pasture",30,7.5130993747,7.80345590524607,7.83076538308631,1.03864670438459,1.04228161941476,1.03846658413076,1.03864820465829,1.04197148815942,1.0422842025877
2065,"Taiwan","Shrubland",30,0.08555464,0.0958374521816,0.093066337392,1.12019,1.0878,1.12019,1.12019,1.0878,1.0878
2065,"USA","Crop",1,1827.51791150421,2098.4427517676,1827.10584106533,1.1482474336136,0.999774519069668,0.625162356334787,1.41660498703203,0.855333191945983,1.13453901024824
2065,"USA","Forest",1,2245.785444721,2511.1933621331,2246.36877349395,1.11818044240868,1.00025974376774,1.10304715359023,1.15942976649495,0.997938492485225,1.00874708364365
2065,"USA","Grassland",1,1159.41764022,1333.69333056883,1147.94685162536,1.150313126438,0.990106422227227,1.12436699344543,1.18202243207697,0.977966512253813,1.00494285723228
2065,"USA","Pasture",1,2012.87968539693,2302.00871944029,1958.89501922657,1.14363950122848,0.973180381042146,1.12626298961909,1.19222272328243,0.970718037093453,0.980005023433632
2065,"USA","Shrubland",1,956.161343,1262.5148561023,970.26407772535,1.32039939215813,1.01474932533991,1.27699694042536,1.43902158960949,1.00172422798324,1.05034790580671
2070,"Africa_Eastern","Crop",2,589.14478233008,538.501584896206,570.817682359205,0.91403947051253,0.968892027018569,0.679011372581407,1.27171278304091,0.859540329910774,1.11091416874673
2070,"Africa_Eastern","Forest",2,318.091794,262.60507302131,304.44121814911,0.825563808858615,0.95708604840372,0.825563808858615,0.825563808858615,0.95708604840372,0.95708604840372
2070,"Africa_Eastern","Grassland",2,1022.0866926,964.623296804952,903.404936644814,0.943778354408595,0.883882887024699,0.929880441192356,0.947789448052348,0.870944363663384,0.887617089995076
2070,"Africa_Eastern","Pasture",2,2281.3803077,2206.73192325884,2058.46900451004,0.967279289564651,0.902291037387497,0.959962547371729,0.980109061379838,0.900439661426196,0.910122129501675
2070,"Africa_Eastern","Shrubland",2,551.771782,179.57299623448,287.61720133696,0.325447951657811,0.521261163980582,0.308871792464075,0.344522957742433,0.517976641950311,0.52411540999275
2070,"Africa_Northern","Crop",3,209.151413696798,256.517656337663,215.473008467435,1.22646867072833,1.03022496792587,0.600345676026601,1.56232316375238,0.672207219777451,1.17407456398823
2070,"Africa_Northern","Forest",3,58.381669,37.05791269102,40.15045566081,0.634752540065616,0.68772366992129,0.634752540065616,0.634752540065616,0.68772366992129,0.68772366992129
2070,"Africa_Northern","Grassland",3,51.049865,57.67656114434,47.178221365618,1.12980829908835,0.924159571540845,1.00053961377693,1.21631273863506,0.887632434286538,0.948602920127686
2070,"Africa_Northern","Pasture",3,716.05169,844.55141628068,678.62343557783,1.17945593603819,0.947729675182849,1.10986609610318,1.21487484869677,0.932331413186541,0.952058615278294
2070,"Africa_Northern","Shrubland",3,63.0171717,79.6666439404054,63.5210476127871,1.26420532358493,1.00799585095926,1.24511232197454,1.28412146767741,0.982206845540938,1.0348966787282
2070,"Africa_Southern","Crop",4,359.117677191325,395.937433516979,367.21560182416,1.10252838738996,1.02254950159004,0.914722581214085,1.40754137717231,0.952861837558469,1.14453221047439
2070,"Africa_Southern","Forest",4,699.667687612,929.920210960752,774.651058684818,1.32908840500354,1.10716997854902,1.30846089294273,1.35270051981513,1.09848593874167,1.11606251343494
2070,"Africa_Southern","Grassland",4,1969.8499399,2144.72516078886,1989.97522972288,1.08877590995471,1.01021666138889,1.08365137093469,1.10742295084493,1.00594626736654,1.02575566141228
2070,"Africa_Southern","Pasture",4,2014.13713091,2148.79730227598,2013.23678426196,1.06685749907462,0.999552986420726,1.03138460716071,1.19365529738295,0.988141916292295,1.04087383716941
2070,"Africa_Southern","Shrubland",4,309.33480895,370.017000660271,319.232174901057,1.19616994258179,1.03199564247119,1.19264267764539,1.19902499891385,1.02282558709872,1.0433247411012
2070,"Africa_Western","Crop",5,1449.10642492745,1499.18590266343,1422.0134699938,1.03455886805449,0.981303681725791,0.902651688709965,1.12405807966265,0.941247228362758,1.06677485444151
2070,"Africa_Western","Forest",5,2719.513019848,3061.71202803297,2807.53157785718,1.12583098727143,1.03236555860067,1.12280342174317,1.12673753243142,1.02973904895089,1.0329471387647
2070,"Africa_Western","Grassland",5,2005.36327013,2010.16231046584,1933.77151344902,1.0023931027397,0.96429985641637,0.997461691096503,1.00342081812364,0.959647011231289,0.965269518030894
2070,"Africa_Western","Pasture",5,2091.14833688,2069.82008972395,1999.38425416444,0.989800700992895,0.956117851088234,0.945629733784391,0.998159782229898,0.936561700643631,0.960570293669017
2070,"Africa_Western","Shrubland",5,248.2209699,248.2209699,248.2209699,1,1,1,1,1,1
2070,"Argentina","Crop",31,457.084245332007,424.572731959763,378.707615610342,0.928871944932976,0.828529137632527,0.711294122027315,1.8703246304823,0.698447428939062,1.38027750510576
2070,"Argentina","Forest",31,170.55570195,175.308819289772,164.344463848014,1.02786841650809,0.96358234857603,0.983807800510036,1.17539908619134,0.938608655669067,1.04883858195309
2070,"Argentina","Grassland",31,717.459242,668.969568630281,631.396388469093,0.932414734480877,0.880044957967233,0.825743053254256,1.01149234065921,0.793575644052398,0.944146191524632
2070,"Argentina","Pasture",31,996.2807399471,871.705616411556,835.390860805341,0.874959819516175,0.838509495676588,0.804368233542612,0.951315220603816,0.780737927998487,0.899337671193797
2070,"Argentina","Shrubland",31,178.9687042,166.189123351058,154.67114234644,0.928593209041395,0.864235694379241,0.928286623812275,0.93124169892236,0.864210722955316,0.864451414372568
2070,"Australia_NZ","Crop",6,389.658831277249,433.806065086423,392.187507060307,1.1132971468001,1.00648946098506,0.948655812270972,1.24215672460534,0.884986062652705,1.11549509852086
2070,"Australia_NZ","Forest",6,290.8714374,331.924108547394,296.494356175058,1.14113682496415,1.01933128541365,1.1329308727508,1.15081569569787,1.01535235226279,1.02413254539378
2070,"Australia_NZ","Grassland",6,1418.3328,1452.68807928,1332.8248789144,1.02422229767231,0.939712371394358,1.0129431041911,1.03302640699368,0.932332681601884,0.949166700726525
2070,"Australia_NZ","Pasture",6,3362.833814,3324.6674577583,3086.8624109766,0.988650537507144,0.917934867350719,0.974729983019648,1.02888691586314,0.914053192704911,0.928919827576361
2070,"Australia_NZ","Shrubland",6,2258.695612,3262.49236241217,2427.03220427975,1.44441435361153,1.07452823274876,1.44108233247185,1.44606000758825,1.05659268484061,1.08338643157242
2070,"Brazil","Crop",7,600.583421502413,563.854650854391,581.681195196747,0.938844847638083,0.968526892969539,0.852038211876807,1.22450515051879,0.914323070987502,1.09802438671948
2070,"Brazil","Forest",7,4355.868307041,4242.85452068923,4409.0270667211,0.974054820213667,1.01220394096722,0.964479049943844,1.00489448754589,1.00425144946994,1.0222416991257
2070,"Brazil","Grassland",7,975.6577244,913.348320250728,959.068408175762,0.936136000780816,0.982996786875807,0.916554335009953,0.939871118450136,0.981711284293499,0.983241990908258
2070,"Brazil","Pasture",7,1771.47055391516,1706.77553005601,1740.24550392224,0.963479481092039,0.982373373396517,0.943955012604876,1.00387472016407,0.980843516448944,0.987150819189327
2070,"Brazil","Shrubland",7,601.097847,867.226183021666,726.94741883853,1.44273713065165,1.20936619964059,1.36988790155345,1.45308985724505,1.1766493566604,1.21401564527736
2070,"Canada","Crop",8,492.61149205153,631.961847678807,540.706548748199,1.28288084601303,1.09763283535342,1.0504955240065,1.68318360377867,0.974191690742159,1.31453985105627
2070,"Canada","Forest",8,4023.7408095,4358.52784119242,3973.36075351907,1.08320293168536,0.987479298899674,1.07714490157505,1.08654713944434,0.983878203112989,0.988175893311797
2070,"Canada","Grassland",8,1095.723763,1281.36726014126,1113.41895496811,1.16942545503712,1.0161493184374,1.10385115547839,1.18011916889484,1.01174168781695,1.01686810523288
2070,"Canada","Pasture",8,100.613940917,111.900608900101,102.063754970657,1.11217797335273,1.014409673654,1.09347385697109,1.15654063152149,1.00817107651724,1.01654408832856
2070,"Canada","Shrubland",8,881.1094898,1071.76284919595,911.380094660018,1.21637873794688,1.03435510025762,1.09450538447325,1.21822342551298,0.983887316761137,1.03511898579987
2070,"Central America and Caribbean","Crop",9,151.031028498149,137.888109648108,148.222830960981,0.912978684044374,0.981406486037388,0.806797313404172,1.00900389473179,0.954714019958221,1.01716285732356
2070,"Central America and Caribbean","Forest",9,327.47272,326.87026035108,331.97000936462,0.998160275308062,1.01373332522056,0.993079828899269,0.99954235137803,1.01061482525296,1.0152087438415
2070,"Central America and Caribbean","Grassland",9,64.391479,57.176623304374,62.250093428891,0.887953253944889,0.966744271068708,0.87896653416369,0.891517531561302,0.962732291626958,0.968335486647906
2070,"Central America and Caribbean","Pasture",9,117.7231647,106.050245868061,114.477660303704,0.900844333724074,0.972431046985812,0.887751095625539,0.909238786755745,0.964030771308903,0.975742418716848
2070,"Central America and Caribbean","Shrubland",9,3.91637297,3.91261600341173,3.91572915538187,0.999040702553856,0.999835609472575,0.998606929202904,0.999819765094549,0.999761275666901,0.999969113947622
2070,"Central Asia","Crop",10,315.702990288793,346.385841589314,309.132442491327,1.09718897902251,0.979187565529692,0.831282388404958,1.54764889212027,0.855383200949439,1.14068189835245
2070,"Central Asia","Forest",10,42.5727712212,48.0742077763385,42.3347313677695,1.129224299883,0.99440863616339,1.07686810901162,1.16240445608234,0.979131906688296,1.00489806968263
2070,"Central Asia","Grassland",10,626.4262077,643.485497019061,586.656906085228,1.02723271968728,0.936513988198562,1.02493565991957,1.03075750494456,0.923930801718738,0.955822597759857
2070,"Central Asia","Pasture",10,3638.242012276,3760.25367692015,3413.83078754148,1.03353588470268,0.938318774843092,1.01963405575218,1.03584066102833,0.919755561000539,0.953516309777879
2070,"Central Asia","Shrubland",10,606.5089899,724.483414491387,612.410901518916,1.19451389271384,1.0097309548864,1.12406285916247,1.2135288625785,0.993404082966641,1.01413763228897
2070,"China","Crop",11,1331.16424363242,1450.0216282311,1288.56205505384,1.08928829418851,0.967996294384887,0.945370842901418,1.18810654663286,0.881194408405508,1.04344241931062
2070,"China","Forest",11,1316.954597,1566.95832280475,1341.97089957569,1.18983473414669,1.01899556950003,1.18983473414669,1.18983473414669,1.01899556950003,1.01899556950003
2070,"China","Grassland",11,1012.506263,1164.49289286836,1015.09678522971,1.15010932319375,1.00255852464758,1.13580004465746,1.17770442974688,0.995416586169862,1.01633158474901
2070,"China","Pasture",11,3812.3650989427,4354.55754104659,3826.53827203942,1.14221944331991,1.00371768514528,1.12756342895997,1.14951039833174,0.991008864491828,1.01333914493888
2070,"China","Shrubland",11,602.7391565,672.337288024088,604.1651125874,1.11546973640842,1.0023657930168,1.1153052858954,1.11570439750405,0.999953015884397,1.00405666740802
2070,"Colombia","Crop",32,56.140103806561,54.7028158739405,56.6808216895525,0.974398196028051,1.00963157967884,0.910502124222525,1.06487751473999,0.97993254444834,1.04525181173471
2070,"Colombia","Forest",32,581.047,600.8414865417,585.30189393316,1.03406692839254,1.00732280509694,1.03317463659503,1.04076743463683,1.00648755208425,1.01947688581466
2070,"Colombia","Grassland",32,106.4703,101.77486512449,104.92407352084,0.955899111061864,0.98547739154337,0.953051984519324,0.957048983710023,0.983143527499819,0.991256123888827
2070,"Colombia","Pasture",32,370.03203,356.71142995494,372.32023887253,0.964001494559647,1.00618381298649,0.961381856177424,0.972576823602468,1.00418410105784,1.01261196469363
2070,"Colombia","Shrubland",32,14.508598,12.91037107927,13.69782022592,0.889842773179738,0.94411742788104,0.888874011638001,0.890448389681807,0.943934632313761,0.944409832917848
2070,"EU-12","Crop",12,435.214352904856,395.595853140561,417.813959160271,0.908967846533876,0.960018796189865,0.656603104725988,1.24050241189665,0.86526594584235,1.07551395515028
2070,"EU-12","Forest",12,391.65343943,376.391269760047,383.882431890375,0.961031442256284,0.980158459604147,0.960016451567715,0.973844642644505,0.979270577955731,0.984465571768017
2070,"EU-12","Grassland",12,144.7384732,109.243008684895,126.366821515899,0.754761372492457,0.873070018786813,0.753162343159417,0.75969925539619,0.870620671405002,0.880633726538781
2070,"EU-12","Pasture",12,64.922950741,46.0840333029473,56.4316230225881,0.7098265371023,0.869209152980635,0.681411641378769,0.715225141755071,0.862320155024006,0.878191092120098
2070,"EU-12","Shrubland",12,2.5570249,2.61760719507,2.43076684486,1.02369249320568,0.950623063881779,1.02004415983588,1.03260240420328,0.948608934066978,0.955541944797664
2070,"EU-15","Crop",13,1156.38794137552,1124.82684535706,1110.51991323398,0.972707173008982,0.960335086089728,0.809567794304191,1.05746301282097,0.883248460288121,1
2070,"EU-15","Forest",13,990.98126,965.50802191278,968.56232722762,0.974294934611357,0.97737703660271,0.974294934611357,0.974294934611357,0.97737703660271,0.97737703660271
2070,"EU-15","Grassland",13,421.6189545,460.744774255042,429.764384082566,1.0927990056838,1.01931941032449,1.07762200501104,1.10601415853233,1.01694880280406,1.02138358238336
2070,"EU-15","Pasture",13,243.706957887,234.089806912106,230.440336330624,0.960538053331441,0.945563222029438,0.920483719469429,0.995782642772059,0.933947949295401,0.955783727010553
2070,"EU-15","Shrubland",13,200.90871354,259.470014597532,213.674271030767,1.29148213646728,1.06353909328191,1.28405125726142,1.29621637599485,1.06136295544907,1.06695476696657
2070,"Europe_Eastern","Crop",14,370.114900728009,362.377802509792,381.857755417196,0.979095415496651,1.03172759233981,0.670145594456485,1.03924099988538,0.900780032687005,1.07899411223395
2070,"Europe_Eastern","Forest",14,218.7671474,219.535830375618,230.898377028329,1.00351370388449,1.05545270289669,1.0030414286072,1.00439352331209,1.05132909666317,1.05750941082678
2070,"Europe_Eastern","Grassland",14,76.5378988,53.1788336541156,69.5169494259764,0.694803940111766,0.908268328709024,0.693866709374779,0.69493380760795,0.907928821632932,0.908315372550171
2070,"Europe_Eastern","Pasture",14,87.94386274,59.2930826121809,79.3423233061797,0.674215127296339,0.902192840229794,0.664211575332616,0.678084647764794,0.899642932812652,0.903122841183027
2070,"Europe_Eastern","Shrubland",14,4.2459751,3.3584299742489,3.9790330607751,0.790967891980549,0.937130568847448,0.790883732112566,0.791544813075813,0.935750706737706,0.93733185982804
2070,"Europe_Non_EU","Crop",15,330.641615566686,299.782538908968,304.860325608465,0.906669108772565,0.922026482014268,0.605709566463979,1.00161799930794,0.807882122983309,1
2070,"Europe_Non_EU","Forest",15,227.5131899,219.716073906634,214.194991199166,0.965728949619171,0.941461861148851,0.958333335405023,0.966898969813357,0.932968492390698,0.942382131647452
2070,"Europe_Non_EU","Grassland",15,226.40944,210.71093123957,210.8063839306,0.930663188070118,0.931084781317422,0.925247020127847,0.931930088572467,0.928619262057393,0.931661493048369
2070,"Europe_Non_EU","Pasture",15,129.96261728,118.906421894069,120.081016249522,0.914927879898645,0.923965820038938,0.888114346878585,0.923562517385202,0.917273591442288,0.926147424126485
2070,"Europe_Non_EU","Shrubland",15,64.7991848,64.029642728644,61.4226172692936,0.9881242013502,0.947891820844228,0.947651743280216,0.996140486700997,0.940301035536094,0.949395309981493
2070,"European Free Trade Association","Crop",16,81.2980208222491,91.4406976143755,82.1035516519506,1.12475920925926,1.00990836949724,0.789720743999224,1.36063679361228,0.923121751403656,1.13645612830913
2070,"European Free Trade Association","Forest",16,110.081252964027,128.118639015907,115.894903947181,1.16385520300876,1.05281236202002,1.15961038336623,1.16651629315654,1.0517695906334,1.05419995403875
2070,"European Free Trade Association","Grassland",16,60.117323842,79.6875899656243,67.4170156744645,1.32553455265339,1.12142409817925,1.32480864315104,1.32978942154725,1.1209567263186,1.12416356637091
2070,"European Free Trade Association","Pasture",16,19.7647963257467,23.2561334758906,21.0093667810386,1.17664422605741,1.0629690503651,1.10167742035185,1.20749867675985,1.01862110574893,1.08138916502875
2070,"European Free Trade Association","Shrubland",16,5.68924237203,7.63399585794371,6.37870352351378,1.34182995884913,1.12118681300578,1.31504444157987,1.34191210111476,1.11312562772159,1.1212115339778
2070,"India","Crop",17,1536.94903230075,1895.2479674068,1744.74475899473,1.23312349829173,1.13520014153163,1.0143599371692,1.3260313684951,1.01046061376108,1.17170493733005
2070,"India","Forest",17,888.05720625,1014.14626371844,978.1286481217,1.14198303508045,1.10142526994634,1.14198303508045,1.14198303508045,1.10142526994634,1.10142526994634
2070,"India","Grassland",17,234.8693756,275.662968758518,252.01368963686,1.1736863013933,1.07299510203518,1.14790249305834,1.18234820033452,1.06950639975287,1.07416710836616
2070,"India","Pasture",17,63.3965596357063,71.2938712351424,67.455584553031,1.12457003415984,1.06402594936774,1.03316822818244,1.17853760670329,1.01695511205863,1.08819000958979
2070,"India","Shrubland",17,143.6397297,120.6905869061,118.32421553476,0.840231230998341,0.823756879673103,0.828511544981814,0.871708067207376,0.80384343991832,0.877240572037889
2070,"Indonesia","Crop",18,486.381050039162,499.774241149988,470.9733571843,1.02753641637508,0.96832176571513,0.7662346190739,1.09383042390726,0.805754952113968,1
2070,"Indonesia","Forest",18,1024.0801201,1099.24412652134,1024.50643170887,1.07339660730256,1.00041628735927,1.07128897780063,1.08093462912964,0.999271629271173,1.0007738473491
2070,"Indonesia","Grassland",18,186.02238,165.552925876438,166.978576909228,0.889962411385329,0.897626279747781,0.876286851349967,0.914339167904882,0.89087211958702,0.909665605179953
2070,"Indonesia","Pasture",18,97.139169087,77.5840919406416,82.8317450434226,0.798690092470892,0.852712101842632,0.793596878472105,0.81159422515514,0.841341831102102,0.863763668230471
2070,"Japan","Crop",19,111.626921388851,107.473526571212,106.283211769311,0.962792176242411,0.952128845326429,0.88846,1.00254516336306,0.908854,0.961516535515462
2070,"Japan","Forest",19,190.5714328,185.6798461514,181.1633788431,0.974332004662348,0.950632401621425,0.974303621765417,0.974374345027346,0.950577812416539,0.950713835411128
2070,"Japan","Grassland",19,37.7143,37.810471465,36.0415576521,1.00255,0.955647,1.00255,1.00255,0.955647,0.955647
2070,"Japan","Shrubland",19,25.07134526,24.717852472,23.9995511212,0.985900525706374,0.957250234174311,0.985891230845897,0.985908789928294,0.95722205205202,0.957275291388819
2070,"Mexico","Crop",20,341.157514990761,345.540477421149,317.656857533793,1.01284732781134,0.931114935405703,0.868970478005194,1.27575300655131,0.822274639448131,1.05613540888923
2070,"Mexico","Forest",20,419.1471343,461.712139717654,410.824763561391,1.10155146471117,0.980144512373901,1.07700069801987,1.1070970892826,0.971724401655178,0.982351762344308
2070,"Mexico","Grassland",20,140.350115201,132.660460323269,125.985372683791,0.945210911535638,0.897650653890548,0.934203879785911,0.948651750226409,0.867165330823101,0.907180478233404
2070,"Mexico","Pasture",20,695.11433141,706.629850093011,596.316640775264,1.01656636636976,0.85786843088916,1.0114253900001,1.03179973546899,0.821964600575623,0.869405834333272
2070,"Mexico","Shrubland",20,266.913964,336.73649707202,257.04224269211,1.26159190784046,0.963015343371507,1.15918653594265,1.49308362921689,0.94284305436726,1.0086156651042
2070,"Middle East","Crop",21,365.54308854792,426.015113208158,360.113529944688,1.16543063336379,0.985146597560357,0.910386166342103,1.29606498850966,0.824344295888956,1.03005658929911
2070,"Middle East","Forest",21,16.498279467,20.5857540404361,16.3857081265443,1.24775156595037,0.99317678302875,1.24759266567814,1.53633,0.993120704982049,1.09502
2070,"Middle East","Grassland",21,188.210003,223.736465656784,181.903835276621,1.18875969443975,0.966493982132399,1.18616364938176,1.19063810011298,0.955741064531969,0.974274410042273
2070,"Middle East","Pasture",21,1936.77498072,2281.44326397641,1851.62084249014,1.17795990070477,0.956033024446544,1.1494625522094,1.22219528214031,0.949602041997394,0.966954790343053
2070,"Middle East","Shrubland",21,825.7009381,961.32752925693,775.301572240144,1.16425631230239,0.938961719026469,1.14542587671193,1.19602152454217,0.914544080264757,0.980152028933752
2070,"Pakistan","Crop",22,154.182997655407,137.494545627944,152.857412215007,0.891762047169684,0.991402518691704,0.609995163447807,1.30815741676008,0.610661,1.17559651816513
2070,"Pakistan","Forest",22,56.5921,35.7877687901,35.4779836347,0.632381,0.626907,0.632381,0.632381,0.626907,0.626907
2070,"Pakistan","Grassland",22,11.1586881,6.7096511283025,8.610971742793,0.601293903743264,0.771683164331208,0.60019486088172,0.604075271921023,0.770984263155723,0.773451886513857
2070,"Pakistan","Pasture",22,174.526768641,128.824179632007,146.4654581529,0.738134216516649,0.839214862530221,0.73787628964748,0.854028358403703,0.833339388636718,0.8625539196876
2070,"Pakistan","Shrubland",22,135.09076,90.4987761264,83.40579292154,0.669910926005598,0.617405608803593,0.634965715304757,0.717210945854763,0.600630924672415,0.640110948861796
2070,"Russia","Crop",23,1032.63675793358,1189.53332181183,1101.01081563131,1.1519378064676,1.06621307751484,0.872868749823783,1.39196994953494,0.918220327693765,1.18451874391602
2070,"Russia","Forest",23,5039.0784839912,5590.75135507589,5089.1060046525,1.10947892017108,1.00992791059322,1.10140117261596,1.12923333385501,0.992598213764483,1.04664457847692
2070,"Russia","Grassland",23,3756.0903072,4201.86256278149,3748.50841476374,1.11867985568052,0.997981440323273,1.04896317719298,1.13908798671862,0.993765629460945,1.01238316725772
2070,"Russia","Pasture",23,844.926876198621,895.914379661936,858.592987664722,1.06034546290291,1.01617431265482,1.01687111491033,1.06532602734445,1.00275848061543,1.02251004388835
2070,"Russia","Shrubland",23,2073.759027974,2561.66753658982,2117.1884736124,1.23527734034387,1.02094237809338,1.1529511177195,1.24317147561194,1.01886651244041,1.02114142966821
2070,"South Africa","Crop",24,83.3004632691471,65.6259566790947,70.0594816296488,0.787822229356091,0.841045522199365,0.627289953807973,1.2494900447199,0.747936675780282,1.00505856601171
2070,"South Africa","Forest",24,24.34239,29.90654303338,24.289645482096,1.22857874815825,0.997833223528832,1.22857874815825,1.22857874815825,0.997833223528832,0.997833223528832
2070,"South Africa","Grassland",24,197.24692,179.48699164042,180.35471558548,0.909960934449167,0.914360110593767,0.817891071604081,0.919983475018459,0.871979757254449,0.91897355083967
2070,"South Africa","Pasture",24,819.5094,690.09577795334,723.342799107,0.842084029729665,0.882653449865249,0.720189140252143,0.897628563045274,0.816045131714578,0.914266584511884
2070,"South Africa","Shrubland",24,57.8324,57.41775236844,52.59585702357,0.992830184610011,0.909453127028621,0.982877968480687,1.01361976636234,0.908495787920682,0.911452950926189
2070,"South America_Northern","Crop",25,46.8621735735934,48.775548312734,49.4530793153504,1.04082983338653,1.05528778424433,0.914332145877856,1.27978663952396,1,1.10280998119001
2070,"South America_Northern","Forest",25,910.58543491262,794.007080281479,909.248300645534,0.871974281422229,0.998531566379365,0.827883439339996,0.936616179483619,0.99132148362004,1.01372634329356
2070,"South America_Northern","Grassland",25,176.8303417,170.544161317396,185.152430797749,0.964450781906712,1.04706256300668,0.964006041496258,0.965343642781213,1.04577405763464,1.04770437678125
2070,"South America_Northern","Pasture",25,179.900600710805,174.510187084238,189.750738261902,0.970036711354665,1.05475322212476,0.968300974198581,0.97338754667551,1.05377256799674,1.06298951183135
2070,"South America_Northern","Shrubland",25,8.420147,8.420147,9.37935362926,1,1.11391803839767,1,1,1.11003044013527,1.11751248512523
2070,"South America_Southern","Crop",26,255.648938019562,260.407767675605,246.30468455285,1.01861470535692,0.963448886042321,0.854922220695952,1.22849055937566,0.88717542046771,1.10821204743954
2070,"South America_Southern","Forest",26,1454.61250609,1526.61657842247,1456.06893394666,1.04950051785683,1.00100124799599,1.04703275208012,1.05971987618278,1.00030770451123,1.00402066374547
2070,"South America_Southern","Grassland",26,593.8258974,575.423995875584,565.408518960006,0.969011284949029,0.952145269237303,0.946544179092839,1.02653655070355,0.944123129958421,0.972685328864533
2070,"South America_Southern","Pasture",26,903.551814359,877.747072360019,852.010685938847,0.971440772306691,0.942957196697438,0.952855166261563,1.01280735210873,0.940079651636922,0.95071778524483
2070,"South America_Southern","Shrubland",26,147.82208897,156.11054227358,143.99789168448,1.05607046525544,0.974129730460678,1.0461269851051,1.09234841624023,0.970461941409565,0.987511350316803
2070,"South Asia","Crop",27,123.128030174455,153.603834804194,136.859058091992,1.24751313398386,1.11151829439716,1.00678078206552,1.3849931583129,0.941811590154964,1.15372311235155
2070,"South Asia","Forest",27,181.65850206,234.810608183046,204.277633479747,1.29259355064753,1.12451457632452,1.28197250762664,1.3068819184984,1.12374549045592,1.12664410084574
2070,"South Asia","Grassland",27,87.8174397,104.644009268063,88.2806160260394,1.19160851905436,1.00527430915342,1.17940338695103,1.21235263829574,0.995558767324708,1.02178706431928
2070,"South Asia","Pasture",27,355.21903433,424.523313637092,350.398644523585,1.19510294384368,0.98642980994668,1.1669521395101,1.22992262313715,0.964416007517027,1.0156023781343
2070,"South Asia","Shrubland",27,137.63726,150.16503236614,123.07676171775,1.09102021041497,0.894211071317098,1.08158211468165,1.10232779703007,0.883253565935708,0.907339031096957
2070,"South Korea","Crop",28,20.66847383127,20.9471763101668,20.0531068498075,1.01348442469299,0.970226781789208,0.908619,1.03158,0.910865,0.973081
2070,"South Korea","Forest",28,29.45066,30.3718766448,28.65949746976,1.03128,0.973136,1.03128,1.03128,0.973136,0.973136
2070,"South Korea","Grassland",28,8.99204,8.94145078296,8.5756186276,0.994374,0.95369,0.994374,0.994374,0.95369,0.95369
2070,"South Korea","Pasture",28,0.78512918,0.78071204323332,0.7487698476742,0.994374,0.95369,0.994374,0.994374,0.95369,0.95369
2070,"South Korea","Shrubland",28,37.86407,37.57244093286,36.90614689307,0.992298,0.974701,0.992298,0.992298,0.974701,0.974701
2070,"Southeast Asia","Crop",29,804.880745539781,889.354976411312,841.739475799582,1.10495248064964,1.04579402658599,0.960987103868862,1.18982419046177,0.965116517234904,1.11490169078281
2070,"Southeast Asia","Forest",29,1872.27690901292,2078.93574389429,1967.72201702616,1.11037834942392,1.0509780938673,1.10391554014717,1.11302267877003,1.04604270903887,1.05244772209482
2070,"Southeast Asia","Grassland",29,368.98885612,384.804359038427,375.104258055852,1.04286173594707,1.01657340549565,1.0389803927967,1.05910968843677,1.01438029214206,1.02575414530483
2070,"Southeast Asia","Pasture",29,48.5462989959996,52.2892377150342,50.5074236842263,1.07710039274761,1.04039699686249,1.05766173200221,1.07918135924555,1.02956399251873,1.04379089014351
2070,"Southeast Asia","Shrubland",29,15.32870509,15.7502038232645,15.552004068839,1.02749734767482,1.01456737392545,1.0208878209939,1.04639659999176,1.01008246214318,1.02739151148995
2070,"Taiwan","Crop",30,0.828426338150192,0.897089657463282,0.853918062404986,1.08288403706045,1.03077126242958,0.995187054933434,1.10058532619224,0.93974166155801,1.04820836614337
2070,"Taiwan","Forest",30,22.61076106,24.221637548485,22.8315117066008,1.07124379777445,1.00976307900539,1.0712336341909,1.07176832938275,1.00966314891725,1.00976501530014
2070,"Taiwan","Grassland",30,2.0515,2.092509485,2.0475508625,1.01999,0.998075,1.01999,1.01999,0.998075,0.998075
2070,"Taiwan","Pasture",30,7.5500061048,7.69933340230676,7.53291534286683,1.01977843400839,0.997736324753127,1.0195567666607,1.01977953150095,0.997381479235978,0.997738081621332
2070,"Taiwan","Shrubland",30,0.08583744,0.097352532576,0.0920040016896,1.13415,1.07184,1.13415,1.13415,1.07184,1.07184
2070,"USA","Crop",1,1819.81287130453,2288.2511458388,1918.69689202167,1.25741013371252,1.0543374663826,0.812399732124563,1.767636073305,0.815704728340566,1.2978680297598
2070,"USA","Forest",1,2240.194267121,2595.13002521413,2274.9528781991,1.15843972252874,1.01551589145113,1.15547688565765,1.16196276266065,1.01213290166032,1.01819208874474
2070,"USA","Grassland",1,1164.72480294,1334.93561646864,1145.87906476898,1.14613822346618,0.983819578561861,1.1086740624893,1.19230502049297,0.956880484088522,1.0170164171993
2070,"USA","Pasture",1,2024.72080252805,2206.6529707439,1881.52783558156,1.08985543487709,0.92927767286843,1.06173918531644,1.16954655185709,0.917739317051214,0.961936626115633
2070,"USA","Shrubland",1,955.240617,1315.2560486958,988.17461015187,1.37688455169175,1.03447717000906,1.35221649417944,1.44454745641574,1.0342267560977,1.03516403935892
2075,"Africa_Eastern","Crop",2,535.039415238669,540.54879892546,558.920976098721,1.01029715480743,1.04463514309389,0.680101832176562,1.31536941283864,0.859329498040137,1.23487563996261
2075,"Africa_Eastern","Forest",2,443.302154,247.74334253286,376.13726526583,0.558858873789411,0.848489595351323,0.558858873789411,0.558858873789411,0.848489595351323,0.848489595351323
2075,"Africa_Eastern","Grassland",2,1015.8143873,1138.94372265615,1002.97187397085,1.12121243496405,0.987357421306771,1.10345218741235,1.18226273448201,0.978345407048179,1.01833594050508
2075,"Africa_Eastern","Pasture",2,2215.90779,2464.73174182078,2169.3411295188,1.11228984930857,0.978985289599438,1.08775674107875,1.17380869844956,0.970427640309541,1.00871109159038
2075,"Africa_Eastern","Shrubland",2,552.420227,184.86847836712,283.74323550274,0.334651899643638,0.513636578884249,0.318367633705263,0.353432169374373,0.510463955604983,0.516387542631979
2075,"Africa_Northern","Crop",3,192.376570729278,219.472582368902,188.606064398387,1.14084881301765,0.980400387029474,0.158030814687318,1.9696287332934,0.403168666509613,1.20749278892535
2075,"Africa_Northern","Forest",3,84.995916,19.56014386968,38.673350089308,0.230130396732003,0.455002450815496,0.230130396732003,0.230130396732003,0.455002450815496,0.455002450815496
2075,"Africa_Northern","Grassland",3,51.445274,59.74893291023,48.35550662864,1.16140761365621,0.93994069559509,0.959987227363662,1.29879887370965,0.878304791104777,0.98198328491948
2075,"Africa_Northern","Pasture",3,708.721497,850.6805770557,666.28445074353,1.20030305367709,0.94012168893408,1.08288564294635,1.27188851916397,0.901983729866042,0.967881718493056
2075,"Africa_Northern","Shrubland",3,62.3959176,70.393467824376,59.008820662213,1.1281742545345,0.945716048932871,1.09740064599227,1.15708175339877,0.942153851711055,0.949508202082096
2075,"Africa_Southern","Crop",4,374.821439757714,396.786894034214,371.744531543804,1.05860244891727,0.99179100262808,0.869838445541746,1.37366388906576,0.918137354918042,1.14928794685646
2075,"Africa_Southern","Forest",4,708.150084212,926.542307975357,775.018902843976,1.30839821759871,1.09442746689268,1.29682531349846,1.31712127957469,1.09203288589974,1.10302067896282
2075,"Africa_Southern","Grassland",4,1966.2874299,2046.11102482691,1938.51568563847,1.04059609684377,0.985876050551295,1.00954650911399,1.04914879519361,0.97585966434252,0.988635092975453
2075,"Africa_Southern","Pasture",4,1997.402295939,2032.88608178021,1949.96424682527,1.01776496698404,0.9762501278735,0.960524589626113,1.1556009343898,0.957561167436689,1.01891320616724
2075,"Africa_Southern","Shrubland",4,307.34346579,353.232625404095,313.408532765659,1.14930904581342,1.01973384064005,1.1409270729102,1.1559959893301,1.01067541690247,1.03108842470747
2075,"Africa_Western","Crop",5,1524.68673907628,1501.87238099807,1455.5323029587,0.985036691476678,0.954643511781655,0.674851886033501,1.20595342328516,0.829658931654213,1.06578736767265
2075,"Africa_Western","Forest",5,2725.373365848,3079.66355560592,2802.12828356825,1.12999693700598,1.02816308351805,1.12933865583079,1.13384965334969,1.02719693606761,1.03027915400582
2075,"Africa_Western","Grassland",5,1987.51992479,2043.75985379527,1932.30688721308,1.02829653595106,0.9722201338018,1.02085212635206,1.02986482727219,0.965048602651138,0.973730938643099
2075,"Africa_Western","Pasture",5,2036.29117848,2105.80521438935,1987.6365522242,1.03413757160272,0.976106252990733,0.987435578757354,1.06876742308257,0.95989800498028,0.992527728379503
2075,"Africa_Western","Shrubland",5,245.7612256,245.7612256,245.7612256,1,1,1,1,1,1
2075,"Argentina","Crop",31,406.309386836211,546.131388438778,427.217890751446,1.3441269292135,1.05145956404808,0.792500689313932,1.9719807039137,0.831024420071639,1.34827529054878
2075,"Argentina","Forest",31,176.04878343,191.723589902013,178.795973178178,1.08903672133722,1.01560470736948,1.03053873887598,1.28616026001012,0.987551150953771,1.11211485750303
2075,"Argentina","Grassland",31,732.022165,753.0809647194,691.163679448236,1.02876798097965,0.944184086896106,0.926003854286595,1.10858105713181,0.877175086169464,0.996227486183196
2075,"Argentina","Pasture",31,1011.7620395801,1108.70961819158,967.152677775355,1.0958205337015,0.955909235512276,1.04830714623783,1.13712661377471,0.918606491639905,0.992569865941404
2075,"Argentina","Shrubland",31,187.1607529,210.816441097864,179.61372301852,1.12639235433351,0.959676215421551,1.10523310185846,1.31851564338815,0.94929604805616,1.05392679906234
2075,"Australia_NZ","Crop",6,413.534386540166,355.036675903772,368.345913852345,0.858542088541138,0.89072620280531,0.824765534781203,1.10316856078098,0.874106783171289,1
2075,"Australia_NZ","Forest",6,301.5456424,311.856932307202,292.80827098598,1.03419478996657,0.971024713391712,1.02454803841798,1.0406489770641,0.964040253802273,0.976005130123665
2075,"Australia_NZ","Grassland",6,1414.6106,1351.7345734222,1329.0705247876,0.955552413803629,0.939531009302206,0.926655901860687,0.977972903602683,0.929195709931414,0.947550055842168
2075,"Australia_NZ","Pasture",6,3343.571196,3132.82613287808,3106.85783876742,0.936970068597899,0.929203434484732,0.927897479708552,0.963562126887933,0.926734128506198,0.935079591354965
2075,"Australia_NZ","Shrubland",6,2255.020163,2935.20328198456,2368.81684771615,1.30163061516916,1.05046371051723,1.28274132409331,1.34006569207674,1.04926482723386,1.05290314411028
2075,"Brazil","Crop",7,583.256757248908,529.076517255228,554.432826787156,0.907107394264514,0.950581060393182,0.816848249282896,1.27069496121604,0.894516081717385,1.11602424675034
2075,"Brazil","Forest",7,4368.048544118,4169.70773163414,4383.92460929626,0.954592809470731,1.00363458991307,0.93906654808475,1.00230515541233,0.993538876290669,1.02030082095182
2075,"Brazil","Grassland",7,980.8626529,868.590345948871,931.62259592312,0.885537178299952,0.949799233530507,0.862105113386209,0.889978529736821,0.946070193899957,0.950506041726126
2075,"Brazil","Pasture",7,1769.57678958585,1654.95582943933,1704.70039437655,0.935226908026213,0.963337903395261,0.90687099699738,0.99996744115392,0.957139812274028,0.982937021523011
2075,"Brazil","Shrubland",7,604.8476637,798.377930589651,682.236108393296,1.31996530449631,1.12794700110089,1.26835475673596,1.32724787934767,1.10799701557352,1.13076207029104
2075,"Canada","Crop",8,482.114516176956,609.40395892598,513.579440229726,1.26402325272924,1.06526441954554,1.02528371268463,1.64897879602687,0.976341583315826,1.22998178870574
2075,"Canada","Forest",8,4037.3315616,4452.01901306913,3954.72084568215,1.10271325134981,0.979538287936622,1.09643630414159,1.10629980190792,0.977064790693329,0.981420698428488
2075,"Canada","Grassland",8,1095.41444,1283.29544401475,1094.91810360493,1.17151590955361,0.999546896245892,1.1389360782804,1.17681826026625,0.999279131588442,1.00119215281858
2075,"Canada","Pasture",8,98.7037965382,116.329808453385,99.2905229633333,1.17857481204751,1.00594431466379,1.16724232471282,1.19474756651832,1.00047656258281,1.00874959324729
2075,"Canada","Shrubland",8,881.1270642,1067.27603792532,896.188283209033,1.21126234942554,1.01709312949399,1.10800020518268,1.21282742663878,0.969304734401177,1.01781742714214
2075,"Central America and Caribbean","Crop",9,153.620293012772,135.536495804048,149.665424078661,0.882282497617548,0.974255556628952,0.749237183658164,1.02151950297308,0.948112743921126,1.00996628050758
2075,"Central America and Caribbean","Forest",9,329.50624,318.7395304271,330.80949019568,0.967324717210515,1.00395516089674,0.96436561056879,0.969190913614193,1.00286953405035,1.00473078792899
2075,"Central America and Caribbean","Grassland",9,63.733898,54.544224607357,61.330083667379,0.855811841405919,0.962283582080277,0.846129688998735,0.859707500917922,0.957669538777516,0.96414006408193
2075,"Central America and Caribbean","Pasture",9,115.1311897,100.20837818508,111.548506851996,0.870384284625181,0.968881735198433,0.863199186780086,0.878861423697573,0.962868359296136,0.972123249026045
2075,"Central America and Caribbean","Shrubland",9,3.87069717,3.875712751938,3.8727903153864,1.00129578257294,1.00054076702322,1.00024205507168,1.00189333578408,1.00010101648479,1.00079014302036
2075,"Central Asia","Crop",10,286.313663538135,381.742357730297,312.87561355458,1.33330122290671,1.0927722054484,1,1.5793759192056,0.964302157630893,1.19762779259601
2075,"Central Asia","Forest",10,41.8630811012,52.421815571689,44.9716659792874,1.25222067255309,1.07425599827621,1.22266765175395,1.26779777271103,1.06900622548967,1.0758277476367
2075,"Central Asia","Grassland",10,629.5518251,715.935492042407,619.944538453903,1.13721454453521,0.984739482496821,1.12161737285046,1.16084916081902,0.965045199391596,1.01458251003954
2075,"Central Asia","Pasture",10,3661.620816425,4202.73556562287,3627.17909047286,1.14778011605423,0.990593857835403,1.1402450222246,1.16243692798944,0.981149463689395,1.00921635020717
2075,"Central Asia","Shrubland",10,608.1462675,781.43072342068,635.792196832709,1.28493878065392,1.04545934228349,1.22096244585996,1.30242552605965,1.04387409238423,1.0458926409631
2075,"China","Crop",11,1262.60019189818,1463.94259110936,1250.28138947469,1.15946647284164,0.990243307024237,1.00328279809149,1.26590035938051,0.911247655645105,1.03013167953147
2075,"China","Forest",11,1313.120639,1545.77504467409,1308.72455277071,1.17717671839449,0.996652184042561,1.17717671839449,1.17717671839449,0.996652184042561,0.996652184042561
2075,"China","Grassland",11,1032.039768,1245.05597451272,1042.6349763573,1.20640309910298,1.01026627915495,1.19784485393601,1.22339098713775,1.00906700651884,1.01264680330073
2075,"China","Pasture",11,3855.69717802606,4613.84561063472,3938.5161212363,1.196630699353,1.02147962855647,1.17853409931176,1.22040134922655,1.01830487258961,1.02538638087534
2075,"China","Shrubland",11,609.9521184,719.159579065022,620.130548145768,1.17904267789329,1.01668726025982,1.15357796287176,1.19740664621023,1.0071454539899,1.02356836722996
2075,"Colombia","Crop",32,57.344024565445,54.5807654224672,57.1644388289934,0.951812605342616,0.996868274631707,0.877440284578057,1.05165670054633,0.97113209444203,1.01789877199658
2075,"Colombia","Forest",32,580.57534,594.4712094692,581.31841110112,1.02393465328582,1.00127988746666,1.01751027633163,1.02809581685658,1.00085989110825,1.00876704425903
2075,"Colombia","Grassland",32,106.56168,99.76046635704,103.65077799583,0.936175803131482,0.972683407354595,0.923597983548701,0.941249509962614,0.971959627069421,0.974477672996559
2075,"Colombia","Pasture",32,369.246803,335.580149076413,360.992239463691,0.90882343828015,0.977644861189742,0.906711258788319,0.909317251922114,0.977128281152812,0.979026301290191
2075,"Colombia","Shrubland",32,14.51461,10.0405287055,12.4045123816,0.6917532545139,0.85462250667431,0.682345502498017,0.69763050645301,0.850432906056538,0.857239852275397
2075,"EU-12","Crop",12,416.190464239088,415.459645300275,421.862849195927,0.998244027670962,1.01362930063093,0.76848412637644,1.21808871915482,0.931950489912416,1.12490487767917
2075,"EU-12","Forest",12,403.16304841,408.390994946476,408.121972123876,1.01296732564429,1.01230004518875,0.997738863759662,1.01813077477435,0.99595130368499,1.01381552486343
2075,"EU-12","Grassland",12,149.1808616,118.406395252455,135.509060404513,0.79371035924125,0.908354188004722,0.78923305438342,0.808098280456253,0.904527190886929,0.920652330474191
2075,"EU-12","Pasture",12,66.843893097,52.0710708089533,61.26898024238,0.77899518409843,0.91659802270149,0.773222148057082,0.796477084999568,0.909077965641938,0.932640314659449
2075,"EU-12","Shrubland",12,2.5889469,3.111754626178,2.728453096269,1.20193837354408,1.05388530613316,1.19685814465094,1.21456355025045,1.05152148670935,1.05975977331867
2075,"EU-15","Crop",13,1121.49097157064,1125.79384087604,1118.84927667945,1.00383674003133,0.997644479573924,0.78743898391729,1.06634880801501,0.831016613062982,1.03157708685334
2075,"EU-15","Forest",13,1011.05664,1016.57280513063,1032.56493822441,1.00545584185138,1.02127308933396,1.00545584185138,1.00545584185138,1.02127308933396,1.02127308933396
2075,"EU-15","Grassland",13,427.5709258,487.381102105579,452.60618079716,1.13988363730221,1.05855228568294,1.1021697577801,1.18434015616638,1.03552360734792,1.08569812392048
2075,"EU-15","Pasture",13,247.883428829,244.031288299612,243.366754415753,0.984459870723972,0.981779038499736,0.974306165931223,0.993115459243622,0.980222253957125,0.983605272572175
2075,"EU-15","Shrubland",13,204.42016123,243.02820986771,207.533947183854,1.18886614904031,1.01523228401307,1.13376230586118,1.27783211077213,0.987228448455129,1.06044488659858
2075,"Europe_Eastern","Crop",14,368.122611901262,314.455608072202,349.794661638797,0.854214323994162,0.950212375795647,0.530878048787571,1.02155479225294,0.819594280413281,1.0228294173028
2075,"Europe_Eastern","Forest",14,225.95366531,185.061377625536,213.818863492192,0.819023570038744,0.946295176043464,0.810961426393993,0.844216194219166,0.942682316935213,0.958075607229787
2075,"Europe_Eastern","Grassland",14,75.3461907,36.532643244496,60.1703900008243,0.484863838570886,0.798585694138142,0.476770073275839,0.542239615594786,0.794511203445095,0.827469292929087
2075,"Europe_Eastern","Pasture",14,86.81320505,45.0507680546635,70.659198154182,0.518939117945439,0.813922238137457,0.501146882303684,0.554554181708508,0.805482827535361,0.829548545503068
2075,"Europe_Eastern","Shrubland",14,4.2012463,5.528187794123,4.988540593781,1.31584472781874,1.18739541497031,1.31371077979487,1.33029649267399,1.18647534594922,1.19362641075591
2075,"Europe_Non_EU","Crop",15,309.12409150571,331.597628208067,313.177280292475,1.07270069632196,1.01311185021854,0.694392494240767,1.28762267518792,0.869711559094338,1.083777812465
2075,"Europe_Non_EU","Forest",15,225.9448979,246.013010363377,229.25040131549,1.08881861307733,1.01462968823909,1.0850966752678,1.10807611571738,1.00823739763312,1.02071451452174
2075,"Europe_Non_EU","Grassland",15,237.12574,274.94913055286,249.6376263335,1.15950773860678,1.05276477506617,1.1170405675741,1.16889313699965,1.03341319011774,1.05704154533031
2075,"Europe_Non_EU","Pasture",15,135.67891278,152.806919570514,140.368471231016,1.12623926916548,1.03456364998016,1.01193297450201,1.16090203087261,0.986414496703276,1.04893623953156
2075,"Europe_Non_EU","Shrubland",15,68.1022053,78.444150957078,70.317249796266,1.15185918886944,1.03252529762448,1.07842342373448,1.16556729485711,1.00514136550491,1.03763700093641
2075,"European Free Trade Association","Crop",16,78.2653796715668,87.9680789174646,77.7789929134614,1.12397179042144,0.993785416231972,0.808496901283964,1.50769055017303,0.932880438333766,1.19346931828267
2075,"European Free Trade Association","Forest",16,113.286670213284,136.269719240992,119.685368336111,1.20287513954146,1.05648235675724,1.19852215378415,1.20601142895363,1.05585882098662,1.05791740167783
2075,"European Free Trade Association","Grassland",16,59.833221763,86.56600548441,69.7832064918054,1.44678830478658,1.1662953194835,1.44393497602398,1.44725931728622,1.16606949075648,1.16633259810159
2075,"European Free Trade Association","Pasture",16,19.9546316332953,24.0320932389119,21.2229412081745,1.20433660117349,1.063559658639,1.0404302399523,1.27446621557801,0.978095244977313,1.10026449865752
2075,"European Free Trade Association","Shrubland",16,5.68867976795,8.33914570338142,6.67577132346823,1.46591934219327,1.17351856595611,1.40012095313444,1.4661145972531,1.13993424090665,1.17361822659356
2075,"India","Crop",17,1519.23892181649,1767.69211276613,1651.3059956308,1.16353793164579,1.08692975931423,0.911096072985567,1.31050506404043,0.984512268770778,1.17715236294112
2075,"India","Forest",17,967.87280288,933.204125240965,992.955902995914,0.964180543625283,1.02591569888241,0.964180543625283,0.964180543625283,1.02591569888241,1.02591569888241
2075,"India","Grassland",17,213.3389293,241.498471018649,222.308133911576,1.13199438944896,1.04204204380797,1.12084347128044,1.16112225433832,1.03193102388248,1.06845353906175
2075,"India","Pasture",17,55.9001874572339,62.3718320817237,58.6663302797966,1.11577142973699,1.04948360548306,1.10547902181025,1.13034092285127,1.03979327086451,1.0624359417355
2075,"India","Shrubland",17,130.9587987,174.696319423195,127.394632229898,1.33397924505545,0.972784062579355,1.26044334452781,1.36513304712222,0.956017904729533,1.0123591524266
2075,"Indonesia","Crop",18,471.691404821129,506.908414298967,469.58603650368,1.07466112190701,0.995536555688889,0.827967608182096,1.1942466079958,0.879064931166217,1.02467091927931
2075,"Indonesia","Forest",18,1035.7613541,1126.7335425337,1043.75891228608,1.08783122489905,1.00772142941462,1.0853456119575,1.09553715382877,1.00731211565396,1.00894773194359
2075,"Indonesia","Grassland",18,188.830356,178.541941361796,175.887407967298,0.94551503870382,0.931457270394057,0.934819101482704,0.965029846901201,0.926012588413059,0.941391128676728
2075,"Indonesia","Pasture",18,97.076099413,85.285546964434,87.2201410429812,0.878543199408906,0.898471833647871,0.86224169643468,0.894684795372017,0.89378533267429,0.901830266514586
2075,"Japan","Crop",19,110.910543537707,107.671231126549,105.393463576698,0.970793467349146,0.950256487931346,0.908934,1.01423272309721,0.912941,0.956498864763112
2075,"Japan","Forest",19,191.9789549,188.8638006008,182.2379625022,0.983773459435579,0.949260102999967,0.983755558044308,0.983800262936905,0.949204125895936,0.949343916730386
2075,"Japan","Grassland",19,37.3277,37.859993002,35.6784502309,1.01426,0.955817,1.01426,1.01426,0.955817,0.955817
2075,"Japan","Shrubland",19,24.85014108,24.1648804176,23.9903146311,0.97242427476794,0.965399534508397,0.972405898022957,0.972440307553808,0.965376476404746,0.965419651544286
2075,"Mexico","Crop",20,333.800197805725,375.687643587947,330.655448217255,1.12548658166644,0.990578946300383,0.916341301074003,1.42090045560419,0.896720954576226,1.0982750531124
2075,"Mexico","Forest",20,411.8364798,519.05852651051,435.246548803641,1.26035101786656,1.0568431165083,1.23094406653029,1.26621981135866,1.0444524917042,1.0595361739581
2075,"Mexico","Grassland",20,142.757128881,151.49786907017,136.744635108529,1.06122804694718,0.957883057612605,1.05631464337754,1.07729954772286,0.93736572430383,0.964155647840847
2075,"Mexico","Pasture",20,702.04451813,813.677274595256,653.757494048256,1.15901093674601,0.931219427209027,1.14602215110036,1.20125980976226,0.887004447244956,0.945204046484691
2075,"Mexico","Shrubland",20,270.606727,329.4058836675,274.8403641235,1.21728638204733,1.01564498107802,1.17361469579225,1.23622752210845,1.0116697786746,1.01736909278405
2075,"Middle East","Crop",21,333.087709407651,476.127441382561,370.445561637916,1.42943563492417,1.11215620143025,0.516761736367069,1.61883945297332,0.68612202803839,1.19425499933904
2075,"Middle East","Forest",21,17.685397928,17.0322770051866,15.066877429675,0.963070046516775,0.85193884192002,0.962833005773826,1.42463,0.851835234850919,1.05368
2075,"Middle East","Grassland",21,190.4268792,292.590615144888,214.523418263865,1.53649850469685,1.12653958918561,1.53477402455904,1.53772144955172,1.11956992634458,1.13148224588817
2075,"Middle East","Pasture",21,1957.36205959,2904.63422529202,2107.5198169544,1.4839534725121,1.07671434961596,1.44718732404077,1.53977475483327,1.06799474247517,1.09000096670109
2075,"Middle East","Shrubland",21,830.5538645,1130.54797741294,855.030920522972,1.36119766066412,1.02947076290796,1.32696769668608,1.41804276947078,1.00708685316061,1.06664333445735
2075,"Pakistan","Crop",22,140.812253975881,140.211204400511,150.277353112614,0.995731553480618,1.06721786541642,0.330292,1.22980039973069,0.369332,1.25377728402253
2075,"Pakistan","Forest",22,89.8795,31.575746904,33.026222275,0.351312,0.36745,0.351312,0.351312,0.36745,0.36745
2075,"Pakistan","Grassland",22,10.9225799,8.8742001914099,9.5711535177042,0.812463746903779,0.876272236534905,0.81228926968688,0.812527540071991,0.87601755267603,0.876968808474047
2075,"Pakistan","Pasture",22,161.420762105,134.752777672855,144.408913030071,0.834792104284592,0.894611765840488,0.834499450260376,0.90937768683808,0.887859784088752,0.894635719003862
2075,"Pakistan","Shrubland",22,130.177912,129.87454974092,93.8057732545,0.997669633393106,0.720596695808887,0.953387297064315,1.05381770840873,0.695816023455456,0.752017509740366
2075,"Russia","Crop",23,1075.74895915903,995.394664275701,1032.86853525436,0.925303859976634,0.960139004979191,0.600446547769036,1.13439437820704,0.799944548227257,1.07616666063802
2075,"Russia","Forest",23,5040.1446362094,5710.09922972147,5109.86550786787,1.13292368411394,1.01383310930357,1.05484733864127,1.17487283167656,1.00716345566491,1.01768114184491
2075,"Russia","Grassland",23,3749.80008076,4330.04611392756,3734.97833067975,1.15474052500686,0.996047322587597,0.926995166092074,1.22091527252678,0.941136211498327,1.01200254964331
2075,"Russia","Pasture",23,832.518911320667,746.881551733495,769.870506854894,0.897134637516737,0.924748370741043,0.78653374639582,0.992839836661448,0.890376107153938,0.955238827603281
2075,"Russia","Shrubland",23,2073.422938584,2742.0971925385,2159.3698207761,1.32249776035137,1.04145168869926,1.12788756485384,1.34112406927371,0.991001934062126,1.04628027803666
2075,"South Africa","Crop",24,75.1876619909739,65.2663574154206,67.925458334342,0.868046108725334,0.903412295789917,0.673224984871159,1.2902558351646,0.78938792823404,1.16722117483745
2075,"South Africa","Forest",24,24.022894,29.99859383508,23.806843599296,1.24875020616084,0.991006479040202,1.24875020616084,1.24875020616084,0.991006479040202,0.991006479040202
2075,"South Africa","Grassland",24,198.64237,191.2907570632,186.36124985022,0.962990710708899,0.938174719976509,0.812991784710581,0.979192196024853,0.856890653041369,0.946954266950635
2075,"South Africa","Pasture",24,826.00392,695.584223484,718.45437274668,0.842107654263917,0.869795354901802,0.690618281938367,0.902651338839508,0.780369500291943,0.906401903529501
2075,"South Africa","Shrubland",24,58.17118,55.9630034056,52.34946448572,0.962040024039396,0.899920965772398,0.960102539797819,0.966122370821919,0.895325908941744,0.902101782511597
2075,"South America_Northern","Crop",25,52.9641830542206,44.8653013421275,51.6952267917436,0.847087574185708,0.97604123788376,0.644617934194121,1,0.937183347287721,1.0016923402988
2075,"South America_Northern","Forest",25,908.82649687248,634.409852451467,848.278288158557,0.698053869065926,0.933377593058427,0.611777552887788,0.807444688683014,0.911601265204182,0.963336707112544
2075,"South America_Northern","Grassland",25,173.1600604,128.66624094912,166.381311881902,0.743048025346609,0.960852701815653,0.74047523653178,0.748052548466948,0.96041334345896,0.961707330474449
2075,"South America_Northern","Pasture",25,180.355814080737,133.369116444582,173.543582160769,0.739477776884303,0.962228930879275,0.72684312562262,0.747369016961685,0.959764567198606,0.962930760805104
2075,"South America_Northern","Shrubland",25,8.284944,8.284944,9.42457988976,1,1.13755505043365,1,1,1.13075898504865,1.14403902241225
2075,"South America_Southern","Crop",26,249.627235499454,261.459617777433,245.427591789078,1.04740020556773,0.983176340105786,0.901862160946264,1.21398659998452,0.939617031311128,1.10186837613523
2075,"South America_Southern","Forest",26,1463.04528879,1508.70534576679,1455.25939451536,1.03120891562732,0.994678295788725,1.0273689912114,1.04675289704744,0.993619187877477,0.99895719255595
2075,"South America_Southern","Grassland",26,595.0433823,595.767734968479,575.110590925845,1.00121731068696,0.966501952686022,0.977888702060902,1.06111867903191,0.963433325262535,0.974381333087748
2075,"South America_Southern","Pasture",26,900.280977156,903.875980222912,859.87332998215,1.00399320118733,0.95511662669859,0.989669519726566,1.03521479100614,0.936629425737371,0.962779802650993
2075,"South America_Southern","Shrubland",26,148.25457257,158.78133230183,144.103403816091,1.07100462096614,0.971999725324164,1.05678568639964,1.12307458367769,0.967074315277773,0.990036654621165
2075,"South Asia","Crop",27,125.947215564231,149.043052513956,136.416768389606,1.18337711434316,1.08312651278928,0.989646382552602,1.59884490666886,0.976577743864974,1.20440855958204
2075,"South Asia","Forest",27,187.73296166,227.096032850413,200.290585965997,1.20967586534805,1.06689088690104,1.19801716526732,1.22406264526165,1.06428232828836,1.0699925369886
2075,"South Asia","Grassland",27,85.9134517,114.431507611571,91.6538067290538,1.33193935696068,1.06681555583517,1.32233139239624,1.33779397505862,1.06222184709872,1.07435425264185
2075,"South Asia","Pasture",27,351.667778852,500.45199198747,388.828470833276,1.4230817324839,1.1056698799719,1.39948539411262,1.44468255597907,1.09882118449721,1.11674698640725
2075,"South Asia","Shrubland",27,137.26647,174.7874304037,138.67345311116,1.27334395940757,1.01025001306699,1.26225258761507,1.28671145805684,1.00297191439532,1.01902169397202
2075,"South Korea","Crop",28,19.81268062885,20.9846083298772,19.4109598424062,1.05915038570403,0.979724056831624,1.00708,1.08049,0.944957,0.994971
2075,"South Korea","Forest",28,29.5633,30.47680597,28.3761856885,1.0309,0.959845,1.0309,1.0309,0.959845,0.959845
2075,"South Korea","Grassland",28,9.13201,9.786775117,8.92793697253,1.0717,0.977653,1.0717,1.0717,0.977653,0.977653
2075,"South Korea","Pasture",28,0.73884528,0.791820486576,0.72233430452784,1.0717,0.977653,1.0717,1.0717,0.977653,0.977653
2075,"South Korea","Shrubland",28,38.49627,40.571218953,38.02288136781,1.0539,0.987703,1.0539,1.0539,0.987703,0.987703
2075,"Southeast Asia","Crop",29,830.672375288267,829.664914186192,821.543496594339,0.998787173942403,0.98901025366257,0.866667228045473,1.0555708154539,0.917601693538436,1.03932171140371
2075,"Southeast Asia","Forest",29,1858.26435075666,1952.92134246031,1908.44438998373,1.05093838864481,1.02700371408763,1.03850746143119,1.05745580772643,1.01833580214821,1.03060872612005
2075,"Southeast Asia","Grassland",29,362.93301715,367.240920053012,364.233442744345,1.01186969137402,1.00358310082824,1.00428687786456,1.01371868357391,0.999932636814362,1.0044732294697
2075,"Southeast Asia","Pasture",29,45.7181499113736,47.4869414749195,46.4655327675384,1.03868904509423,1.0163476181257,1.03334489885145,1.04506601461409,1.01284582135612,1.02311541604993
2075,"Southeast Asia","Shrubland",29,15.1004778,15.28699335347,15.1887399227,1.01235163257351,1.00584498873936,1.00973510472433,1.01968296995442,1.00430281583988,1.01016605485352
2075,"Taiwan","Crop",30,0.757956412149241,0.846136972544067,0.772476556021859,1.11633988311384,1.01915696422627,1.05742663988639,1.14175203627942,0.937185207920121,1.03690926334418
2075,"Taiwan","Forest",30,22.64612249,24.7108912384121,22.7470698121585,1.09117537668198,1.0044575985228,1.09116520730767,1.0917633241179,1.00445104283464,1.0044577119126
2075,"Taiwan","Grassland",30,2.05461,2.2268068641,2.0682115182,1.08381,1.00662,1.08381,1.08381,1.00662,1.00662
2075,"Taiwan","Pasture",30,7.5817109793,8.21518407515924,7.62954615806828,1.08355278875557,1.00630928545006,1.08328140147854,1.08355407311662,1.00598144606719,1.00631083697502
2075,"Taiwan","Shrubland",30,0.08608574,0.102424813452,0.0915805927842,1.1898,1.06383,1.1898,1.1898,1.06383,1.06383
2075,"USA","Crop",1,1774.53831944468,2337.18983625519,1878.41955607715,1.31706924028926,1.05853986667641,0.516629236472581,1.75446666554438,0.88143800296778,1.25171393983654
2075,"USA","Forest",1,2260.774596821,2714.80924243416,2296.04555605172,1.20083145230471,1.01560127191818,1.18454169197674,1.24751854960281,1.0124718834863,1.0303455824202
2075,"USA","Grassland",1,1170.75280265,1421.82921900776,1164.53167154622,1.21445724134886,0.994686212930949,1.17980279936734,1.25756201176909,0.975342795118929,1.01874643540905
2075,"USA","Pasture",1,2043.08840767108,2385.89414542342,1943.45022928699,1.16778800979205,0.95123158742912,1.14749245975773,1.22661351148168,0.944686875476726,0.970308354798143
2075,"USA","Shrubland",1,955.149744,1372.9793117098,986.6432444262,1.43744927990035,1.03297231729793,1.39197636973346,1.5622229934839,1.02135305069284,1.06485457506663
2080,"Africa_Eastern","Crop",2,528.174119364381,553.191123422197,557.851768525668,1.0473650698522,1.05618913928801,0.642477713921972,1.37552005115596,0.869912526240201,1.26363761859745
2080,"Africa_Eastern","Forest",2,470.492093,248.00355070688,399.38954640685,0.527115236146763,0.848876213541064,0.527115236146763,0.527115236146763,0.848876213541064,0.848876213541064
2080,"Africa_Eastern","Grassland",2,1013.9210008,1213.01304560009,1000.01324458865,1.19635853744326,0.986283195435957,1.18886893010673,1.22204188325708,0.984152017762044,0.993591425457955
2080,"Africa_Eastern","Pasture",2,2199.7591001,2630.67905043047,2165.34701334447,1.19589415509675,0.984356429413584,1.18074061145382,1.22430046328437,0.981281011346287,0.992663156824074
2080,"Africa_Eastern","Shrubland",2,551.6162381,179.31993532845,265.17698585455,0.325080958359935,0.480727301951683,0.311795314070442,0.340361351219132,0.47934845315639,0.482313175457431
2080,"Africa_Northern","Crop",3,212.69890160812,247.418687896231,211.445138778182,1.16323444091912,0.994105456960713,0.167264830203938,1.40818384188661,0.445792654510552,1.16962937006317
2080,"Africa_Northern","Forest",3,62.055489,17.025726146303,30.408900087723,0.274362935828336,0.490027563681321,0.274362935828336,0.274362935828336,0.490027563681321,0.490027563681321
2080,"Africa_Northern","Grassland",3,51.583279,56.223271842106,45.41681510121,1.08995149071671,0.880456147450611,0.996564760819808,1.1540730937012,0.850309366274833,0.901155661567312
2080,"Africa_Northern","Pasture",3,712.17363,808.15579319432,641.76072391712,1.13477354278664,0.901129579758689,1.086749186651,1.15762582265403,0.886882101162461,0.906971936283305
2080,"Africa_Northern","Shrubland",3,63.933956,81.9809187488258,63.7104801953409,1.28227508319407,0.996504583500838,1.25946352550197,1.30538324249943,0.970592888918744,1.02275318845614
2080,"Africa_Southern","Crop",4,373.128659745406,408.591620919055,385.03761896125,1.09504217981499,1.03191649557011,0.850790734496394,1.44173463056625,0.966297562373896,1.20243337657725
2080,"Africa_Southern","Forest",4,714.920512512,918.677534522716,772.984037636338,1.28500654051005,1.08121675641998,1.27504571604003,1.29586943507829,1.07875546600108,1.09764134288517
2080,"Africa_Southern","Grassland",4,1967.5496399,2129.30637979778,1977.57606527363,1.08221227897762,1.00509589449247,1.0517412643454,1.0905987413217,0.99787696558642,1.00708274252382
2080,"Africa_Southern","Pasture",4,1992.63814739,2209.13578919446,2029.91086069154,1.10864874894021,1.01870520914716,1.09102943756187,1.35781490483135,1.01640073341768,1.07923138159135
2080,"Africa_Southern","Shrubland",4,306.51101388,461.253013113613,358.496470933776,1.50484971901922,1.16960387946819,1.50044429123354,1.51040576189029,1.15632633933219,1.1863492639818
2080,"Africa_Western","Crop",5,1529.91414864341,1542.69830331157,1469.25824259417,1.00835612552476,0.960353392310919,0.712204039586096,1.24380732056968,0.867751376071012,1.08691736494397
2080,"Africa_Western","Forest",5,2730.592634848,3146.53404470377,2817.9661482725,1.15232642340989,1.03199800377011,1.15082356311585,1.15538954404324,1.03079478219394,1.03466030042224
2080,"Africa_Western","Grassland",5,1984.37901828,2143.10770752413,1951.35206842137,1.07998909874673,0.983356531411397,1.07867581599072,1.08621109951042,0.98328789766474,0.983371017992062
2080,"Africa_Western","Pasture",5,2031.56996268,2270.28509864194,2023.33392702164,1.11750278865466,0.995945974881663,1.08975675984504,1.13009038762511,0.994302567930366,0.997028290853942
2080,"Africa_Western","Shrubland",5,245.1444022,245.1444022,245.1444022,1,1,1,1,1,1
2080,"Argentina","Crop",31,440.564487115965,469.526461653276,397.24868141775,1.06573833203603,0.901681122820929,0.703948729729612,1.95347300930947,0.684759401734154,1.35565086898738
2080,"Argentina","Forest",31,177.55106665,173.288262905747,171.721899761758,0.975991111601394,0.967169068605298,0.907873037764194,1.19616946248951,0.937456861909793,1.06638125958984
2080,"Argentina","Grassland",31,724.79361,696.104957800782,646.491905156389,0.960418177252945,0.89196689407401,0.831379020613999,1.05837421017979,0.809273528086663,0.95474097205526
2080,"Argentina","Pasture",31,991.803556063,946.953406552015,840.978492353532,0.95477920074312,0.847928490690058,0.871707176881148,1.03081656035926,0.78546588261109,0.909890226515676
2080,"Argentina","Shrubland",31,184.1919561,194.041846964713,165.464793449881,1.05347622704743,0.898328010372223,1.03913494624179,1.18140018680717,0.892361761187165,0.951546842846795
2080,"Australia_NZ","Crop",6,446.151777767063,326.478673363103,376.803766060579,0.731765936240554,0.844564080740499,0.478057955133295,1.00579362168091,0.728613264277833,1
2080,"Australia_NZ","Forest",6,310.9154144,292.059675454614,294.018496356879,0.939354119892146,0.945654292902369,0.89909458487692,0.969791001422594,0.93240661001868,0.955662236321403
2080,"Australia_NZ","Grassland",6,1406.231,1146.2482906811,1202.884254342,0.815120908784617,0.855395915992465,0.76194992019011,0.855816359993733,0.844188108655341,0.863974029522147
2080,"Australia_NZ","Pasture",6,3329.174561,2599.71827145419,2772.73511990355,0.78088974423537,0.832859638057156,0.768914413907988,0.817283745640622,0.829499486902377,0.842243497911413
2080,"Australia_NZ","Shrubland",6,2245.647566,2453.15358930716,2060.74156493585,1.09240364625727,0.917660275876009,1.08118889409067,1.11551442391352,0.916900098115567,0.91802916026894
2080,"Brazil","Crop",7,550.425459087175,532.007401788701,540.979955566822,0.966538507631864,0.982839631844034,0.916901838862244,1.27630731278041,0.94041363981137,1.1133220147562
2080,"Brazil","Forest",7,4377.414561958,4255.45837693715,4431.9916039336,0.972139676675655,1.01246787143486,0.958434364090776,1.02030100720649,1.00365016416629,1.02741053505343
2080,"Brazil","Grassland",7,986.888436,871.680493591256,930.64438264805,0.88326143239078,0.943008701591524,0.854966179095877,0.888585652229657,0.936908417222266,0.94415657097877
2080,"Brazil","Pasture",7,1783.56373310878,1700.53962539526,1725.69775599904,0.953450439604529,0.967555980178586,0.90418637423879,1.00354737782312,0.949502181428123,0.977381832101123
2080,"Brazil","Shrubland",7,609.2799764,841.604265816418,703.003359741768,1.38130957591801,1.15382646233599,1.32305250108582,1.38946184843924,1.13219301578169,1.15685376421121
2080,"Canada","Crop",8,480.827273391614,621.022401063812,504.886226812646,1.29157066462413,1.05003658226649,1.05536082872013,1.7179443817225,0.949225476830129,1.22686455339395
2080,"Canada","Forest",8,4045.2895084,4255.11541593766,3801.24031820411,1.0518691943066,0.939670772712529,1.0502272942405,1.05800010968665,0.936466381520115,0.941142153650998
2080,"Canada","Grassland",8,1092.806998,1219.15994057281,1055.2819583428,1.11562237687355,0.965661786824315,1.09260641309809,1.11930451131819,0.962531638541889,0.966162553462636
2080,"Canada","Pasture",8,97.4455220222,111.941060449269,95.2489140900114,1.14875530579811,0.977458092618271,1.12763275135371,1.1879869702827,0.973963665563753,0.985383336758183
2080,"Canada","Shrubland",8,881.0094922,1000.06012402848,862.165967031302,1.13512979472127,0.978611439109874,1.06285077469642,1.13621549022762,0.944158433469769,0.979128954059451
2080,"Central America and Caribbean","Crop",9,148.541849662917,149.61889990391,153.045556501262,1.00725082017921,1.03031944767461,0.948363892160076,1.08341743761099,1,1.10354845028691
2080,"Central America and Caribbean","Forest",9,328.71793,345.80701462,341.55509159929,1.0519870778573,1.03905220989707,1.05099268251383,1.05391995495751,1.03822742704689,1.04056933807667
2080,"Central America and Caribbean","Grassland",9,65.6827,63.849241172039,66.543844948998,0.972086122708704,1.01311068133615,0.972033651045144,0.972222126216134,1.01262046391686,1.01438129644351
2080,"Central America and Caribbean","Pasture",9,117.8304717,114.501724387814,119.137497410722,0.971749690346135,1.0110924253452,0.970786701041065,0.975317533138547,1.00925281926352,1.01219862532283
2080,"Central America and Caribbean","Shrubland",9,3.96899517,3.95885155713611,3.95918004336022,0.997444286921647,0.997527049991401,0.996305269473612,0.999532768173276,0.996424917975187,0.999547898799868
2080,"Central Asia","Crop",10,302.272506708966,358.080768768951,305.102823109595,1.1846289716111,1.00936345958633,1,1.34592309438724,0.887096467202513,1.17676460313522
2080,"Central Asia","Forest",10,42.9588133012,50.9474249309581,43.594646107647,1.18595978370601,1.01480098628398,1.12017332768563,1.23222537545232,0.998761332995604,1.02284745572899
2080,"Central Asia","Grassland",10,630.4503451,701.263727382375,602.684634280501,1.11232190264111,0.955958925178961,1.08174924892757,1.13257011738459,0.954638540874499,0.956833413379794
2080,"Central Asia","Pasture",10,3645.72792541,4184.04704613153,3560.63415475965,1.14765751359819,0.976659319512774,1.09975384767501,1.1718118965353,0.957960442749137,0.986044054637624
2080,"Central Asia","Shrubland",10,607.8446257,804.394103639318,640.329882384192,1.32335480092955,1.05344335593456,1.24621456749136,1.34439093421054,1.03402619472637,1.05873841368728
2080,"China","Crop",11,1278.8048355351,1487.62597787423,1266.02222928745,1.16329398868104,0.990004255620201,1.02467129541091,1.22333601789793,0.900339323879638,1.03221809798172
2080,"China","Forest",11,1262.457797,1510.46564994895,1270.11535759966,1.19644843062342,1.00606559729589,1.19644843062342,1.19644843062342,1.00606559729589,1.00606559729589
2080,"China","Grassland",11,1043.848729,1256.82220693844,1049.41509172605,1.20402714686683,1.00533253772449,1.19086556491288,1.23060207074831,1.00117695165958,1.0137231995571
2080,"China","Pasture",11,3872.7891058353,4708.79993826989,3974.77924497206,1.21586789509786,1.02633506146335,1.20017187100109,1.22884369638551,1.00175045870755,1.04497876188402
2080,"China","Shrubland",11,615.0896308,698.700245794414,615.140819562729,1.13593240855917,1.00008322163172,1.12593517358388,1.14328687898294,0.992815323335454,1.00542985429515
2080,"Colombia","Crop",32,58.115927807589,57.5945706402974,58.6076046478423,0.991029014128146,1.00846027687764,0.944833964132965,1.08484749789966,0.987048228401567,1.03632092561289
2080,"Colombia","Forest",32,581.80601,608.8569124823,586.17799905433,1.04649471132534,1.0075145133931,1.04524572345859,1.05064006708366,1.00709002833906,1.01634224353148
2080,"Colombia","Grassland",32,107.13932,104.37156456775,105.74567851275,0.974166763124407,0.986992250023147,0.970959319277305,0.975450830303863,0.984683450263575,0.992759351387864
2080,"Colombia","Pasture",32,366.6290722,356.318433458508,367.957375771992,0.971877192717911,1.00362301757474,0.968862798811307,0.9739260700326,1.00225788233508,1.00765751624858
2080,"Colombia","Shrubland",32,14.578499,10.89476314487,12.45422213302,0.747317206309785,0.854286997105806,0.741682570198997,0.750812305407563,0.852412371830489,0.855449805311981
2080,"EU-12","Crop",12,410.916155726209,465.403194653509,442.811270763249,1.13259892113759,1.07761952065543,0.93566846313444,1.53667458202441,0.976324093741957,1.26042293088594
2080,"EU-12","Forest",12,409.37612857,423.805634854693,410.205367494131,1.03524755176883,1.00202561621516,0.993337475029867,1.0380473612895,0.988455329062962,1.00403250375127
2080,"EU-12","Grassland",12,149.4144177,114.051882939844,131.565826099356,0.763325820195221,0.880543043466655,0.746697785838253,0.816870076940945,0.872017907148903,0.907995000684842
2080,"EU-12","Pasture",12,65.665472645,55.2057148171804,60.7567008488102,0.840711451444704,0.925245770745799,0.794730177033035,0.975620506885211,0.902056198034583,0.989478751424102
2080,"EU-12","Shrubland",12,2.5479371,3.52087536074,2.944597328697,1.38185332783137,1.15567897209747,1.37775526812237,1.39181142000595,1.15397615653053,1.1598167337642
2080,"EU-15","Crop",13,1128.39629413792,1156.27862468132,1137.73073571275,1.02470969701713,1.0082723078969,0.969568876914693,1.21157020582899,0.963449699187667,1.07289145475849
2080,"EU-15","Forest",13,1024.97522,1007.63536914751,1033.47860981657,0.983082663352105,1.00829619063041,0.983082663352105,0.983082663352105,1.00829619063041,1.00829619063041
2080,"EU-15","Grassland",13,420.9025333,465.232715275477,441.087843880787,1.10532172764064,1.04795720857874,1.08901083317384,1.12399450050236,1.03776714769937,1.05962282830516
2080,"EU-15","Pasture",13,239.0762952964,242.450719238071,238.238724635571,1.01411442291879,0.996496638615757,0.998867150476431,1.02802778397197,0.990607065745235,1.00187096075149
2080,"EU-15","Shrubland",13,202.65402035,273.918943515217,223.106945441412,1.35165807735833,1.10092533597946,1.34477895227578,1.35597933704869,1.09629288601856,1.10383530186079
2080,"Europe_Eastern","Crop",14,350.933828878765,361.253691379841,363.992390544795,1.02940686149878,1.03721089445196,0.522824215004886,1.16084278208715,0.824570213255736,1.11453869742819
2080,"Europe_Eastern","Forest",14,233.48471934,204.63189924479,229.712171899597,0.876425231694952,0.983842422531688,0.869915727122273,0.894575762192884,0.982422775045633,0.987324187022856
2080,"Europe_Eastern","Grassland",14,78.0535825,38.2918190672965,63.1655785753175,0.490583748251357,0.809259185192652,0.482718778328827,0.548623617595907,0.805533704318714,0.836751524680132
2080,"Europe_Eastern","Pasture",14,91.17053324,46.2427487648921,74.4480648044233,0.507211564104394,0.816580337513701,0.492114056223188,0.547449316300749,0.809380136685124,0.83560759124194
2080,"Europe_Eastern","Shrubland",14,4.3803769,6.709031575804,5.524347330639,1.53161057346549,1.26115799091147,1.52963094190381,1.54567329281829,1.26036622501831,1.26678246253746
2080,"Europe_Non_EU","Crop",15,298.331870796656,361.175536067338,317.554524068148,1.21065019001445,1.06443379053053,0.973921106242992,1.36493242326298,0.919720589685399,1.16006884135221
2080,"Europe_Non_EU","Forest",15,228.2738799,251.943575602643,227.82458560982,1.10368989966356,0.998031775293887,1.10175467157198,1.11082898696552,0.993469702261946,0.998732231676353
2080,"Europe_Non_EU","Grassland",15,241.80814,300.2724526838,258.36069934654,1.24177975432837,1.0684532760003,1.24121698805861,1.24438756170879,1.06771595039319,1.07186997537147
2080,"Europe_Non_EU","Pasture",15,136.80131978,166.910563282874,144.502208094306,1.22009468586484,1.05629250015051,1.19565929656616,1.22565987667676,1.05306588463565,1.05848185119077
2080,"Europe_Non_EU","Shrubland",15,69.5156044,86.03004524272,74.192447138664,1.23756451497845,1.06727759585823,1.19357782891633,1.24557806153031,1.05669299201607,1.06920591151953
2080,"European Free Trade Association","Crop",16,77.9907693907123,81.1573520193716,74.9046809355588,1.04060201807724,0.960430080645915,0.70038719564915,1.30485034246634,0.890868760092016,1.09631736416825
2080,"European Free Trade Association","Forest",16,114.825456952897,124.475680391778,114.964068464714,1.08404254330849,1.00120714966432,1.0769107976362,1.09900046520832,0.998473089649199,1.00761109661526
2080,"European Free Trade Association","Grassland",16,59.043714008,76.1879901217951,64.3251089679576,1.29036581458057,1.08944889475012,1.28394184288329,1.29132749222705,1.0860389538853,1.08995936771919
2080,"European Free Trade Association","Pasture",16,19.6652628611942,25.6649027745324,21.604115179944,1.30508821344958,1.09859274866728,1.10341344403259,1.38878220252855,0.992961473267385,1.14249193871219
2080,"European Free Trade Association","Shrubland",16,5.68706681443,7.8657441082838,6.41942389605485,1.38309331768808,1.1287758884363,1.28100183971312,1.38336723892194,1.07781582871489,1.12891261916754
2080,"India","Crop",17,1474.52757785928,1925.76053187072,1694.48053501943,1.30601866034038,1.14916842550987,0.952040359970477,1.44715151378746,0.986275072224583,1.22067161546702
2080,"India","Forest",17,969.62062976,1019.25840290309,1029.07071142354,1.05119298375013,1.06131272359402,1.05119298375013,1.05119298375013,1.06131272359402,1.06131272359402
2080,"India","Grassland",17,230.2583704,288.104929753576,251.731307164322,1.25122456679028,1.09325583572497,1.21614516395624,1.26332666698538,1.09215657152898,1.09644218610469
2080,"India","Pasture",17,60.8151341340812,72.9830743444813,66.0990764827734,1.20008079211949,1.08688531931941,1.13250091363506,1.24867497924637,1.07116770242013,1.09755108573133
2080,"India","Shrubland",17,140.1608638,144.27193561274,124.40252188963,1.02933109643649,0.887569600506629,1.01755840879794,1.05989936032211,0.861575770454248,0.955063641020943
2080,"Indonesia","Crop",18,487.96502316868,504.810221469802,480.052116145927,1.03452132325332,0.983783864320092,0.746254788323988,1.11482561383775,0.825092965929943,1.01286930542153
2080,"Indonesia","Forest",18,1024.9403751,1113.46097841662,1034.20546144728,1.08636658821054,1.00903963447276,1.08456680854439,1.09457707645562,1.00819940127737,1.01107407748811
2080,"Indonesia","Grassland",18,187.051138,163.4940372104,168.6671815229,0.874060639023752,0.90171694931308,0.868933992652953,0.883277801871773,0.899503372253707,0.905696724541794
2080,"Indonesia","Pasture",18,96.493717803,77.9441582701386,84.405190685313,0.807764070499057,0.874722133285747,0.787319897863451,0.826772414883566,0.855255335036231,0.893822345498474
2080,"Japan","Crop",19,114.135733674876,112.122209867356,108.502876957287,0.982358515228402,0.950647737249098,0.9033,1.0169674690306,0.907735,0.958470760021931
2080,"Japan","Forest",19,190.5531826,189.7345145812,180.978268289,0.995703729491002,0.949752010539235,0.9956989324022,0.99571077862842,0.949695905117787,0.949834455297289
2080,"Japan","Grassland",19,36.3329,36.9505593,34.5938257415,1.017,0.952135,1.017,1.017,0.952135,0.952135
2080,"Japan","Shrubland",19,24.27467608,23.826375775,23.464196637,0.981532181788026,0.966612141792172,0.981519482865241,0.981542710320382,0.96658918348554,0.966631176262916
2080,"Mexico","Crop",20,363.20490437422,375.145083204154,341.018470936924,1.03287449780037,0.938914829700546,0.822302508110444,1.25714742192587,0.815360584374364,1.05886704448017
2080,"Mexico","Forest",20,410.7205923,498.077185021998,420.570199345609,1.21269104680827,1.02398128370056,1.18780106889278,1.22044766482744,1.01391093858319,1.02731652999812
2080,"Mexico","Grassland",20,139.477152981,132.60863191572,125.09129583091,0.950755224648042,0.896858683715392,0.928873363846427,0.957651881005643,0.861564969392154,0.907982446062548
2080,"Mexico","Pasture",20,686.92572536,697.992140179067,592.515752067182,1.01611006024453,0.862561599009354,1.0036462580042,1.05092985421818,0.811670837315921,0.8788394991365
2080,"Mexico","Shrubland",20,265.298191,303.249291687,246.9648892813,1.1430507330033,0.930895489149038,1.12250723072253,1.18908471448595,0.902784100754173,0.943440707985332
2080,"Middle East","Crop",21,365.129568854972,465.777583003211,377.267954378254,1.27565013281139,1.03324404967077,0.531833510283685,1.41846067012609,0.651143235741264,1.12099172971305
2080,"Middle East","Forest",21,17.548329065,17.442535216682,16.464361366028,0.99397128650106,0.938229577587879,0.993594845138937,1.7228,0.938084058144951,1.21997
2080,"Middle East","Grassland",21,187.9872811,236.685617257343,187.662975138893,1.25905122874477,0.998274851579269,1.23009030388773,1.29899495386497,0.99513686685889,1.00260284868989
2080,"Middle East","Pasture",21,1939.62352083,2560.64510395798,1828.37473651743,1.32017635198723,0.942644135257254,1.31637952030695,1.36354568675496,0.941707869659072,0.946513597252147
2080,"Middle East","Shrubland",21,823.9814463,978.238205774078,775.440900342874,1.18720902050253,0.941090243991424,1.12870077127133,1.28646241471823,0.89691221556607,1.01603385157824
2080,"Pakistan","Crop",22,137.700472640529,144.005773276107,146.662086902886,1.04578997090328,1.06508049021554,0.321765,1.30688724612759,0.403873,1.19038741668366
2080,"Pakistan","Forest",22,95.4516,31.4324027832,38.0616118548,0.329302,0.398753,0.329302,0.329302,0.398753,0.398753
2080,"Pakistan","Grassland",22,10.8265717,9.2144065572821,9.9204045655633,0.851091814898533,0.916301562530944,0.851056096585119,0.851192822243543,0.916232638680058,0.916496471375188
2080,"Pakistan","Pasture",22,162.658756055,143.710115738362,147.680307451025,0.883506791910846,0.907914895163034,0.88311587146718,1.02658185990327,0.907830095160012,0.932806775839624
2080,"Pakistan","Shrubland",22,127.611829,116.31806159432,82.78031361024,0.911499055423146,0.64868840341,0.859951916067636,0.974554105851049,0.622628674850073,0.680565972544359
2080,"Russia","Crop",23,1024.34433773025,1071.30424023967,1045.24165451637,1.04584386400132,1.02040067584346,0.920835639648385,1.23416773410446,0.967977539880232,1.10978797952491
2080,"Russia","Forest",23,5060.8353995944,5775.32126271375,5128.78817304153,1.14117943120154,1.01342718505577,1.01840094956677,1.20854089526277,0.997981536941639,1.0219609510534
2080,"Russia","Grassland",23,3760.31379596,4287.03160903607,3717.75645839471,1.14007283478362,0.988682503675354,0.992266251608999,1.18355503818821,0.973165819722754,0.993247250341574
2080,"Russia","Pasture",23,844.043330719877,845.591963034435,823.020742132644,1.00183477821362,0.975092998401749,0.929463124706662,1.03032078398164,0.958762313181699,0.979215281396797
2080,"Russia","Shrubland",23,2074.769378917,2755.17661277688,2161.3985916002,1.32794354918378,1.04175365877456,1.1294979279584,1.34707815064725,0.998887906035375,1.04588687718488
2080,"South Africa","Crop",24,66.4192863412942,77.4574044435393,67.8106970832157,1.16618844781809,1.02094889630057,1.05660174553253,1.38926681739185,0.952917300134259,1.16562225687531
2080,"South Africa","Forest",24,23.152537,30.18101780715,23.81137173785,1.30357281394907,1.02845626541273,1.30357281394907,1.30357281394907,1.02845626541273,1.02845626541273
2080,"South Africa","Grassland",24,200.94642,237.82609483432,211.44556972098,1.18352989236793,1.05224850346167,1.06013750374458,1.19668847612445,0.99663266091475,1.05817938567011
2080,"South Africa","Pasture",24,832.36925,886.21528414549,830.50963729032,1.06469008092922,0.997765880095066,0.911340091121413,1.12643486832288,0.918387208704866,1.03104796819274
2080,"South Africa","Shrubland",24,58.69181,69.66845997314,58.95563823116,1.18702183444573,1.00449514559459,1.14367730014993,1.20732522009437,0.975432596092063,1.01810858406081
2080,"South America_Northern","Crop",25,50.7983998971388,51.3168170892484,53.348929535566,1.01020538428689,1.05020885783001,0.848361424944166,1.21435575019384,1,1.09361697749681
2080,"South America_Northern","Forest",25,912.9021534565,759.641126069491,904.699951022571,0.832116698589525,0.991015244730365,0.767684136159722,0.931001550108511,0.980993716762721,1.01148624337209
2080,"South America_Northern","Grassland",25,174.9141993,166.362177919454,185.951532313883,0.95110733482604,1.06310141233847,0.948326795713668,0.956598926141901,1.0623250935694,1.06463464932536
2080,"South America_Northern","Pasture",25,176.278764540437,166.607260373425,187.437181431064,0.945135171600356,1.06329983602799,0.930875459154967,0.95570135889078,1.05978602382009,1.06622707915477
2080,"South America_Northern","Shrubland",25,8.375196,8.375196,9.29643404928,1,1.10999599881364,1,1,1.10492073065818,1.11473727095783
2080,"South America_Southern","Crop",26,258.60672776948,266.936704585056,252.914504947175,1.03221098262765,0.977988883462538,0.871811238150186,1.15225874218001,0.9215926058619,1.05550906759815
2080,"South America_Southern","Forest",26,1465.17081939,1523.89126745592,1460.70307849213,1.04007754405754,0.996950703058821,1.03624641207635,1.05607744712103,0.996035779073554,1.00092781096971
2080,"South America_Southern","Grassland",26,594.4266912,578.353234709014,564.095435148447,0.972959732917548,0.948973933202223,0.948424080801493,1.03586973175005,0.944868437845719,0.95950052148538
2080,"South America_Southern","Pasture",26,891.876121511,872.128743132334,834.935647631611,0.977858608496872,0.936156521622171,0.955414620450926,1.02610319759498,0.928479897687526,0.938985485733992
2080,"South America_Southern","Shrubland",26,147.88883549,144.219264773826,135.701819025847,0.975186965912497,0.91759339760994,0.961693076000515,1.0244466107785,0.914669178433681,0.928268302998409
2080,"South Asia","Crop",27,117.747892317281,155.172342518384,134.40580364439,1.31783541483919,1.14147099365671,1.02015186688459,1.66195699915915,0.984522010098366,1.21280012094217
2080,"South Asia","Forest",27,190.15504116,235.460802861515,206.859775856352,1.23825695824385,1.08784797181525,1.22731980413654,1.2533306577084,1.08619778657074,1.08987679911229
2080,"South Asia","Grassland",27,87.1205087,116.830327652935,91.3721552747512,1.34101980574104,1.04880190253929,1.33477201406697,1.35150483788316,1.03862098935984,1.06588749173488
2080,"South Asia","Pasture",27,355.060169532,497.298654604088,372.1792810455,1.40060388992539,1.04821467734909,1.38129598344604,1.44471338865821,1.0384223065798,1.08427594411868
2080,"South Asia","Shrubland",27,137.41438,174.63204874374,129.89766127008,1.27084260572831,0.945298892809326,1.26224428641126,1.28118087181064,0.932073295526672,0.961200807912052
2080,"South Korea","Crop",28,20.14983697665,20.9617558818816,19.746017321623,1.04029406819383,0.979959160190976,0.94632,1.04728,0.924195,0.988385
2080,"South Korea","Forest",28,29.23445,30.323140918,28.4286900891,1.03724,0.972438,1.03724,1.03724,0.972438,0.972438
2080,"South Korea","Grassland",28,9.12056,9.459844832,8.8468063916,1.0372,0.969985,1.0372,1.0372,0.969985,0.969985
2080,"South Korea","Pasture",28,0.79277758,0.822268905976,0.7689823609363,1.0372,0.969985,1.0372,1.0372,0.969985,0.969985
2080,"South Korea","Shrubland",28,38.44937,39.5778590095,38.04888136208,1.02935,0.989584,1.02935,1.02935,0.989584,0.989584
2080,"Southeast Asia","Crop",29,802.258045096364,872.188391460044,832.03460629884,1.08716689946722,1.03711593967113,0.921411895859575,1.14609550963167,0.951596561153496,1.07834734622745
2080,"Southeast Asia","Forest",29,1879.54131498284,2073.32667289381,1980.24200195685,1.10310247312267,1.05357726705514,1.09789167066781,1.10531852705226,1.04913167689311,1.05520732807085
2080,"Southeast Asia","Grassland",29,367.38271441,377.625228307777,371.991953990969,1.02787968376309,1.01254615255476,1.02717028579766,1.03083332819127,1.01176962502726,1.01577929716002
2080,"Southeast Asia","Pasture",29,47.5631549186252,49.9895004971671,48.9770179400629,1.05101313364711,1.0297260142616,1.03592042702797,1.05258084678983,1.02037032039346,1.03037086330208
2080,"Southeast Asia","Shrubland",29,15.28705996,15.65083063367,15.4575646884152,1.02379598658093,1.01115353304437,1.01716560428072,1.04268535226658,1.00776558750747,1.02080548662292
2080,"Taiwan","Crop",30,0.681111984323183,0.801596838116598,0.725467407469414,1.17689433832696,1.06512207121169,1.0947590340735,1.33610939463159,1.02597669225337,1.08521724888346
2080,"Taiwan","Forest",30,22.684204484,25.9029477372997,23.6655728767122,1.14189359188549,1.04326219124874,1.14188251220309,1.14261882047539,1.04318568016256,1.04326336014713
2080,"Taiwan","Grassland",30,2.05786,2.3377906958,2.1547440488,1.13603,1.04708,1.13603,1.13603,1.04708,1.04708
2080,"Taiwan","Pasture",30,7.6169494259,8.65365818444587,7.9738364969749,1.136105506362,1.04685433119214,1.13610418703384,1.13618571892151,1.0466145967883,1.04685827431966
2080,"Taiwan","Shrubland",30,0.08634674,0.1082114615028,0.0960253460866,1.25322,1.11209,1.25322,1.25322,1.11209,1.11209
2080,"USA","Crop",1,1957.94760924192,2076.72071723639,1747.90662125659,1.06066204602913,0.892723897721322,0.706206699813079,1.39886208374048,0.673190974721551,1.04953645149178
2080,"USA","Forest",1,2268.785851121,2510.52417764032,2164.66901429058,1.10654964478022,0.954109006463094,1.08761553170005,1.17741948612464,0.948167343924575,0.983500265604539
2080,"USA","Grassland",1,1141.96003786,1281.96947866263,1061.9030087009,1.12260450117414,0.929895069437696,1.01145069993085,1.25472877038682,0.864131581464515,1.0080656105451
2080,"USA","Pasture",1,1916.3464546216,1818.78592954732,1554.00240933207,0.94909035115284,0.810919343725307,0.885062373908807,1.11609151920426,0.77631799670836,0.901335161199415
2080,"USA","Shrubland",1,946.91689,1273.7004816172,927.5513675942,1.3451027171109,0.979548867899272,1.31848597797705,1.35448996981511,0.925816393144742,0.998499360535014
2085,"Africa_Eastern","Crop",2,598.819053267804,568.998139393772,594.279674440066,0.950200459201663,0.992419448240722,0.804987909271675,1.44736227644792,0.86123102375903,1.20144452981823
2085,"Africa_Eastern","Forest",2,308.840607,288.08492915371,325.26005280269,0.932794854770215,1.05316478931376,0.932794854770215,0.932794854770215,1.05316478931376,1.05316478931376
2085,"Africa_Eastern","Grassland",2,968.45170854,930.304158576356,866.953208581795,0.960609755109882,0.895195084005562,0.95757153357974,0.970424943977464,0.89516077847488,0.895305910441193
2085,"Africa_Eastern","Pasture",2,2424.0060804,2350.19637957914,2169.14877969968,0.969550529836673,0.89486111327812,0.922995863032623,1.00107121354854,0.866962354333705,0.899936274304648
2085,"Africa_Eastern","Shrubland",2,440.6531051,99.70477579144,222.56537834443,0.226265909935693,0.505080699009081,0.225857614024602,0.226558911377263,0.488994709377533,0.527496437843739
2085,"Africa_Northern","Crop",3,199.491816603022,234.281442959779,198.469185292856,1.17439124546139,0.994873818246884,0.68705872886938,1.96701353376164,0.708116968799334,1.10851007533224
2085,"Africa_Northern","Forest",3,64.215497,43.810406895819,44.208060617761,0.682240408352193,0.688432896778187,0.682240408352193,0.682240408352193,0.688432896778187,0.688432896778187
2085,"Africa_Northern","Grassland",3,51.830928,56.816429603816,47.91921548123,1.09618777429214,0.92452937522612,0.953160636262519,1.19555183941983,0.881310787472639,0.954554268595478
2085,"Africa_Northern","Pasture",3,711.79393,795.98183261534,646.86748700022,1.11827566809307,0.908784775672672,1.03607176720036,1.16366763722644,0.879242430484567,0.93238318458455
2085,"Africa_Northern","Shrubland",3,65.6902562,66.37312367655,58.1309070349,1.01039526279926,0.884924346434502,1.00380935741322,1.01725615028096,0.872913212730606,0.896454077881637
2085,"Africa_Southern","Crop",4,350.430837511283,388.517909106394,363.876361474289,1.10868641545818,1.03836855243247,0.896199470783091,1.46945026440331,0.965656142270338,1.21393896403341
2085,"Africa_Southern","Forest",4,739.846493012,1018.44960354274,827.28513205985,1.37656880604585,1.11818483952242,1.36793366311987,1.39676015073627,1.11095460121892,1.15075503960565
2085,"Africa_Southern","Grassland",4,1966.7669199,2387.59421980507,2107.76838405252,1.21396907566783,1.07169200515112,1.21187114734052,1.22158773204642,1.06879039593828,1.08222924002692
2085,"Africa_Southern","Pasture",4,1997.0838832411,2357.78954027771,2096.46479669034,1.1806161774493,1.04976301410432,1.12470274052666,1.25436364924009,1.003417426601,1.05316678397225
2085,"Africa_Southern","Shrubland",4,309.77576147,360.941162641804,309.505314539446,1.16516915632458,0.999126959032332,1.15362065226331,1.17939137691132,0.977790230034002,1.02540358021234
2085,"Africa_Western","Crop",5,1596.50864401806,1572.25367786866,1513.46648650037,0.984807494628807,0.947985150078051,0.763554279668209,1.12314852688886,0.886821244615662,1.03013347221421
2085,"Africa_Western","Forest",5,2832.934439848,3211.48269236243,2905.88856725077,1.13362407798422,1.02575214109321,1.12876707541203,1.13550794583958,1.02447677958255,1.0258689141824
2085,"Africa_Western","Grassland",5,1903.10088686,1849.19420334682,1770.43639741384,0.971674290162242,0.930290353831399,0.955075334630567,0.975360707023069,0.91781346532643,0.933061312044257
2085,"Africa_Western","Pasture",5,1954.01375588,1804.41736330139,1765.04948170175,0.923441484417169,0.903294296875023,0.87137609682971,0.93550752995581,0.874088559716189,0.910779174106682
2085,"Africa_Western","Shrubland",5,243.565096,243.565096,243.565096,1,1,1,1,1,1
2085,"Argentina","Crop",31,418.496896301162,510.338550388889,428.082086657652,1.2194559981196,1.02290385052125,0.971758491766377,1.96259413648588,0.87740133103677,1.32392816211825
2085,"Argentina","Forest",31,182.71762992,201.618816630106,189.312669813893,1.10344478919949,1.03609416287186,1.04414639576013,1.30244337606943,1.01029354006665,1.12500647606745
2085,"Argentina","Grassland",31,731.838431,791.54357405326,707.56348264157,1.08158241016624,0.966830180911298,1.02168741040765,1.12807392021943,0.928060395380763,0.996923943011936
2085,"Argentina","Pasture",31,983.6034846758,1127.81818859689,961.00168112241,1.14661874034396,0.977021427937662,1.12694054815734,1.18010686076492,0.954588419166796,0.997431450571805
2085,"Argentina","Shrubland",31,190.4310927,224.593687482447,192.374650572357,1.17939609702427,1.01020609525892,1.16527626709116,1.3100892596472,1.00433468572085,1.0645518689135
2085,"Australia_NZ","Crop",6,408.451121990883,399.991191042161,383.445683339832,0.979287776448044,0.938779850746476,0.887532077718901,1.15761478529418,0.890204458134117,1.06977240348596
2085,"Australia_NZ","Forest",6,309.6283773,344.83452872644,311.057825589588,1.1137045374634,1.00461665788534,1.1034760054324,1.12049251204571,1.0038034132264,1.00531029558992
2085,"Australia_NZ","Grassland",6,1429.3773,1632.2447078724,1453.5719034856,1.14192712300132,1.01692667393389,1.1182686316268,1.16072207015224,1.01586060923234,1.01777358464378
2085,"Australia_NZ","Pasture",6,3318.883688,3757.2389628399,3347.68943364618,1.13207913143352,1.00867934774284,1.12997758200466,1.1493718457492,1.00118804009585,1.02318782575174
2085,"Australia_NZ","Shrubland",6,2275.193955,3371.31675747371,2550.05455308858,1.48177114749486,1.12080754587297,1.46867852538304,1.50770727298963,1.1194598094258,1.12347737482926
2085,"Brazil","Crop",7,533.202291438264,511.716561536347,523.964121362081,0.959704355650909,0.98267417409017,0.890232852296321,1.26033914333159,0.95412257452091,1.11192359097086
2085,"Brazil","Forest",7,4470.151492499,4462.02152542302,4552.88867943046,0.998181277057473,1.0185088105113,0.986797376868561,1.0303931372877,1.00946562621413,1.02975435547418
2085,"Brazil","Grassland",7,978.6947004,932.15723210936,968.689509555386,0.952449453060674,0.989777005188109,0.923414495197219,0.957967293303113,0.983431726223633,0.990982870055706
2085,"Brazil","Pasture",7,1692.9154000781,1678.43141604004,1687.09641799322,0.991444354492027,0.996562744904672,0.961139805967189,1.03436419409497,0.99137153081317,1.00112836865327
2085,"Brazil","Shrubland",7,632.8130234,797.916172284524,697.603967169386,1.26090352565352,1.10238560423626,1.21099481173908,1.26759302639292,1.08402182182713,1.10484698875951
2085,"Canada","Crop",8,503.304509008061,591.401279457035,489.27652534828,1.17503672006158,0.972128237659886,1.0005345260593,1.80493493846307,0.926513056732185,1.32290162264247
2085,"Canada","Forest",8,4036.624667,4579.81909208196,3932.41291992657,1.13456649302142,0.974183443923985,1.11869956257158,1.14497048486872,0.964164401436743,0.98061446917837
2085,"Canada","Grassland",8,1088.052255,1276.47863575001,1060.60094550885,1.17317769425514,0.97477022875969,1.06778056011727,1.18950737241476,0.919014262471878,0.983408765209529
2085,"Canada","Pasture",8,92.6359053042,104.376590781385,86.1550767346513,1.12674011700572,0.930039777251954,1.08303354499388,1.18759185802295,0.909145328314554,0.965896703339512
2085,"Canada","Shrubland",8,880.4285709,1067.13870396051,883.475535973918,1.21206732633591,1.00346077487104,1.10753785809072,1.21356749230769,0.953639042597905,1.0041757968516
2085,"Central America and Caribbean","Crop",9,156.944390260644,142.503262722765,153.217294853186,0.907985704274645,0.976252127258145,0.786629816360248,1.01703901049316,0.947716748335557,1.01958938386859
2085,"Central America and Caribbean","Forest",9,331.25272,332.13857421998,337.4811040758,1.00267425493134,1.0188025145146,1.00067271895384,1.00396025906292,1.01808100367424,1.0192503384527
2085,"Central America and Caribbean","Grassland",9,63.356235,55.641740601004,60.624940566507,0.878236224122283,0.956889887262193,0.877894636349363,0.878374815235419,0.956614935029537,0.95700144259
2085,"Central America and Caribbean","Pasture",9,111.5547417,98.1649552034718,106.818829555119,0.879971157725085,0.957546294557186,0.875123964720116,0.886222485801267,0.955775010002966,0.959832572167627
2085,"Central America and Caribbean","Shrubland",9,3.86394037,3.8638511173717,3.86177703053668,0.999976901137245,0.999440120898315,0.999966225858028,0.99999567446713,0.999181369383071,0.999895156074005
2085,"Central Asia","Crop",10,320.209144059156,344.745766055802,303.739831271098,1.07662686232381,0.948567012861396,0.925898286118595,1.52660537562106,0.837733981510164,1.15214533676649
2085,"Central Asia","Forest",10,44.5556068562,49.6798544311243,43.6974069527494,1.11500791789151,0.980738677710746,1.04461396213277,1.15034164895021,0.967509974262263,0.989355540634371
2085,"Central Asia","Grassland",10,633.2006393,689.881004758312,599.839702390188,1.08951406859123,0.947313797808713,1.04200812633873,1.12132166729448,0.940143456196537,0.952114699290743
2085,"Central Asia","Pasture",10,3621.406841476,4067.65063304317,3484.14381015127,1.12322387710111,0.962096765888699,1.06866036649024,1.14968756347049,0.948726387843894,0.978761705827812
2085,"Central Asia","Shrubland",10,608.079472,683.449875782411,582.658813963256,1.12394827856055,0.958195171507543,1.10210928003514,1.1299145097411,0.953393132154797,0.975772722086795
2085,"China","Crop",11,1257.00695354703,1501.00425281633,1269.97187172424,1.19410974504221,1.01031411810462,1.07186918856713,1.32892075737878,0.945121343260151,1.05166104346454
2085,"China","Forest",11,1237.182475,1463.18277081009,1243.8544340267,1.18267337306899,1.00539286577487,1.18267337306899,1.18267337306899,1.00539286577487,1.00539286577487
2085,"China","Grassland",11,1056.039215,1293.14639993866,1073.242196948,1.22452498124197,1.01629009766271,1.2149906047351,1.24411228034726,1.01539254354697,1.01672699398153
2085,"China","Pasture",11,3902.00145079257,4713.4567478732,3985.89906756321,1.20795873792303,1.02150117518629,1.1939656101218,1.22740044166394,1.02040090662717,1.02228847652331
2085,"China","Shrubland",11,620.0317065,695.148141850426,616.278005756928,1.12114934536888,0.993945953563793,1.10806042800123,1.13861064276492,0.984291047691207,1.00682610079344
2085,"Colombia","Crop",32,59.986093087298,58.6259373060792,59.953317760774,0.977325481437183,0.999453617916467,0.905181081220829,1.07842681825189,0.966619732499357,1.03113835001706
2085,"Colombia","Forest",32,590.46426,619.7397290814,593.4515479763,1.0495804252088,1.00505921895476,1.0459020565158,1.05358506492469,1.00440405843854,1.01504568651466
2085,"Colombia","Grassland",32,105.48891,100.33743141623,102.40334537247,0.95116568572213,0.970749867189546,0.942356843389118,0.954769964197945,0.96971163491364,0.973287302763649
2085,"Colombia","Pasture",32,357.8866013,335.540354924404,351.08236746465,0.937560539303722,0.980987737985624,0.937011666456145,0.939174642242158,0.980283653220429,0.984141551562912
2085,"Colombia","Shrubland",32,14.462886,11.48770839776,12.75495348203,0.794288802232141,0.88190928712499,0.786293097455002,0.799313003161838,0.878227876871049,0.884222547223503
2085,"EU-12","Crop",12,431.625784563235,376.124328182071,394.961734285364,0.871413019411419,0.915055931343465,0.639673104011968,1.03882740266445,0.813779186829439,1
2085,"EU-12","Forest",12,407.9047337,378.172125144856,381.337884278089,0.927108939664791,0.934869965393806,0.922249056978865,0.99292907017904,0.931941689165288,0.974963933861023
2085,"EU-12","Grassland",12,138.9251352,107.088449828086,121.873927208391,0.770835671125451,0.877263333470495,0.76186108708006,0.773905105442455,0.873141184513046,0.87867316655087
2085,"EU-12","Pasture",12,58.139127382,41.4441743073466,49.3696124559968,0.712844794436626,0.849163286053752,0.666407818410578,0.730744756696664,0.827273777433889,0.857442551931512
2085,"EU-12","Shrubland",12,2.36287,2.423546294166,2.1964030925476,1.02567906578271,0.929548850570535,1.02267178711017,1.03223740348308,0.927880867847762,0.933186422995791
2085,"EU-15","Crop",13,1115.86991867331,1167.47397052647,1125.43101553356,1.04624558023261,1.00856828981609,0.9574436361396,1.15678355058946,0.924505624885782,1.05316233707498
2085,"EU-15","Forest",13,1020.71536,1102.81951860502,1069.14896846811,1.08043785939012,1.04745065114736,1.08043785939012,1.08043785939012,1.04745065114736,1.04745065114736
2085,"EU-15","Grassland",13,430.4325655,487.816498803393,447.981086063076,1.13331689538113,1.04076950019498,1.13209153376081,1.13477920047188,1.03465748905871,1.0480633674511
2085,"EU-15","Pasture",13,239.504142801,243.491891157053,235.25730423188,1.01665001828117,0.982268204134371,0.977696131463646,1.05207476963493,0.972466444181349,0.991181946446958
2085,"EU-15","Shrubland",13,210.16843929,265.418503368089,215.630371339371,1.26288468556334,1.02598835518702,1.25304687397929,1.26871265360564,1.02563904714473,1.02657799924134
2085,"Europe_Eastern","Crop",14,393.982944846824,310.280845541898,353.456212755003,0.787548927181433,0.89713582117729,0.438257718921131,1,0.754988273055061,1
2085,"Europe_Eastern","Forest",14,228.75034686,187.247805090799,214.119306973663,0.818568398523122,0.936039266881236,0.816020529407509,0.823519095581276,0.934387660949648,0.938445185016593
2085,"Europe_Eastern","Grassland",14,64.9334083,28.5979847279213,48.8928684157856,0.440420200889429,0.752969383493544,0.437284574665271,0.459143050967387,0.750892470967782,0.765370645335692
2085,"Europe_Eastern","Pasture",14,73.74969323,32.5331488312243,55.7204296395822,0.441129276697662,0.755534392066002,0.438153488594066,0.466550412031065,0.752680549936408,0.770908942512106
2085,"Europe_Eastern","Shrubland",14,3.7207264,2.9733010608048,3.2568345950144,0.799118435799203,0.875322247562841,0.797933970919063,0.806087058108558,0.874923109058765,0.877670519369519
2085,"Europe_Non_EU","Crop",15,317.624778857014,304.597093139757,296.064803492231,0.958984038448959,0.932121242422057,0.765262347038969,1.00590020367353,0.853198864197022,1
2085,"Europe_Non_EU","Forest",15,232.0612389,233.308665813381,217.796219014331,1.00537542124352,0.938529071234444,0.998062110811267,1.00607326052231,0.928874587821153,0.940156932561747
2085,"Europe_Non_EU","Grassland",15,232.88504,222.61876290646,215.0736605683,0.955916974772016,0.92351857623959,0.952568218478784,0.956673583434624,0.922974058721901,0.925928615344684
2085,"Europe_Non_EU","Pasture",15,129.64141868,120.539620280209,117.912104211064,0.929792511587231,0.90952494512662,0.912397613922386,0.935836258778896,0.909462020158627,0.909693270514113
2085,"Europe_Non_EU","Shrubland",15,67.1724408,66.945045101725,63.3743471509262,0.996614747125952,0.943457560811549,0.929929031047059,1.00926782725405,0.921468346042153,0.947629838066576
2085,"European Free Trade Association","Crop",16,73.972694863326,78.4090242764643,71.0789609799221,1.0599725266375,0.960881053627282,0.836392376909442,1.31947905435576,0.930815402265933,1.09463751278904
2085,"European Free Trade Association","Forest",16,118.630266424446,130.218175399738,118.211834578398,1.09768088131769,0.996472806993871,1.09472842148902,1.10474023889567,0.995004292911253,0.999629959528193
2085,"European Free Trade Association","Grassland",16,59.261649163,76.6172677890688,64.2416635910153,1.29286425320922,1.08403435439871,1.29240274931267,1.29586210133795,1.083699726155,1.08620804060526
2085,"European Free Trade Association","Pasture",16,19.7099969571427,23.7882930734211,20.8401355814241,1.20691510633645,1.05733834595403,1.08436941204229,1.2575843521936,0.991702701344506,1.08457459387407
2085,"European Free Trade Association","Shrubland",16,5.68741696498,7.26621136058818,6.05800623186863,1.27759427615902,1.06515950372032,1.27758266479464,1.28182454215766,1.06514463933179,1.0705749153193
2085,"India","Crop",17,1554.53923900671,1787.38296273021,1639.55462960338,1.14978311121454,1.05468848161787,0.90001590153092,1.25435303514889,0.969890192497061,1.10683534776215
2085,"India","Forest",17,926.26102746,995.949414652296,974.224582104159,1.0752362294497,1.05178189864652,1.0752362294497,1.0752362294497,1.05178189864652,1.05178189864652
2085,"India","Grassland",17,224.4573148,268.005178301907,237.785630036056,1.19401400903646,1.05938017768738,1.1314924264398,1.21633995244998,1.04995369543352,1.06274629704405
2085,"India","Pasture",17,58.018844172817,64.2776971407325,60.1709371918419,1.10787620913772,1.03709300055366,1.02118126739517,1.17944538248818,1.0181115616438,1.05325404704746
2085,"India","Shrubland",17,124.457741,101.787556483353,98.6980610344216,0.817848336837107,0.793024686463027,0.805313130918583,0.845345529649468,0.763669204828918,0.857418789267512
2085,"Indonesia","Crop",18,478.9243460558,515.219109179932,474.17709671913,1.07578391748726,0.990087684253752,0.833300479428827,1.15740383332712,0.883176320610363,1.00883316599553
2085,"Indonesia","Forest",18,1048.1848051,1142.54578905604,1050.37660701395,1.09002323206454,1.00209104530354,1.08867606083173,1.09578567406652,1.00095827301754,1.00240693333985
2085,"Indonesia","Grassland",18,182.681331,175.41815101328,168.895048819485,0.960241257566051,0.924533710669565,0.947049279624239,0.983096756149793,0.91727873698783,0.93710317079445
2085,"Indonesia","Pasture",18,86.641493926,77.0751462951044,77.1506007576647,0.889586995821353,0.890457877187096,0.856846701302626,0.921516118784888,0.883552486530998,0.896698375746844
2085,"Japan","Crop",19,117.327148995128,111.809727447107,109.757477331587,0.952974042280277,0.935482352308284,0.885965,1.01137859318173,0.899564,0.954739116417611
2085,"Japan","Forest",19,188.4879628,181.0919274808,175.6584052492,0.960761232657346,0.93193434020817,0.960716267532075,0.960824712661057,0.931856341302331,0.932044456010188
2085,"Japan","Grassland",19,35.7077,36.11476778,33.89374884,1.0114,0.9492,1.0114,1.0114,0.9492,0.9492
2085,"Japan","Shrubland",19,23.91346727,23.4337283447,22.7529102551,0.979938545929647,0.951468475825923,0.979924306057643,0.979949964479416,0.95143402754067,0.951496098929524
2085,"Mexico","Crop",20,364.992703778004,413.976237739804,363.158004484475,1.13420414560285,0.994973326111621,0.921703828244939,1.49967982802872,0.908313419717992,1.19379747315046
2085,"Mexico","Forest",20,417.8202314,525.53247892577,439.442087874799,1.25779567247104,1.05174918505586,1.21932343935229,1.26684595173094,1.03709291048161,1.05525090843582
2085,"Mexico","Grassland",20,140.332125521,148.278455523536,133.885089746286,1.056625166711,0.95405873209161,1.04835026311147,1.08309162173637,0.945609566573089,0.956700416824047
2085,"Mexico","Pasture",20,673.88023417,796.437385459255,643.38566121607,1.18186785288369,0.954747785425863,1.16320728023651,1.18934838143047,0.886749659463273,0.97830060176481
2085,"Mexico","Shrubland",20,267.915407,375.1524395812,281.53342200471,1.40026452297758,1.05082953293802,1.31580170299539,1.5922296005415,1.04471084181795,1.06473594780436
2085,"Middle East","Crop",21,392.495336133714,427.963371716912,371.580159875951,1.09036549563258,0.946712293542675,0.517459714154625,1.23599520824459,0.70151828447416,1.00995363059072
2085,"Middle East","Forest",21,16.030083726,16.6820639613939,14.716808127607,1.04067229133285,0.918074314467684,1.04048448096878,1.37338,0.918030703232749,0.995332
2085,"Middle East","Grassland",21,185.3938718,228.553871989944,180.5335643743,1.2328016550434,0.973783883045804,1.22023968692709,1.24213166070717,0.951154728416643,0.990590974012898
2085,"Middle East","Pasture",21,1927.08536518,2232.23306973156,1795.07682582164,1.15834675000142,0.931498343693752,1.11422865602789,1.22877303161801,0.915276431712995,0.957563377643713
2085,"Middle East","Shrubland",21,816.7886634,995.65394879464,793.857959079917,1.21898600385819,0.971925780379185,1.21281711708294,1.22970316051792,0.970930895605594,0.973654185578602
2085,"Pakistan","Crop",22,153.55245317654,132.421816134515,152.003978451132,0.86238815072703,0.989915662736904,0.314289,1.18226907005037,0.442931,1.28744408227707
2085,"Pakistan","Forest",22,94.5876,30.8685686724,42.8227387356,0.326349,0.452731,0.326349,0.326349,0.452731,0.452731
2085,"Pakistan","Grassland",22,10.2327651,7.4035174993865,8.3376382796948,0.72351094030161,0.814798170212546,0.723433608342096,0.723787740070183,0.81457059154838,0.815612758669488
2085,"Pakistan","Pasture",22,168.048136626,126.97384400382,137.375973244418,0.755580195967343,0.817479895954784,0.75523696585503,0.978807986016411,0.817432524462583,0.863433867037067
2085,"Pakistan","Shrubland",22,111.2767266,97.833119467266,71.454845329726,0.879187611430565,0.64213647824653,0.84605386580912,0.910288948769111,0.618699439352457,0.664135900261452
2085,"Russia","Crop",23,1074.14850221448,1033.61434291683,1033.00904251959,0.962263914892507,0.961700398399219,0.779450708403542,1.03620449353507,0.854604332300477,1.02625852622341
2085,"Russia","Forest",23,5108.0213726661,5820.57826581034,5194.81790041018,1.13949763345887,1.01699220136559,1.04965409714875,1.18834128125742,1.00534799102834,1.020658500273
2085,"Russia","Grassland",23,3730.58363692,4159.90437625789,3628.72893637467,1.11508138702188,0.972697381841994,0.940951505175756,1.16452572964753,0.943148067855409,0.981087937154015
2085,"Russia","Pasture",23,788.618452541865,722.288102585658,726.518664463302,0.915890441388466,0.921254964452831,0.821857400555145,0.996853196755768,0.890252327369339,0.945941449085329
2085,"Russia","Shrubland",23,2073.792868072,2681.8927510833,2112.11282979923,1.29323077168099,1.01847820113436,1.17139865110512,1.30491524565502,1.0133167753568,1.0189732146405
2085,"South Africa","Crop",24,68.2921513917958,72.2202749111234,65.7135513386373,1.05751939921751,0.96224163391244,0.826631157537165,1.45454705461221,0.835412954788741,1.18079000804401
2085,"South Africa","Forest",24,22.195635,30.15021344456,22.76670792511,1.35838481055216,1.02572906452598,1.35838481055216,1.35838481055216,1.02572906452598,1.02572906452598
2085,"South Africa","Grassland",24,201.0688,233.4549289394,203.52368552484,1.1610698872197,1.01220918175689,1.10360098177131,1.16719425274685,0.98107398846105,1.01552720744425
2085,"South Africa","Pasture",24,831.40198,918.4461582038,816.26841063852,1.10469565901659,0.981797530285554,1.07261912207939,1.15292314426924,0.960700342337163,1.00497467549274
2085,"South Africa","Shrubland",24,57.95742,56.48810155543,52.3454913069,0.97464831173351,0.903171523282092,0.956549358731595,0.98328488449525,0.892197886870334,0.908407992448071
2085,"South America_Northern","Crop",25,54.799559409503,54.4352235197101,56.7906570013739,0.993351481403886,1.03633418978777,0.83500119103055,1.19720238788322,1,1.10146876573446
2085,"South America_Northern","Forest",25,912.26129713248,779.149612009538,905.418782297867,0.854086010728118,0.992499391505349,0.80301608316774,0.931404611283782,0.98785713807416,1.00388086940361
2085,"South America_Northern","Grassland",25,174.3053061,154.914782481529,177.717784983519,0.888755402504233,1.01957759611495,0.887626574072527,0.890973158962658,1.0189949131298,1.01987417923066
2085,"South America_Northern","Pasture",25,173.751025490296,154.586399693919,177.99680817758,0.889700646414619,1.02443601512741,0.887609198546311,0.894470357668779,1.02376019368537,1.0293217788873
2085,"South America_Northern","Shrubland",25,8.330492,8.330492,9.29732456478,1,1.1160594794137,1,1,1.11021947007753,1.12157207868535
2085,"South America_Southern","Crop",26,251.614292793407,274.878506116882,252.791376280627,1.09245982438119,1.00467812648539,0.935038338674088,1.25676666214194,0.945225248389012,1.08052734305106
2085,"South America_Southern","Forest",26,1485.70886569,1571.11809606677,1491.41397720184,1.057487191703,1.00383999291085,1.05446328194692,1.06907544445342,1.0031430378449,1.00651946404521
2085,"South America_Southern","Grassland",26,589.757037,610.95868907786,574.76790707218,1.03594980771354,0.974584228779927,1.02413927813877,1.06590161678786,0.972680945803766,0.979411003731504
2085,"South America_Southern","Pasture",26,884.765001961,916.931962572579,849.59909893994,1.03635650205454,0.960253962415875,1.03083446609105,1.04859988282333,0.948141216769241,0.965814210286973
2085,"South America_Southern","Shrubland",26,145.74812316,150.34234954921,139.174160633711,1.03152168473667,0.954895045069826,1.01763501395408,1.08128037469187,0.9497328374963,0.973392256543837
2085,"South Asia","Crop",27,121.567944122728,144.982316802758,132.524884098786,1.19260318046008,1.09013017416003,0.992089865813754,1.52994596439314,0.962047067475762,1.14262538543655
2085,"South Asia","Forest",27,192.98460316,228.649385013962,205.442886173733,1.18480635900468,1.06455583922104,1.17564471271297,1.19580670949541,1.06347706389463,1.06529992668103
2085,"South Asia","Grassland",27,84.5572157,104.480250585195,85.2116400868658,1.23561602307105,1.00773942686556,1.2233634186128,1.25521282801755,0.992441375597672,1.03220711679876
2085,"South Asia","Pasture",27,355.8537010048,471.993449695697,365.886649438776,1.3263693713539,1.02819402581917,1.31053158412447,1.34908396461266,1.02549026513672,1.04847670063562
2085,"South Asia","Shrubland",27,133.52283,155.19751110225,123.27704953419,1.162329401663,0.923265703207384,1.14335084978333,1.17712935152386,0.919083341036281,0.928628909041867
2085,"South Korea","Crop",28,20.34976819487,20.5025971945454,19.3028484679166,1.0075101101011,0.948553727151677,0.921063,1.01928,0.89717,0.959199
2085,"South Korea","Forest",28,29.24104,29.17592020392,27.42762766336,0.997773,0.937984,0.997773,0.997773,0.937984,0.937984
2085,"South Korea","Grassland",28,9.08237,9.1183361852,8.524712482,1.00396,0.9386,1.00396,1.00396,0.9386,0.9386
2085,"South Korea","Pasture",28,0.79607248,0.7992249270208,0.747193629728,1.00396,0.9386,1.00396,1.00396,0.9386,0.9386
2085,"South Korea","Shrubland",28,38.28367,38.5654378112,36.84198355514,1.00736,0.962342,1.00736,1.00736,0.962342,0.962342
2085,"Southeast Asia","Crop",29,796.24948875068,867.308214353503,823.951948711705,1.08924178490126,1.0347911808452,0.978823402320468,1.15116728486642,0.971174678342578,1.10449588426972
2085,"Southeast Asia","Forest",29,1900.0076095305,2102.2380088112,1992.69962709763,1.10643662597261,1.04878507701874,1.10192557246283,1.10841168218813,1.04365875071352,1.05034188142783
2085,"Southeast Asia","Grassland",29,358.5932068,377.777904581464,364.433999086745,1.05349989184866,1.01628807288032,1.05315643843607,1.05358490389516,1.01549900330601,1.01947595800046
2085,"Southeast Asia","Pasture",29,43.5686821008159,46.5575695975478,44.8959482968191,1.06860174218297,1.03046376736694,1.05675580269092,1.08720765798019,1.0212524319559,1.04125860527169
2085,"Southeast Asia","Shrubland",29,14.80188099,15.2341018663924,15.0270511723329,1.02920040207622,1.01521226812221,1.01693671567371,1.06264046056023,1.00843536673324,1.03369121249093
2085,"Taiwan","Crop",30,0.621580442627917,0.708972329207985,0.666563541246413,1.14059626170121,1.07236890920878,1.06074826121313,1.18528947855169,1.01749193465014,1.10010079037218
2085,"Taiwan","Forest",30,22.461487218,24.2760414503264,23.0607268925425,1.08078513300189,1.0266785395253,1.08078152343028,1.08130824098099,1.02659420102192,1.02667912148138
2085,"Taiwan","Grassland",30,2.08528,2.2976032096,2.1955704592,1.10182,1.05289,1.10182,1.10182,1.05289,1.05289
2085,"Taiwan","Pasture",30,7.8692639355,8.67127260368057,8.2842442778741,1.10191660551154,1.05273432760363,1.10191452550705,1.10206460894498,1.0524958313855,1.05273767937185
2085,"Taiwan","Shrubland",30,0.08892544,0.1107050587648,0.10150838976,1.24492,1.1415,1.24492,1.24492,1.1415,1.1415
2085,"USA","Crop",1,1899.77244244762,2328.21376688724,1888.0833435136,1.22552244409211,0.9938471057518,0.547790910783338,1.49150280494821,0.837569502353757,1.14046176204415
2085,"USA","Forest",1,2260.571192221,2724.61479140208,2276.59540933861,1.20527714445709,1.00708856999185,1.19164615736894,1.24865097036625,1.00451820357165,1.01713915834493
2085,"USA","Grassland",1,1156.56007754,1369.76337833034,1118.33518427815,1.18434260781664,0.966949496179089,1.15063327292321,1.22535486517585,0.948354516421742,0.989572965251038
2085,"USA","Pasture",1,1936.58034680098,2229.53821695303,1808.30784636912,1.15127586657377,0.933763398640419,1.12171641759417,1.23008001523522,0.923691475110419,0.960722389046248
2085,"USA","Shrubland",1,954.824938,1397.7666253243,984.654195893,1.46389832281936,1.03124055175547,1.42267249511292,1.57716261325369,1.02190128363129,1.05689935925821
2090,"Africa_Eastern","Crop",2,552.478204029778,529.418641918888,581.653238729277,0.958261589429785,1.05280757591285,0.520566974212555,1.26178904637548,0.870881008422291,1.25932178496577
2090,"Africa_Eastern","Forest",2,341.483131,280.21209515414,327.35583198431,0.820573755235189,0.958629584500061,0.820573755235189,0.820573755235189,0.958629584500061,0.958629584500061
2090,"Africa_Eastern","Grassland",2,964.39102208,1103.10484979371,962.985713994394,1.14383566887064,0.998542802604514,1.13626966036656,1.16814398206249,0.997613050759435,1.00152993895635
2090,"Africa_Eastern","Pasture",2,2479.744949,2776.06779701167,2429.79944156046,1.11949730883862,0.97985861108027,1.10849459321939,1.13175201028514,0.964333753809652,0.987091429160673
2090,"Africa_Eastern","Shrubland",2,435.8008342,108.70585152681,214.58274655282,0.24943929197924,0.49238718633187,0.247511715009331,0.252198070535573,0.474854472046175,0.517480283500382
2090,"Africa_Northern","Crop",3,190.472692318374,234.020651299693,201.093078533294,1.22863098353505,1.05575805164327,0.166860378869434,1.55181534592266,0.381558686973296,1.20056486733057
2090,"Africa_Northern","Forest",3,97.957543,22.215713105544,41.122626745629,0.226789203007511,0.419800512408003,0.226789203007511,0.226789203007511,0.419800512408003,0.419800512408003
2090,"Africa_Northern","Grassland",3,52.985505,64.97004519148,53.951262747262,1.22618525937386,1.01822682915378,1.03990275788078,1.36263218001828,0.930377188599327,1.08257432737449
2090,"Africa_Northern","Pasture",3,692.754106,867.13531937164,699.950766811468,1.25172165976544,1.01038847803158,1.15248270184781,1.31456994498199,0.964912614017283,1.05264400058267
2090,"Africa_Northern","Shrubland",3,65.2791142,88.2186721637,70.36364216855,1.3514073106663,1.07788904660949,1.29521229318776,1.40923053385901,1.04221494115966,1.11459678075004
2090,"Africa_Southern","Crop",4,343.93139652778,401.188312354669,373.300051260068,1.16647772318822,1.0853910257359,0.958190646865896,1.53676416750571,0.963788354190032,1.23793774441451
2090,"Africa_Southern","Forest",4,757.094458412,1038.13520704165,840.051902519428,1.37120962319435,1.10957343986037,1.36792101239799,1.40702996582345,1.09659672679085,1.15019885459905
2090,"Africa_Southern","Grassland",4,1959.3720099,2342.33703526344,2073.92082299945,1.19545294279415,1.05846200339735,1.19112851955794,1.19664948502766,1.05647816553833,1.06563179172086
2090,"Africa_Southern","Pasture",4,1975.9338669812,2298.91036746581,2054.19338421035,1.16345511653082,1.03960634439082,1.09362815664582,1.23105168291171,0.975199045036371,1.04421899673432
2090,"Africa_Southern","Shrubland",4,312.86684437,411.903612022509,338.08107938437,1.31654606243731,1.08059094617438,1.27881084686996,1.34786950960297,1.08040551830378,1.08081433029402
2090,"Africa_Western","Crop",5,1612.49596522424,1539.79114297638,1520.89522097407,0.95491162532134,0.943193194757897,0.567270755825014,1.12713759827956,0.782717928248496,1.04045353903962
2090,"Africa_Western","Forest",5,2806.349505848,3195.46578824337,2879.53422701153,1.13865567406501,1.02607826324234,1.13227821527275,1.14122692768418,1.02108552698376,1.02707781704388
2090,"Africa_Western","Grassland",5,1911.1548477,2045.21211917519,1878.17886934101,1.07014464141225,0.982745522478894,1.06451582449462,1.07138829797842,0.976448140465096,0.984136894876644
2090,"Africa_Western","Pasture",5,1979.78454268,2177.1122504697,1979.77310329016,1.09967130439486,0.999994221901627,1.05746280565216,1.13301833369336,0.976824657650484,1.0070293697975
2090,"Africa_Western","Shrubland",5,240.5129612,240.5129612,240.5129612,1,1,1,1,1,1
2090,"Argentina","Crop",31,475.837340609504,472.346089946113,419.368104621686,0.992662932549768,0.881326598044017,0.576683294599926,1.86401661067516,0.669554263210571,1.39537400667713
2090,"Argentina","Forest",31,186.00946034,180.509304548876,181.794408117388,0.970430773891444,0.977339581465871,0.909591789926352,1.19486560696783,0.951041050818857,1.07597366606032
2090,"Argentina","Grassland",31,714.159919,661.909182536045,631.18658268856,0.926836083804424,0.883816867757542,0.787294521460725,1.02916331353163,0.789666007193721,0.952858639801047
2090,"Argentina","Pasture",31,946.5079099718,796.299306470214,780.402738545791,0.841302326246739,0.824507360502715,0.748573219333024,0.933352074223524,0.754402721758948,0.892559649945395
2090,"Argentina","Shrubland",31,182.3425879,164.541007505415,151.998812612046,0.902372887214104,0.833589203501954,0.893132125564327,0.903420547414516,0.833039865679959,0.838434572139864
2090,"Australia_NZ","Crop",6,416.305768356471,395.521680460878,389.661554753564,0.950074946168423,0.935998452031796,0.894092094672734,1.19477123463854,0.86441394942078,1.09989702839259
2090,"Australia_NZ","Forest",6,318.3392424,352.998550341132,318.24683780603,1.10887538614414,0.999709729176733,1.10372363970781,1.11206699763056,0.996761785469466,1.00171097814324
2090,"Australia_NZ","Grassland",6,1436.6631,1460.8419496998,1346.4190512592,1.01682986755893,0.937184960941226,0.982283419575178,1.04459048271057,0.932580858816707,0.940884696070514
2090,"Australia_NZ","Pasture",6,3267.199527,3126.54780415261,2934.71240617716,0.956950372425972,0.898234828306267,0.936817409255917,1.01046183426537,0.891338349953742,0.916898101637944
2090,"Australia_NZ","Shrubland",6,2297.964675,3331.345355317,2492.09424833475,1.44969389284324,1.08447891973568,1.43970010226798,1.46891778599935,1.07970274653879,1.08696187541449
2090,"Brazil","Crop",7,516.729453560587,499.805971818629,516.080239513311,0.967248854066001,0.998743609363076,0.895067007384768,1.24514333125897,0.95039809255901,1.09952767889159
2090,"Brazil","Forest",7,4473.13075688,4364.42345756659,4524.28248634906,0.975697714817253,1.01143533069995,0.958883991687771,1.01227713312761,1.00050134388934,1.02356435166574
2090,"Brazil","Grassland",7,989.3249166,923.7579306363,959.499279486005,0.933725528526025,0.969852536195595,0.907894682437919,0.938571813271902,0.965241282176291,0.970717682073391
2090,"Brazil","Pasture",7,1675.81911243739,1666.91970118487,1676.08309772023,0.994689515600773,1.00015752612014,0.955587551483276,1.0279696228088,0.981860141225624,1.00159465803814
2090,"Brazil","Shrubland",7,655.7804428,922.421428385344,767.20740659226,1.40660100268752,1.16991504552423,1.32847293978649,1.41665890451457,1.13800301054223,1.17402327633186
2090,"Canada","Crop",8,489.511922229479,591.365932461463,492.313893525111,1.20807258333585,1.0057240103221,1.04558535471751,1.4122463102362,0.95144503541967,1.07810860170278
2090,"Canada","Forest",8,4045.5000109,4447.17179256407,3873.99766078946,1.09928853802542,0.957606637090976,1.08884825041995,1.1107568725408,0.953344431067711,0.962148531403551
2090,"Canada","Grassland",8,1086.468035,1268.77337865552,1057.77872463834,1.16779632514041,0.973593967390247,1.0851250435664,1.18046595893268,0.94522679776875,0.977941325311702
2090,"Canada","Pasture",8,91.5438600628,102.302341187178,86.9001136692172,1.11752269477164,0.949272989030644,1.08891354119649,1.15200530587912,0.938590550306418,0.960757583653233
2090,"Canada","Shrubland",8,880.2828287,1081.91121359709,887.296005107692,1.22904954898967,1.00796695809465,1.12346945030499,1.23054706511474,0.958894484651961,1.00866298718719
2090,"Central America and Caribbean","Crop",9,154.718156330773,148.012581730971,153.215577397634,0.956659420207503,0.990288283102812,0.873746943370308,1.04744141767795,0.94894174997705,1.03214878503992
2090,"Central America and Caribbean","Forest",9,331.66847,340.56960377097,337.95650698943,1.02683744333904,1.01895880241324,1.01909700016247,1.03138912461918,1.0141929461304,1.02122307437716
2090,"Central America and Caribbean","Grassland",9,64.083889,57.884400250301,61.910625457613,0.903259792025122,0.966087208871062,0.889454103481465,0.908772125474859,0.957836888718687,0.969381395582806
2090,"Central America and Caribbean","Pasture",9,111.6245127,103.111008977832,109.152693010791,0.923730876702244,0.977855941948409,0.901099416899338,0.93505895671372,0.960180315085293,0.984510144046485
2090,"Central America and Caribbean","Shrubland",9,3.90853087,3.89457066002293,3.89942869530475,0.996428271787688,0.997671203068878,0.994811658969101,0.999322678352576,0.996617157870881,0.999558380570933
2090,"Central Asia","Crop",10,301.783605302544,383.533694454428,321.252998250936,1.27088976245058,1.0645144156485,0.95379074632961,1.70820507598724,0.888993317810426,1.27781561024624
2090,"Central Asia","Forest",10,44.6424956552,51.0495349568796,44.9193183104278,1.14351884247612,1.00620087768761,1.09081013546309,1.17077357794099,1.00047804295087,1.01017538665235
2090,"Central Asia","Grassland",10,636.8002376,694.121979700349,608.900516370115,1.09001526493832,0.956187640043863,1.08444129263101,1.09380022010414,0.950847264743545,0.964052225681069
2090,"Central Asia","Pasture",10,3627.018157556,3977.63778482355,3500.42322270918,1.09666883705479,0.965096691180581,1.08874669492462,1.10072626552205,0.963699827855395,0.97167931809376
2090,"Central Asia","Shrubland",10,610.3291447,783.913985733457,645.388184720129,1.28441184980406,1.05744284100567,1.19230252555913,1.31000921118521,1.04367905917445,1.06126782289967
2090,"China","Crop",11,1289.93869642867,1508.13556214802,1257.58628262766,1.16915289565577,0.974919417573422,1.0026180685201,1.28951151149851,0.877587472376851,1.014072990042
2090,"China","Forest",11,1188.399816,1421.05012597244,1179.20699899981,1.19576770952011,0.9922645418853,1.19576770952011,1.19576770952011,0.9922645418853,0.9922645418853
2090,"China","Grassland",11,1064.066818,1274.24854683336,1053.97154625813,1.19752681436718,0.990512558449248,1.18649289948262,1.2204509340567,0.988689254490548,0.994300664358791
2090,"China","Pasture",11,3906.64611471966,4582.9897092938,3912.40015259558,1.17312640426421,1.00147288433786,1.15816016727339,1.18569819403511,0.987187130857955,1.01295505164602
2090,"China","Shrubland",11,623.9741818,699.362193925416,619.82599469613,1.12081912092571,0.993351989193041,1.11657051441782,1.12640409617364,0.987011888408299,0.998175035358682
2090,"Colombia","Crop",32,61.234831566737,60.3706526361601,61.6220635222884,0.985887461295046,1.00632372043237,0.926727608777269,1.09020643770304,0.979614701300402,1.03692855702219
2090,"Colombia","Forest",32,590.26726,621.4321922955,597.1541747694,1.05279800254464,1.0116674517394,1.04786186213566,1.05811619141688,1.01122857550854,1.02016209639186
2090,"Colombia","Grassland",32,105.74974,101.05658056885,103.2516121319,0.955620132672194,0.976376983356176,0.95092921557111,0.957532831918529,0.974379996465918,0.981274616882252
2090,"Colombia","Pasture",32,356.6222723,336.854409241053,352.278300320095,0.944569185397603,0.98781912315266,0.942904093093152,0.945140606436357,0.987113216896549,0.989346382166977
2090,"Colombia","Shrubland",32,14.440709,10.51500956965,12.38856657657,0.728150506297856,0.857891851194425,0.713661381170527,0.737277718599832,0.851020474753123,0.862220374209819
2090,"EU-12","Crop",12,421.395222775587,395.918506931505,412.244410684478,0.939541991776091,0.978284490197026,0.762052639159655,1.09838518834206,0.916277536329184,1.05391824655097
2090,"EU-12","Forest",12,419.14366751,391.964253018944,403.275133337143,0.935154896523858,0.962140584713763,0.911752052643076,0.936699659103569,0.94397372005607,0.963388019228026
2090,"EU-12","Grassland",12,138.9706656,105.120697130193,122.719580172869,0.756423642905779,0.883061037687575,0.753115609727555,0.766100109730481,0.880190787221427,0.891456927909324
2090,"EU-12","Pasture",12,57.292802388,42.3849134023285,50.8422616350607,0.73979473224731,0.887410975129917,0.729634172514892,0.764147393356978,0.87933922119588,0.902532002209376
2090,"EU-12","Shrubland",12,2.3173716,2.45463464009,2.272803581455,1.05923220949545,0.980767858488902,1.05567825264623,1.06676508007684,0.979083222049655,0.984338568211036
2090,"EU-15","Crop",13,1115.13393040311,1137.44368766654,1114.15334822763,1.02000634780736,0.999120659726386,0.869003076223117,1.07967073503129,0.838158276961514,1.0384097067593
2090,"EU-15","Forest",13,1037.58095,1082.33100817551,1079.01607136578,1.04312922107476,1.03993435053504,1.04312922107476,1.04312922107476,1.03993435053504,1.03993435053504
2090,"EU-15","Grassland",13,425.6504894,472.326566224469,441.397658630795,1.10965822426344,1.03699553888213,1.0940310495609,1.12792636043579,1.02092064070552,1.05578706290593
2090,"EU-15","Pasture",13,232.52216573,236.78879997828,229.434056681856,1.01834936568256,0.986719076702002,0.999647213699715,1.03635964153333,0.985471060512728,0.988015036222124
2090,"EU-15","Shrubland",13,208.8190286,262.16460974469,217.92164226161,1.25546321856939,1.04359092043784,1.24816789355818,1.26765207064062,1.03904533724023,1.05118557058543
2090,"Europe_Eastern","Crop",14,379.725262853732,323.327710945586,363.532987150155,0.851478009431596,0.957357918243605,0.43421376615585,1,0.791102204419345,1.00660761305998
2090,"Europe_Eastern","Forest",14,238.04345118,202.959073746464,233.529894829248,0.852613557484484,0.981038939200478,0.843219731042096,0.876214191284858,0.976986277236866,0.990352832123515
2090,"Europe_Eastern","Grassland",14,65.61741893,26.5905193688259,50.7475263357334,0.40523567983057,0.773384981659678,0.398187364577333,0.447838806127466,0.769520743644537,0.796742140680725
2090,"Europe_Eastern","Pasture",14,74.131567178,31.8379091246167,58.4160804245184,0.429478430533776,0.788005469845976,0.419812742231393,0.462448305677403,0.78229976795814,0.804753973472463
2090,"Europe_Eastern","Shrubland",14,3.9752027,4.1882185288998,4.1371895039336,1.05358615521664,1.040749319257,1.0525042307822,1.06046084626485,1.04038516015666,1.04306323437673
2090,"Europe_Non_EU","Crop",15,314.767888119532,299.873279224396,298.783538778639,0.952680659440458,0.949218614908955,0.744279885645417,1.06567344235724,0.885548018996266,1
2090,"Europe_Non_EU","Forest",15,232.7461159,234.290666639423,223.967714080053,1.00663620414652,0.962283358474095,0.998919570554348,1.01016326854064,0.953161783460095,0.963232045520037
2090,"Europe_Non_EU","Grassland",15,234.11104,230.60884499557,224.90039535049,0.985040453434276,0.9606569401874,0.938565170767616,0.995473615465485,0.942272235654171,0.964784093166045
2090,"Europe_Non_EU","Pasture",15,130.25905678,127.401431806361,124.537110341244,0.978061986288868,0.95607256354988,0.901901529377907,1.00727342792219,0.928919985663807,0.966436602572765
2090,"Europe_Non_EU","Shrubland",15,67.0584514,68.589535817076,64.9233221136824,1.02283208730758,0.968160176059216,0.961144688190823,1.0345604558749,0.946678057794576,0.972244481836764
2090,"European Free Trade Association","Crop",16,70.3629901763765,79.4189778539586,70.73226543155,1.12870384920939,1.0052481461383,0.769701034150863,1.36941711374794,0.930811933163324,1.13382524257927
2090,"European Free Trade Association","Forest",16,122.685336298978,141.525827707634,126.855373398661,1.15356758987678,1.0339896944939,1.15180020294509,1.15709324778441,1.03336580873737,1.03698820336617
2090,"European Free Trade Association","Grassland",16,59.059627688,79.2161862565881,66.2266017473226,1.34129166331815,1.12135149407281,1.3407835468293,1.34467885173054,1.12080324965524,1.12500618188377
2090,"European Free Trade Association","Pasture",16,19.5408554913122,24.1422207175506,20.9785580639335,1.23547409315238,1.07357418784764,1.13082623648746,1.27736693791824,1.02672391126078,1.09234120456687
2090,"European Free Trade Association","Shrubland",16,5.68702416264,8.04431638239939,6.51620604651438,1.414503640629,1.14580241971215,1.33355247701327,1.41472023162501,1.10870716844115,1.14590167087867
2090,"India","Crop",17,1481.5225844727,1878.30233540727,1686.33575480099,1.26781890137422,1.13824505442905,0.958772564471633,1.38868419279339,1.00108266873444,1.20997315891081
2090,"India","Forest",17,946.85808052,987.63783977519,1011.04729484845,1.04306850212737,1.06779180074505,1.04306850212737,1.04306850212737,1.06779180074505,1.06779180074505
2090,"India","Grassland",17,241.1086338,289.395268828378,258.880800181789,1.20026920756571,1.07371020316316,1.1982549820792,1.20647772002941,1.06600315942166,1.09746587374108
2090,"India","Pasture",17,63.2123509575638,74.4559862670295,68.2527499520852,1.17787086129756,1.0797375658106,1.15294928549176,1.19884931015793,1.07902439246845,1.08002391018039
2090,"India","Shrubland",17,137.6970013,140.29390107438,127.81259060332,1.01885952308229,0.92821622400371,1.00947156437917,1.04264220660891,0.911064281563338,0.971667546258733
2090,"Indonesia","Crop",18,488.33593351391,515.329419556924,477.697433444032,1.05527646890282,0.978214791622385,0.800277696219514,1.13759405557579,0.820310596667587,1.00223601343494
2090,"Indonesia","Forest",18,1045.5369371,1147.59451694331,1049.35546848553,1.09761260097265,1.00365222045251,1.09522714034495,1.10586032616781,1.00338495977144,1.00507282414135
2090,"Indonesia","Grassland",18,179.455363,160.409545537299,159.949699359667,0.893868775252479,0.891306320890878,0.883057769761495,0.912077496169131,0.885892839125419,0.900424120223866
2090,"Indonesia","Pasture",18,85.548359303,70.0948245777615,72.9839555568542,0.81935907536807,0.853130979383901,0.813024289543637,0.830294375792454,0.841729655113124,0.864144223291061
2090,"Japan","Crop",19,118.244792914587,116.220857131525,111.573017386537,0.982883510274116,0.943576580722084,0.88604,1.03050230314409,0.89584,0.964222794635227
2090,"Japan","Forest",19,188.7206011,187.5900025645,177.5685912415,0.99400914087328,0.940907300032439,0.994002260054249,0.994018819384447,0.940839428936498,0.941002767033817
2090,"Japan","Grassland",19,35.0605,36.13194888,33.426119732,1.03056,0.953384,1.03056,1.03056,0.953384,0.953384
2090,"Japan","Shrubland",19,23.54073625,23.904372523,22.5403016401,1.01544710705469,0.957501982976425,1.01543845749358,1.01545828528163,0.957471229484722,0.957525779613182
2090,"Mexico","Crop",20,378.414421406398,428.729168540284,368.061813602912,1.13296202334702,0.972642142535132,0.911818857967149,1.50914560758801,0.862616837885872,1.14435186396969
2090,"Mexico","Forest",20,419.1573379,520.30362572795,429.051329661378,1.24130864160627,1.02360448181809,1.20447773425516,1.24829106090752,1.0112947011851,1.02569276423325
2090,"Mexico","Grassland",20,138.576075901,144.8532971609,128.450363897251,1.04529801568623,0.926930302089208,1.04151305323924,1.05720499133221,0.902982953819911,0.934542630912177
2090,"Mexico","Pasture",20,665.67510147,788.935438241096,606.172325520195,1.18516591126648,0.910612886348902,1.18194583858794,1.19367545670616,0.866123878700825,0.925648428037736
2090,"Mexico","Shrubland",20,264.455355,319.12527543,259.61671199578,1.20672646401885,0.981703365378175,1.16942747243367,1.22344865155593,0.977097512445224,0.991976762289184
2090,"Middle East","Crop",21,372.857880625342,480.885387517215,399.856053075046,1.28972837240477,1.07240874835319,0.903165976231413,1.42043033530507,0.829392311514783,1.1563900295375
2090,"Middle East","Forest",21,16.897033658,19.1747055796283,16.134703864643,1.13479714651275,0.95488380926577,1.1346436615964,1.42173,0.954839284912364,1.03812
2090,"Middle East","Grassland",21,186.1651946,241.53267766265,191.924500044359,1.29741049706748,1.03093653170097,1.28156058854563,1.30909777813378,1.00726331641035,1.04839250127096
2090,"Middle East","Pasture",21,1939.51846096,2377.62605659092,1902.1294786358,1.2258847257448,0.980722543725777,1.17759876117177,1.30213755743748,0.963313118048465,1.00853620320888
2090,"Middle East","Shrubland",21,816.9475644,1060.50773247115,812.268938873234,1.29813439525955,0.994273040607933,1.25403277392159,1.32353318285427,0.991175888784662,0.999650833403228
2090,"Pakistan","Crop",22,133.560191607162,153.710026172711,153.26075709618,1.15086706842122,1.14750327363234,0.366774,1.369056014719,0.391926,1.37362899921738
2090,"Pakistan","Forest",22,87.7832,34.3680884152,34.8379918848,0.391511,0.396864,0.391511,0.391511,0.396864,0.396864
2090,"Pakistan","Grassland",22,10.6672177,8.9854677240919,9.3489480294124,0.842344084164693,0.876418602520168,0.842117503473894,0.843023084850447,0.876164163666211,0.877181086541688
2090,"Pakistan","Pasture",22,173.729349017,158.522722822438,156.195186342369,0.912469445832818,0.899071960069828,0.912311567294043,1.00473769586774,0.89007539635452,0.899119531680709
2090,"Pakistan","Shrubland",22,124.420826,119.73403570742,90.11484037036,0.962331143079053,0.724274570965796,0.915990761530204,1.01644079816797,0.70358302932366,0.748435187346001
2090,"Russia","Crop",23,1062.64666371471,1065.66812854031,1038.58779810207,1.00284333911615,0.977359486992088,0.819518637703722,1.17501548736181,0.886674573602877,1.07753131867621
2090,"Russia","Forest",23,5105.9004040449,6109.75390060957,5192.40735268388,1.19660655655747,1.01694254525029,1.07310317749548,1.26630653962988,0.998222908113225,1.02718837817684
2090,"Russia","Grassland",23,3724.0026766,4252.33647807365,3615.17667177129,1.14187256222813,0.970777141081954,0.976130927364602,1.18855965578292,0.951636213174114,0.976168871968973
2090,"Russia","Pasture",23,795.084950139931,779.404995839993,752.74707167472,0.98027889435314,0.946750496965438,0.834920708641661,1.03934024304603,0.89589214993485,0.958287985879095
2090,"Russia","Shrubland",23,2069.263329224,2680.77972280245,2074.8923650631,1.29552371848574,1.00272030908759,1.14168668903686,1.30990943324691,0.98793556117125,1.00410287066657
2090,"South Africa","Crop",24,71.1305000724457,67.3738838390428,65.6227283139436,0.94718698407045,0.922568072024062,0.70289661520242,1.40227553155912,0.78002765884517,1.09773900047885
2090,"South Africa","Forest",24,21.905035,29.91642498976,23.294662327882,1.36573280936369,1.06343871753147,1.36573280936369,1.36573280936369,1.06343871753147,1.06343871753147
2090,"South Africa","Grassland",24,200.93885,221.9975637759,204.5824372442,1.10480160395016,1.01813281624833,1.04589804369246,1.11108335077316,0.989764958742986,1.02115809516152
2090,"South Africa","Pasture",24,830.21919,874.1278448407,824.5347519874,1.05288802688444,0.993153087665198,1.04413117394314,1.12089780251987,0.980491533611482,1.01778837229351
2090,"South Africa","Shrubland",24,58.24288,56.65456102904,52.30735863614,0.972729388193716,0.898090180913787,0.957213500087423,1.00548132506659,0.895646213879794,0.90324906408363
2090,"South America_Northern","Crop",25,59.2106912671588,54.711088031135,60.1121273997171,0.924006912607698,1.01522421227091,0.764564910743746,1.05441894148495,0.982303699516832,1.05428699650885
2090,"South America_Northern","Forest",25,911.16622904701,716.972674666294,888.095474116725,0.78687362613974,0.974679971453272,0.723391503919432,0.875274233675966,0.963510895207343,0.992096152587598
2090,"South America_Northern","Grassland",25,173.0583442,147.294519777828,174.870476732462,0.851126366999115,1.01047122310594,0.849433207451009,0.854416928511,1.01041366172697,1.01058309044792
2090,"South America_Northern","Pasture",25,172.032708350228,147.276823377209,174.874412018262,0.85609780134008,1.01651839173658,0.851274323465206,0.864592081915453,1.01458812173871,1.02319454603065
2090,"South America_Northern","Shrubland",25,8.319563,8.319563,9.21872506713,1,1.1080780405329,1,1,1.1043955041136,1.1115630096202
2090,"South America_Southern","Crop",26,258.598196561532,273.907503757324,259.347830898313,1.05920113674168,1.00289883822373,0.865811927905694,1.32174853753266,0.851445470352482,1.13757959284976
2090,"South America_Southern","Forest",26,1481.86620119,1535.94749635546,1483.19199459217,1.03649539690022,1.00089467821123,1.03284968864175,1.05217846891099,1.00024910435349,1.00378744081249
2090,"South America_Southern","Grassland",26,589.8920423,599.007973578917,575.881383084137,1.01545355866028,0.976248773993907,0.998870972027637,1.05752085097287,0.974248147627905,0.977037404737889
2090,"South America_Southern","Pasture",26,882.329742403,885.40891642288,846.813712495761,1.00348982231007,0.959747441120468,0.99654828571522,1.01757968920152,0.93270282673535,0.972038119462175
2090,"South America_Southern","Shrubland",26,145.26368905,140.819499935904,133.489414876038,0.969406056371274,0.918945510395865,0.968577920027119,0.969638159680197,0.90312036727281,0.923380852606082
2090,"South Asia","Crop",27,115.395406145445,150.292396793888,133.270723814755,1.30241230404318,1.15490493310261,1.0787403998775,1.48535475711977,1.02849773137701,1.20329906810181
2090,"South Asia","Forest",27,191.49178106,239.295987805873,214.693518300476,1.24964103671319,1.12116309698538,1.23897658109782,1.2655852801205,1.11941443241119,1.12362927091598
2090,"South Asia","Grassland",27,86.5403067,109.587150108072,90.7422571758691,1.26631340108334,1.04855483688584,1.24426410312733,1.30292321616046,1.03154681727271,1.07679430528557
2090,"South Asia","Pasture",27,354.1668256158,451.8900250413,366.066230737568,1.27592420395554,1.03359830526498,1.25085706217306,1.33486137049726,1.0197341936406,1.08315936784653
2090,"South Asia","Shrubland",27,133.96912,154.44199867802,126.32531847762,1.15281789324301,0.942943556527206,1.13344360929643,1.1774742000342,0.922984002213937,0.968344696301985
2090,"South Korea","Crop",28,19.86049893206,21.5008974592216,19.4961095618125,1.08259603813445,0.981652557093653,0.990153,1.08843,0.927282,0.987925
2090,"South Korea","Forest",28,28.53334,31.0488392544,27.90954412092,1.08816,0.978138,1.08816,1.08816,0.978138,0.978138
2090,"South Korea","Grassland",28,9.29816,10.0426636712,9.0351615444,1.08007,0.971715,1.08007,1.08007,0.971715,0.971715
2090,"South Korea","Pasture",28,0.78148568,0.8440592383976,0.7593813575412,1.08007,0.971715,1.08007,1.08007,0.971715,0.971715
2090,"South Korea","Shrubland",28,39.25987,42.5820401994,39.13765402469,1.08462,0.996887,1.08462,1.08462,0.996887,0.996887
2090,"Southeast Asia","Crop",29,789.613200973215,856.388470956105,811.847501942011,1.08456706384922,1.02815847169398,0.915996048225626,1.17630385962711,0.945464078352905,1.06663503293808
2090,"Southeast Asia","Forest",29,1908.96404052143,2099.0738314617,1987.3643161003,1.09958793717683,1.04106954029237,1.09295782275875,1.10313513543696,1.03715818621839,1.04227019161206
2090,"Southeast Asia","Grassland",29,357.21424372,375.05132924046,361.131101738175,1.049933858557,1.01096501073805,1.04840073497194,1.05031516861623,1.0104837322573,1.01290007479413
2090,"Southeast Asia","Pasture",29,43.3747466196117,46.98585515386,44.9555796427013,1.08325370902837,1.03644593101496,1.06344781811279,1.08662588938478,1.02478242391641,1.03821312278573
2090,"Southeast Asia","Shrubland",29,14.88174031,15.1604032742302,15.0211107426209,1.01872515972093,1.00936519719587,1.00991983151025,1.04291217100133,1.00460166485379,1.02244995766542
2090,"Taiwan","Crop",30,0.599474290233178,0.688211219304153,0.609251713070483,1.14802457839595,1.01630999526852,1.04259943826354,1.1880883051177,0.938750270043045,1.03794836752827
2090,"Taiwan","Forest",30,22.738239686,25.0285081800935,22.6802674819682,1.10072321013942,0.997450453296632,1.10071203144095,1.10132853132141,0.997216096393214,0.997454781255465
2090,"Taiwan","Grassland",30,2.06255,2.23497918,2.0476418886,1.0836,0.992772,1.0836,1.0836,0.992772,0.992772
2090,"Taiwan","Pasture",30,7.6392191085,8.27718321023208,7.58188873327877,1.08351169048447,0.992495257118959,1.08330779315517,1.08351580891169,0.991856287082649,0.992508163377234
2090,"Taiwan","Shrubland",30,0.08698924,0.1046619739984,0.0915239890812,1.20316,1.05213,1.20316,1.20316,1.05213,1.05213
2090,"USA","Crop",1,1934.74541466769,2384.69970622166,1920.52118999753,1.23256511587663,0.992648012207535,0.668105149748433,1.56353002984343,0.80792321002558,1.14558272372431
2090,"USA","Forest",1,2290.761461421,2646.00494692479,2236.61782832091,1.15507659417469,0.976364351325124,1.14506713168901,1.17326139075161,0.970254722424097,0.978892970898823
2090,"USA","Grassland",1,1146.99643741,1310.81033460096,1071.23982179607,1.14281988317319,0.933952178801012,1.13462876393481,1.15263541935678,0.931829806402891,0.936495448220316
2090,"USA","Pasture",1,1888.62710985629,2111.75459512872,1704.55549046676,1.11814268899773,0.902536811830717,1.0994766513081,1.16597781879218,0.896904288371077,0.911560379319619
2090,"USA","Shrubland",1,950.699297,1316.7980146718,921.74415921514,1.38508361037717,0.969543326816134,1.334402830611,1.52661622789137,0.956834322750368,1.00503486068214
2095,"Africa_Eastern","Crop",2,629.577934837237,522.177761266766,624.994122702228,0.829409247644238,0.99271923000892,0.400643764169907,1.08698780446507,0.824559440838095,1.15762370077895
2095,"Africa_Eastern","Forest",2,424.951954,263.64061489424,364.21984534376,0.620400994542173,0.857084764325522,0.620400994542173,0.620400994542173,0.857084764325522,0.857084764325522
2095,"Africa_Eastern","Grassland",2,936.28596278,969.589790807733,860.420684286449,1.03557014560898,0.918972107337492,1.01775177214175,1.09062995532732,0.913969851639526,0.934429368203578
2095,"Africa_Eastern","Pasture",2,2363.5335983,2465.42095230128,2173.54561166785,1.04310806246823,0.919616972329564,1.02688857592482,1.07851338622112,0.913226209533749,0.930773842241087
2095,"Africa_Eastern","Shrubland",2,415.9706337,92.97263144818,168.20808544036,0.223507680388881,0.404374904892138,0.216763725935642,0.234360334876178,0.39985540653559,0.407183369042888
2095,"Africa_Northern","Crop",3,204.818552574144,234.774726872283,208.753526075416,1.14625713306559,1.01921199740852,0.166846001825105,1.41520723910827,0.36106212018287,1.18863018268033
2095,"Africa_Northern","Forest",3,101.445503,22.78916041641,38.500926782014,0.224644363155358,0.379523247886247,0.224644363155358,0.224644363155358,0.379523247886247,0.379523247886247
2095,"Africa_Northern","Grassland",3,51.633244,55.48961826669,46.126188778872,1.07468781676181,0.89334283894446,0.95980420631269,1.15375738809732,0.864399986437686,0.913262990583068
2095,"Africa_Northern","Pasture",3,682.183698,757.06821232679,616.573840629474,1.1097717734187,0.903823768344394,1.0483142808981,1.14581569861484,0.887974628814982,0.908984451089082
2095,"Africa_Northern","Shrubland",3,64.1021717,82.986423114,64.00016339076,1.29459612542269,0.998408660634504,1.28439222309247,1.30487824344523,0.988365708784729,1.0085285944473
2095,"Africa_Southern","Crop",4,387.413092678218,397.429697085409,385.296487853848,1.02585510039928,0.994536568679863,0.803197600170313,1.47614448638121,0.917906605254574,1.19998263457418
2095,"Africa_Southern","Forest",4,780.684950212,1035.04489477577,842.255599772926,1.32581638021163,1.07886747342088,1.31682349698639,1.34387053506347,1.07283709996687,1.10738893830399
2095,"Africa_Southern","Grassland",4,1948.4779299,2088.9452532202,1911.90462511401,1.07209079516103,0.981229808033869,1.0689829042046,1.07295687793821,0.979181813194397,0.988578926164455
2095,"Africa_Southern","Pasture",4,1929.062001302,2067.62120875219,1899.55479231047,1.07182724420297,0.984703856604083,1.04015846513509,1.14488204284606,0.965802158031355,0.985514915736979
2095,"Africa_Southern","Shrubland",4,313.24802706,438.082652008978,354.257168954585,1.39851687533555,1.13091588247012,1.37725357265439,1.41621464062479,1.12420170512111,1.13898275322436
2095,"Africa_Western","Crop",5,1685.44377431316,1565.09332958978,1566.8794508908,0.928594209692681,0.929653943234814,0.531684041929323,1.14806083331364,0.759590041491788,1.04174613856971
2095,"Africa_Western","Forest",5,2820.471442848,3238.35583841599,2899.59759702999,1.14816118653768,1.02805422986382,1.14625076734576,1.14858747725217,1.02596825295586,1.02827574497688
2095,"Africa_Western","Grassland",5,1887.84727087,1960.88651602047,1808.50708854606,1.03868917061114,0.957973198601293,1.02824353918586,1.04103196055861,0.952411793484312,0.95922053382416
2095,"Africa_Western","Pasture",5,1920.3879519,1963.8616554228,1839.28327235356,1.02263797972685,0.957766513028684,0.962418946482505,1.03314790962387,0.93717726887631,0.960966059401273
2095,"Africa_Western","Shrubland",5,239.0102434,239.0102434,239.0102434,1,1,1,1,1,1
2095,"Argentina","Crop",31,451.873316915671,532.867723002817,440.4967704683,1.17924140031101,0.974823593203018,0.701776771822428,1.96621304068739,0.749933213157176,1.33992716416514
2095,"Argentina","Forest",31,187.79707502,197.963767112929,188.736458166972,1.05413658381977,1.00500211809408,0.983465971589166,1.29251717634442,0.973464903309607,1.11485241788453
2095,"Argentina","Grassland",31,722.166709,720.58736862278,661.321987066698,0.997813052917647,0.915746985875941,0.857533100241591,1.10340780805704,0.826073797407907,0.983247852523064
2095,"Argentina","Pasture",31,946.4272511896,993.512608108876,869.588888118355,1.04975063520212,0.918812182368308,0.968890769649573,1.11413244668959,0.859739969000431,0.969791451438222
2095,"Argentina","Shrubland",31,190.6298011,217.350987256053,185.491239373532,1.14017318384567,0.973044289524425,1.11555166950083,1.36833344412941,0.961608076208377,1.07902028150873
2095,"Australia_NZ","Crop",6,416.30107641388,430.344332974433,393.188693436964,1.03373341400297,0.944481568061242,0.888025183725292,1.20868991563795,0.829505002739078,1.05980751472723
2095,"Australia_NZ","Forest",6,326.3003189,362.221936778322,322.90128155841,1.11008759660247,0.989583101380198,1.10631416108647,1.11267190750823,0.987283494803177,0.990950803292344
2095,"Australia_NZ","Grassland",6,1440.6303,1530.2542147692,1344.1166862579,1.06221159916545,0.933005980963957,1.03078397929807,1.08762252792799,0.931748300634904,0.934022883465085
2095,"Australia_NZ","Pasture",6,3229.605125,3344.2066047463,2991.04321933729,1.03548467237037,0.926132794434826,1.02230341670819,1.06996892201933,0.924229690102858,0.931420341495323
2095,"Australia_NZ","Shrubland",6,2322.996388,4055.69519424943,2791.01281339173,1.74588958260982,1.20147100865476,1.72815208883154,1.77895608257262,1.19665477603896,1.21044950119729
2095,"Brazil","Crop",7,499.456650816806,519.683175204681,504.246171987254,1.04049705686128,1.00958946319488,1.00789057887718,1.2821736819456,0.97683465662643,1.11413975879825
2095,"Brazil","Forest",7,4463.785634942,4495.05189624717,4543.56557078222,1.00700442715269,1.01787270768912,0.995427834119238,1.04815058687403,1.00890569123226,1.03131496169732
2095,"Brazil","Grassland",7,990.8543249,968.570693914012,994.359832649494,0.977510689083144,1.0035378639033,0.948728132045413,0.982900866480051,0.999267375233588,1.00433760839685
2095,"Brazil","Pasture",7,1715.27289792995,1781.5376102927,1732.75403794761,1.03863216893517,1.01019146285046,0.998295105018806,1.07746967274123,1.00917406052076,1.0103473931501
2095,"Brazil","Shrubland",7,640.2712407,823.637529945505,695.06163816187,1.28638845162721,1.08557372872467,1.23173070271473,1.29361786309642,1.07051039740642,1.08756610898847
2095,"Canada","Crop",8,492.64183479918,623.620624878556,505.979257891365,1.265870214073,1.0270732653016,1.0417967515615,1.63884393393204,0.939678317373212,1.18178559877069
2095,"Canada","Forest",8,4034.0122579,4348.52938505996,3811.55554968,1.07796632906705,0.944854726758861,1.07246508727876,1.08512396330864,0.93965965210121,0.946946057473504
2095,"Canada","Grassland",8,1087.090803,1271.43065684434,1064.19615820855,1.16957171685716,0.978939528576391,1.11183663535739,1.17845796534381,0.955991780042154,0.98247151277711
2095,"Canada","Pasture",8,92.6452384915,104.540674971645,88.139023438135,1.12839771016658,0.951360532643257,1.10924448776892,1.16348537102572,0.940183108272448,0.966634017643911
2095,"Canada","Shrubland",8,880.4531429,1068.38924594264,883.91089177788,1.21345383858092,1.00392723781585,1.07962277512764,1.21537831828031,0.946561192389543,1.00475215683695
2095,"Central America and Caribbean","Crop",9,162.112923236925,144.828657769214,157.587412047583,0.893381322583083,0.972084204645871,0.770821642333847,1.02179676908524,0.939515297405668,1.01729507373424
2095,"Central America and Caribbean","Forest",9,330.81852,331.74621034532,336.28268964066,1.00280422736103,1.016517121353,0.998866313524083,1.00381196474431,1.01574717453516,1.01672930250785
2095,"Central America and Caribbean","Grassland",9,62.533611,52.94359544271,59.420353495908,0.846642223215128,0.950214653299135,0.840064588320489,0.849360557402244,0.948335444277451,0.950991272587102
2095,"Central America and Caribbean","Pasture",9,108.9552237,93.4146083018556,103.833777174308,0.857366954328557,0.952994942768476,0.850083774196075,0.868161492015336,0.947233555577199,0.957045138200168
2095,"Central America and Caribbean","Shrubland",9,3.83383557,3.79690090047573,3.81620153628753,0.990366131032513,0.995400419921382,0.98587974614066,0.99815937216421,0.993258446987847,0.999121213382264
2095,"Central Asia","Crop",10,326.926199899837,368.083575593575,312.207724905283,1.12589194658105,0.954979212436741,0.821409573969189,1.66223602702589,0.83841064322746,1.15815649839686
2095,"Central Asia","Forest",10,44.3782913452,53.6470220847274,46.2852831891998,1.20885731420865,1.04297127686071,1.1301979299384,1.25463073349215,1.03647980338458,1.04845284539754
2095,"Central Asia","Grassland",10,637.6050452,675.24438245304,594.023241044543,1.05903237048765,0.931647648519176,1.02267463307966,1.08379791314017,0.929943446903721,0.932808487471349
2095,"Central Asia","Pasture",10,3605.901449194,3827.13183291337,3366.80723814325,1.06135231004963,0.933693636828541,1.02536959303665,1.08238734484354,0.926194128513858,0.939950353141583
2095,"Central Asia","Shrubland",10,610.9347143,802.306078911701,637.430490555399,1.31324355963464,1.04336924328446,1.20109886823482,1.34455098108221,1.03124133347963,1.04675499056147
2095,"China","Crop",11,1337.29587363681,1495.0236080079,1260.47372090913,1.11794527858831,0.942554109197422,0.972046681112871,1.29044576456089,0.809018650873277,1.01981841241312
2095,"China","Forest",11,1165.554873,1373.17403207867,1152.97216693612,1.17812903011961,0.989204535663352,1.17812903011961,1.17812903011961,0.989204535663352,0.989204535663352
2095,"China","Grassland",11,1062.219447,1285.97502734536,1060.43941478671,1.21064910925638,0.998324233077904,1.19583885259664,1.24133984294786,0.994617008958982,1.00600657314684
2095,"China","Pasture",11,3884.71269359251,4722.33334494094,3945.75208748316,1.21561971693042,1.01571271769758,1.19825556059803,1.21783026805162,0.999561104350791,1.0282681928153
2095,"China","Shrubland",11,624.5670398,725.638255693565,632.170022993567,1.16182604821082,1.01217320593159,1.15627181533464,1.16606056013271,1.00576459939064,1.01705908691737
2095,"Colombia","Crop",32,63.045573399637,61.6642227412586,63.0437291047491,0.978089648743105,0.99997074663948,0.919325986693507,1.08398236100531,0.972273104302217,1.02257751195477
2095,"Colombia","Forest",32,592.01837,622.7982424208,595.86382710224,1.05199141442317,1.0064955030065,1.05082337172654,1.05602754236737,1.00566202650746,1.01801146978255
2095,"Colombia","Grassland",32,105.13118,98.8137410321,101.46953926043,0.939908988295385,0.965170744401708,0.934786934230063,0.942014821658605,0.963382421493669,0.969520512422869
2095,"Colombia","Pasture",32,353.7450226,328.22898009592,344.983605792117,0.92786882959783,0.975232395516162,0.92476143047481,0.929503106530343,0.973070213626885,0.975973838387186
2095,"Colombia","Shrubland",32,14.400006,10.10592086674,12.0052930803,0.701799767773708,0.833700560978933,0.685604242106336,0.712048988916971,0.825948635872932,0.838606310648886
2095,"EU-12","Crop",12,436.683681177237,375.035681039305,412.278489055598,0.858826874474134,0.944112424682676,0.629085308648199,1.21012690072981,0.831452076638826,1.10076883422823
2095,"EU-12","Forest",12,424.27406056,354.211361998506,390.808302412802,0.834864524903978,0.921122309237981,0.834649936604976,0.840396043443648,0.920603399582684,0.928237707998498
2095,"EU-12","Grassland",12,126.189653,67.148117354989,98.335936650745,0.53212062763172,0.779270996574854,0.519130195439536,0.565430045327703,0.77234564957634,0.797028625609083
2095,"EU-12","Pasture",12,51.645684919,30.4000443279974,42.3319909183646,0.588626995182195,0.819661719749815,0.559801785687686,0.638982571478956,0.802773768742672,0.850167242163863
2095,"EU-12","Shrubland",12,2.2630937,2.613692520496,2.334320112781,1.15492015222171,1.03147302861609,1.14844822311566,1.16816499191626,1.02835879134524,1.03784633288865
2095,"EU-15","Crop",13,1126.50694749481,1115.78147347807,1103.57402618917,0.990478998784174,0.979642450180501,0.84198099216335,1.11411039640958,0.892603218690634,1.03508945831689
2095,"EU-15","Forest",13,1056.15954,1036.1663766857,1059.37273388958,0.981069940139631,1.00304233760894,0.981069940139631,0.981069940139631,1.00304233760894,1.00304233760894
2095,"EU-15","Grassland",13,414.8765027,438.038399500486,415.498845114245,1.05582841315367,1.00150006667091,1.0495958295469,1.06277211420067,0.99265526955113,1.01135402626392
2095,"EU-15","Pasture",13,220.917240363,211.711099714917,209.472126572791,0.958327649607808,0.948192754121849,0.935309580997863,0.982901735802326,0.943447779736711,0.953258487981066
2095,"EU-15","Shrubland",13,204.22131022,258.063078775305,213.217815719045,1.26364422252165,1.0440527263749,1.25839224111084,1.27211026612803,1.04170690195075,1.04783412815725
2095,"Europe_Eastern","Crop",14,393.819121710939,302.34932372745,370.555147287081,0.767736524356409,0.940927260406281,0.277862289577211,1.03820047645348,0.743239594018653,1.02658332598874
2095,"Europe_Eastern","Forest",14,236.78928529,197.696025673481,236.083837196652,0.83490275090513,0.997020776964277,0.832997829611777,0.836935982886101,0.991838133928413,0.999492301411719
2095,"Europe_Eastern","Grassland",14,60.06359059,15.94599846924,44.3479376686973,0.265485268406429,0.73834975953104,0.263729517695481,0.275050954367146,0.73783511794394,0.741153631273095
2095,"Europe_Eastern","Pasture",14,73.708621023,20.639697749261,54.9069287977238,0.280017418082216,0.744918681636856,0.275095033401295,0.28538989685637,0.743287271125791,0.746187831514079
2095,"Europe_Eastern","Shrubland",14,3.798735,5.293290230325,4.62084634095,1.39343498041453,1.2164171338485,1.39124993314857,1.40660571722722,1.2155667077569,1.22154321894772
2095,"Europe_Non_EU","Crop",15,310.312573400784,307.843209875175,302.4608967044,0.99204233493169,0.974697523176919,0.766520017873651,1.11021523823293,0.865211007669495,1.06218841975423
2095,"Europe_Non_EU","Forest",15,235.8528729,239.27641291915,228.480005028542,1.01451557480329,0.968739546053424,1.01192233896372,1.02774921868808,0.964882276689079,0.970458960189064
2095,"Europe_Non_EU","Grassland",15,235.39534,228.20696899314,226.44928624829,0.969462560274728,0.961995620849121,0.949486045717465,0.973917133131437,0.953970986026374,0.963785038135303
2095,"Europe_Non_EU","Pasture",15,128.96190178,121.886008268462,122.44385060325,0.945131907843538,0.949457544540023,0.894727105933693,0.964147813628713,0.930720955511142,0.956412240990605
2095,"Europe_Non_EU","Shrubland",15,68.1459468,77.446476681808,70.456167401784,1.13647957536057,1.0339010713075,1.09001824611562,1.14514581257445,1.01913284451267,1.03665572681806
2095,"European Free Trade Association","Crop",16,69.1666997410841,77.929756660991,69.5450627858913,1.12669473825859,1.00547030646573,0.727221854095721,1.32174508751112,0.913247093019471,1.10737746592505
2095,"European Free Trade Association","Forest",16,124.238656467735,142.444816882015,128.353327866352,1.14654183272667,1.0331190912362,1.14440439103246,1.15208728020759,1.03265941961439,1.03462137998946
2095,"European Free Trade Association","Grassland",16,58.698959906,76.1032104011122,64.3245204354579,1.29650015133119,1.09583748227339,1.29527681139268,1.29667507468948,1.09538403220371,1.09900872015595
2095,"European Free Trade Association","Pasture",16,19.6206796807222,23.9601626735562,20.7502074664387,1.22116884141876,1.05756822924061,1.09358734889904,1.27328059233013,1.01042322129511,1.07676027730962
2095,"European Free Trade Association","Shrubland",16,5.68630816458,7.39860506536504,6.18611778259392,1.30112629340966,1.08789703328554,1.2942398528313,1.30114384928057,1.08648385581622,1.08790063595385
2095,"India","Crop",17,1534.60502166259,1716.86522898939,1636.58512692965,1.11876685189609,1.06645365017545,0.894269715051536,1.23832924355246,0.966879475272791,1.12618736102227
2095,"India","Forest",17,946.29757968,915.643999050958,980.858944687087,0.967606827611873,1.03652272366455,0.967606827611873,0.967606827611873,1.03652272366455,1.03652272366455
2095,"India","Grassland",17,226.3421763,278.730001573404,251.275158006935,1.23145410249996,1.11015614550727,1.21139065417957,1.23853786798748,1.10995051575876,1.11073855352735
2095,"India","Pasture",17,57.6325248522754,68.1983838149342,62.9442630995986,1.18333153006469,1.0921656349594,1.14502965009766,1.22531476034007,1.07643544869766,1.10775039294861
2095,"India","Shrubland",17,127.3381858,159.952991443256,120.926900046188,1.25612745649197,0.949651507020198,1.1999652563741,1.28089568577966,0.933470318265068,0.986342509451382
2095,"Indonesia","Crop",18,487.61519505446,519.776526518045,489.314122344775,1.06595637664653,1.00348415575959,0.831810448751947,1.11959987827567,0.876066602690375,1.01903502859998
2095,"Indonesia","Forest",18,1041.2748181,1134.38839524239,1051.17531640438,1.08942267259694,1.00950805506125,1.0882024805952,1.09582479621536,1.00782168039,1.0114785070419
2095,"Indonesia","Grassland",18,182.440675,170.301670487923,169.59251126583,0.933463277791112,0.929576210271257,0.925406298126202,0.94739323461744,0.926014101044245,0.935734849092085
2095,"Indonesia","Pasture",18,87.430958723,76.4377551218623,79.3309652240074,0.874264176423291,0.907355545251939,0.86656101521766,0.880068797857958,0.895698747561121,0.917959408901414
2095,"Japan","Crop",19,119.728568576096,117.576226885595,111.235678060122,0.982023156911519,0.929065463514867,0.879816,1.01252651928306,0.876183,0.935892026108317
2095,"Japan","Forest",19,188.4481786,188.596849648,175.2507061264,1.0007889227113,0.929967630509112,1.00078765338995,1.00078983708284,0.929886462094791,0.930080307683361
2095,"Japan","Grassland",19,34.3897,34.821290735,31.852771831,1.01255,0.92623,1.01255,1.01255,0.92623,0.92623
2095,"Japan","Shrubland",19,23.15031875,22.75892083916,21.64230873881,0.98309319560276,0.934860075687295,0.983080664387864,0.983102523446592,0.934811794393522,0.93489601476998
2095,"Mexico","Crop",20,399.445011378695,430.584028128753,378.381013916053,1.07795570319574,0.947266840584793,0.884889579022607,1.34263083581965,0.825112540959821,1.02991651196875
2095,"Mexico","Forest",20,415.7527461,514.726063342637,427.369488880074,1.2380581202916,1.02794146975347,1.20444012766263,1.24780286546277,1.0178234619788,1.03077987329284
2095,"Mexico","Grassland",20,136.638802451,137.277408965834,124.60092172038,1.00467368348799,0.911899983645298,1.00400500493362,1.00673849936798,0.880719119397141,0.921997724287243
2095,"Mexico","Pasture",20,656.09942078,722.10827543665,564.652509072086,1.10060800629602,0.860620343789974,1.09800925948038,1.10422912863168,0.7973557923376,0.883459582446105
2095,"Mexico","Shrubland",20,261.745156,345.08932321387,254.546164207,1.31841722875616,0.972496179478485,1.21765188479754,1.53983920819009,0.958678312815646,1.00285958883971
2095,"Middle East","Crop",21,378.485666998899,503.936239339337,403.123949288079,1.33145395791382,1.06509700217856,0.95672488745666,1.47482575480529,0.869683607778186,1.15424972116374
2095,"Middle East","Forest",21,16.527823935,20.7268059362007,15.4888251527207,1.25405534435231,0.937136383690592,1.25366903252052,1.96122,0.936935305971378,1.30522
2095,"Middle East","Grassland",21,186.5423489,259.571255478307,195.353252406709,1.39148701090633,1.04723272521583,1.37581882554964,1.40299977218041,1.02704636035391,1.06206538096734
2095,"Middle East","Pasture",21,1933.294573632,2608.22837873726,1926.787073981,1.34911069130934,0.996633984422367,1.29781014075562,1.42956501578528,0.983044944420294,1.01834101154435
2095,"Middle East","Shrubland",21,818.2998253,1112.18567166497,824.168394897796,1.35914201284013,1.00717166179969,1.34418174625238,1.38500140131764,0.987250925387939,1.04160541059741
2095,"Pakistan","Crop",22,140.262387018704,144.062199156374,143.927654155645,1.02709074199032,1.02613150406782,0.307239,1.48532068789001,0.392376,1.25811070372223
2095,"Pakistan","Forest",22,99.8826,32.095775271,39.4498314612,0.321335,0.394962,0.321335,0.321335,0.394962,0.394962
2095,"Pakistan","Grassland",22,10.3160214,8.094972631272,8.6009608630692,0.784699092546667,0.833747869413028,0.784128683671262,0.78666745837093,0.83356930327585,0.834364065087652
2095,"Pakistan","Pasture",22,169.96491136,150.233127999243,144.985492052254,0.883906724023978,0.853031904598016,0.883809472315934,0.971046524156046,0.834701643925268,0.853095051814702
2095,"Pakistan","Shrubland",22,115.5179855,117.70834430446,81.471887882955,1.01896119288247,0.705274486308931,0.968260740341893,1.07029801642683,0.686578013048628,0.724205629929352
2095,"Russia","Crop",23,1129.17332918932,1024.36986917445,1086.78945413996,0.907185675302732,0.962464686373886,0.651119381449815,1.09216481350506,0.84617207774746,1.07676874648054
2095,"Russia","Forest",23,5125.594632176,6110.62803005342,5235.10610483759,1.1921793408503,1.02136561326448,1.07601321078455,1.25769154624855,1.00993844946856,1.02437104489043
2095,"Russia","Grassland",23,3710.6987311,4244.80708703627,3604.31360009617,1.14393740765312,0.97133016213033,0.922618833999135,1.20526637075697,0.935372881756435,0.981294182252802
2095,"Russia","Pasture",23,764.157528921815,679.016955890645,703.53822737536,0.888582432536786,0.920671721141077,0.730593412144822,0.992919022163052,0.881660834502849,0.949462798973616
2095,"Russia","Shrubland",23,2071.428398119,2780.0770933281,2101.17504459788,1.34210629527557,1.01436045122578,1.19189792558014,1.35632454394341,1.00126350563135,1.01560016662664
2095,"South Africa","Crop",24,71.992040780253,74.4611084043268,69.3441497209124,1.03429639717549,0.963219669415638,0.841167091952953,1.4372468491487,0.844924451010125,1.20053701161528
2095,"South Africa","Forest",24,21.057982,30.24638377184,22.06619588302,1.43633819099285,1.0478779914913,1.43633819099285,1.43633819099285,1.0478779914913,1.0478779914913
2095,"South Africa","Grassland",24,202.77876,213.5093754752,196.29488211174,1.05291784738796,0.968024866666213,0.920294908345289,1.06691948858156,0.900139663505127,0.975191833888305
2095,"South Africa","Pasture",24,824.84611,781.2069430545,753.39503367513,0.947094171365493,0.913376476583165,0.788997296892817,1.0231665546139,0.816265353947722,0.962986573542821
2095,"South Africa","Shrubland",24,59.52297,63.30327506781,56.67162720489,1.06351002088454,0.952096765414931,1.05322764817403,1.06822835802646,0.938929826088094,0.958138761812093
2095,"South America_Northern","Crop",25,57.008012734685,61.1867262900882,61.0814326074198,1.07330045996956,1.07145346201932,0.963965419069453,1.31862841384712,1,1.14803458289607
2095,"South America_Northern","Forest",25,914.212900928675,872.047629819844,936.16333302451,0.953878061591563,1.02401019726755,0.925994883320935,1.00651477216928,1.02203246614449,1.02770830750846
2095,"South America_Northern","Grassland",25,174.4912189,177.485530070066,189.522608206447,1.01716023986159,1.08614410169867,1.01580482815253,1.01982743981223,1.0858870227533,1.08664998559049
2095,"South America_Northern","Pasture",25,169.607497210177,172.253863317003,184.833231362594,1.01560288401371,1.0897704075755,1.00827512974399,1.02102568666951,1.08877067546833,1.09148558259942
2095,"South America_Northern","Shrubland",25,8.353872,8.353872,9.06458517432,1,1.08507589945357,1,1,1.08075504588245,1.08913238058723
2095,"South America_Southern","Crop",26,263.712792593853,285.491756816576,262.407183722072,1.0825859223912,0.995049125759356,0.965786815217497,1.37275645976495,0.909435511146146,1.14600095866261
2095,"South America_Southern","Forest",26,1490.38292519,1551.15592269615,1481.83965211759,1.0407767671509,0.994267732857096,1.03708678354811,1.05649569835778,0.993388031878484,0.998234691281431
2095,"South America_Southern","Grassland",26,586.4485246,585.036698727866,550.162142159536,0.99759258346997,0.938125204654213,0.978211406642501,1.04635928658106,0.931550420500018,0.954668603939064
2095,"South America_Southern","Pasture",26,872.791211198,863.568124807334,806.546228003508,0.98943265437102,0.924099850749455,0.973096938820884,1.02345662956102,0.919844347817515,0.925658298509339
2095,"South America_Southern","Shrubland",26,144.5327185,138.518001137985,130.65211359233,0.958385081077576,0.903962195883903,0.956410454095238,0.965385090863265,0.892276484182496,0.907258608651867
2095,"South Asia","Crop",27,121.963898563012,149.7415911786,135.075525913981,1.22775340033294,1.10750416726139,1.01387566338986,1.56834176822189,0.969034952639806,1.16512963668665
2095,"South Asia","Forest",27,187.20678856,241.934592299243,206.878566907797,1.29233877767046,1.10508047544169,1.27807492688249,1.31741342110085,1.10159536409445,1.11170871932139
2095,"South Asia","Grassland",27,86.1171287,111.898395622214,88.2703229363656,1.29937443701852,1.02500308903548,1.29116234284697,1.31290265411588,1.01558784757861,1.04051331429493
2095,"South Asia","Pasture",27,355.9399089365,493.27941951423,363.332777108893,1.38585027171604,1.02076998950323,1.36121083503098,1.41117039211956,1.01831164645375,1.04484535004579
2095,"South Asia","Shrubland",27,133.0589,170.0412783301,124.30258495869,1.27793990728993,0.934192188261665,1.26013118079264,1.30095927580735,0.911463883901802,0.963570550263876
2095,"South Korea","Crop",28,20.09618875025,21.1445654733222,19.2521166107177,1.052167937717,0.957998397107919,0.99008,1.05853,0.919265,0.965956
2095,"South Korea","Forest",28,28.74674,30.1541803904,27.34065070638,1.04896,0.951087,1.04896,1.04896,0.951087,0.951087
2095,"South Korea","Grassland",28,9.2116,9.750754948,8.7802484068,1.05853,0.953173,1.05853,1.05853,0.953173,0.953173
2095,"South Korea","Pasture",28,0.81531508,0.8630354716324,0.77713632074884,1.05853,0.953173,1.05853,1.05853,0.953173,0.953173
2095,"South Korea","Shrubland",28,38.87247,41.2518538887,37.8260231076,1.06121,0.97308,1.06121,1.06121,0.97308,0.97308
2095,"Southeast Asia","Crop",29,794.745404124097,870.929440268988,824.020411223025,1.09585967499725,1.03683570480183,0.944342649338478,1.1955594492992,0.959661383018093,1.10569995496044
2095,"Southeast Asia","Forest",29,1907.18582298974,2125.48024668627,2006.18023689791,1.11445891693675,1.0519060139368,1.10689054246163,1.1173085531562,1.04697244836114,1.05519481737487
2095,"Southeast Asia","Grassland",29,354.47603507,366.421253131342,356.321722772018,1.03369823875113,1.00520680531098,1.03348286630189,1.03455589247164,1.00404689872369,1.00982577214519
2095,"Southeast Asia","Pasture",29,43.3517368775016,44.5486920023071,43.8089165895632,1.0276103153188,1.01054582226667,1.01377116664805,1.03999277264978,1.00215175019005,1.013867284088
2095,"Southeast Asia","Shrubland",29,14.53523421,14.7941932638465,14.661710799658,1.01781595329701,1.00870137954647,1.01069564434669,1.03675326242414,1.00507294295236,1.01835163853245
2095,"Taiwan","Crop",30,0.560279022519896,0.655756715770638,0.596249607703942,1.17041097277089,1.06420119929221,1.06922658746879,1.21061497502406,1.0187050335889,1.08729388514116
2095,"Taiwan","Forest",30,22.782238569,25.9749018164531,23.7341293859727,1.1401382589241,1.04178214595066,1.14013649017219,1.14038695922611,1.04164730047587,1.04178310496916
2095,"Taiwan","Grassland",30,2.06621,2.2853315705,2.1440441307,1.10605,1.03767,1.10605,1.10605,1.03767,1.03767
2095,"Taiwan","Pasture",30,7.6303806514,8.43988891741307,7.91677769216896,1.10609015499961,1.03753378158355,1.10608966388813,1.10615059683283,1.03732874383262,1.03753544758849
2095,"Taiwan","Shrubland",30,0.08743554,0.1111183303644,0.0996188081436,1.27086,1.13934,1.27086,1.27086,1.13934,1.13934
2095,"USA","Crop",1,2085.70855374952,2347.5234696965,1932.40535664857,1.12552804440309,0.926498265145743,0.729436272689575,1.66650543203296,0.679374850179167,1.18995860972988
2095,"USA","Forest",1,2269.868445321,2581.40471901958,2186.52572750863,1.1372486032575,0.963283018456789,1.12173136848909,1.17668678821428,0.960368645281111,0.97088212675369
2095,"USA","Grassland",1,1126.90484315,1304.11373859221,1050.35686700267,1.15725275875722,0.9320723691866,1.07311316104589,1.25483846902378,0.888880894042921,0.982166152541932
2095,"USA","Pasture",1,1799.89940208676,1880.71324574505,1539.03011928682,1.04489908911831,0.855064520551817,0.987670781015833,1.15584055353555,0.816101169126091,0.90889669848438
2095,"USA","Shrubland",1,944.559962,1265.768308957,897.69915704433,1.3400613617762,0.950388745192579,1.32864726424392,1.37273698280866,0.926931543005387,0.958582707086466
2100,"Africa_Eastern","Crop",2,586.587751785407,520.516684205517,602.585248074796,0.887363710921702,1.02727212806728,0.410013386274036,1.17158983072565,0.869280667692878,1.2156471802522
2100,"Africa_Eastern","Forest",2,448.937088,264.62575462739,386.95717338503,0.589449528009123,0.861940756797153,0.589449528009123,0.589449528009123,0.861940756797153,0.861940756797153
2100,"Africa_Eastern","Grassland",2,934.00617488,1016.30519667385,889.383701210232,1.08811400182063,0.952224648112737,1.08170771468314,1.10784600127854,0.941439770226761,0.95572611914347
2100,"Africa_Eastern","Pasture",2,2401.7859904,2619.93342804367,2265.11131491772,1.09082717549174,0.943094565448971,1.03920310614497,1.12938302436599,0.886586075271085,0.953722330824271
2100,"Africa_Eastern","Shrubland",2,408.2700506,88.68087696904,148.20749424549,0.217211320886049,0.363013387897746,0.206776698372991,0.234855418457317,0.360151284360135,0.364706020229188
2100,"Africa_Northern","Crop",3,194.850265684515,230.954677127972,194.388105215095,1.18529310861661,0.997628125023097,0.161426519767391,1.78646951202085,0.380119889017394,1.18359442145563
2100,"Africa_Northern","Forest",3,105.125747,22.241939429137,41.273884702906,0.211574614819498,0.392614424922051,0.211574614819498,0.211574614819498,0.392614424922051,0.392614424922051
2100,"Africa_Northern","Grassland",3,52.308159,51.886411399062,46.148606339046,0.99193725015369,0.882244896805602,0.829362210336571,1.10741850136708,0.806397919403142,0.936120964503588
2100,"Africa_Northern","Pasture",3,683.270845,700.709234063005,603.330546757635,1.02552192763765,0.8830034987921,0.94270889507782,1.08138868422305,0.84613980188474,0.917917409841249
2100,"Africa_Northern","Shrubland",3,64.2033702,75.0816989039,61.89780163682,1.16943547776406,0.964089602212502,1.14838036115565,1.19039665571219,0.963059501921785,0.965115106649248
2100,"Africa_Southern","Crop",4,367.021911860854,387.243024148556,379.252821094187,1.05509510913171,1.03332473849128,0.927280540003389,1.47796837374722,0.973719809865038,1.19604890827266
2100,"Africa_Southern","Forest",4,758.221880212,999.751787182899,815.58802132411,1.3185477935606,1.07565877826695,1.30566333497295,1.36052653248567,1.05565538134276,1.11733264869715
2100,"Africa_Southern","Grassland",4,1954.1554999,2188.21815957206,2003.53146746128,1.11977688555698,1.02526716403265,1.11835451406038,1.12490000549619,1.02256797279641,1.03498915331272
2100,"Africa_Southern","Pasture",4,1967.3778725488,2164.16710312627,2002.57248218236,1.10002614816569,1.01788909498508,1.06814763683133,1.26947001174861,1.01248298239054,1.06243996293442
2100,"Africa_Southern","Shrubland",4,308.44001592,332.301599732756,309.413099864251,1.07736215335608,1.00315485635464,1.04464492645946,1.1036730516842,1.00063602825721,1.00628698317713
2100,"Africa_Western","Crop",5,1731.09321471504,1559.61565226628,1576.54284686757,0.900942617652745,0.910720944121482,0.642910145642831,1.08867459306744,0.811657477839179,1.01375600822175
2100,"Africa_Western","Forest",5,2817.122259848,3195.68139435385,2883.6347048407,1.13437795721591,1.02361006689014,1.1216147195146,1.14091005517797,1.0165628468583,1.02648098448104
2100,"Africa_Western","Grassland",5,1869.86568159,1947.18619237295,1784.88027651638,1.04135083687787,0.954549994734725,1.03396742147021,1.04302635880257,0.947369414192801,0.956179487248123
2100,"Africa_Western","Pasture",5,1897.83880548,1990.06075525049,1829.81388247376,1.04859314157988,0.964156638166623,1.00517484656472,1.05603778082073,0.944119765634912,0.967895411919248
2100,"Africa_Western","Shrubland",5,237.6225606,237.6225606,237.6225606,1,1,1,1,1,1
2100,"Argentina","Crop",31,470.013941425318,455.295180290741,415.600366703601,0.968684415849577,0.884229870806156,0.545635821766317,1.944956335078,0.687476780750097,1.35803963254566
2100,"Argentina","Forest",31,187.24779922,168.090299728904,177.813764306469,0.897689053911989,0.949617378934066,0.820344079228831,1.17455876018467,0.919431688642185,1.06287902396568
2100,"Argentina","Grassland",31,715.89539,668.504920699073,636.860079063664,0.933802522040368,0.889599357615174,0.768504605678633,1.05571339546238,0.799846707234388,0.955793924616955
2100,"Argentina","Pasture",31,943.7281476614,930.340381129458,840.387033428442,0.985813958643581,0.890496946086602,0.916554940155634,1.04246464221591,0.844136006172138,0.931936683180675
2100,"Argentina","Shrubland",31,185.2555134,183.993879409516,167.368474851616,0.993189762791243,0.903446660128475,0.969095100155101,1.20949384443193,0.892994670558308,0.997276901266685
2100,"Australia_NZ","Crop",6,458.912887906704,365.767249581083,383.989352225442,0.797029805045358,0.836736910957066,0.584579945943433,1.03123282020317,0.672718432985062,1
2100,"Australia_NZ","Forest",6,327.6352384,327.299517091696,309.897629470653,0.998975319901658,0.945861718000882,0.977915991762952,1.01443201753927,0.936394489823252,0.953089436350664
2100,"Australia_NZ","Grassland",6,1410.1725,1095.8435519073,1141.9879630547,0.777098937830159,0.809821467270635,0.771544451922221,0.781377656028569,0.799427498980309,0.823314562099276
2100,"Australia_NZ","Pasture",6,3279.165475,2438.33200101716,2617.20077479053,0.743583091370878,0.798130132420513,0.705265929350919,0.778575267797362,0.782292862777518,0.801637016992095
2100,"Australia_NZ","Shrubland",6,2264.983662,2273.93052865181,1848.42299838738,1.0039500799948,0.816086680623211,0.987079414654297,1.03782355083822,0.815344989661697,0.817575871870419
2100,"Brazil","Crop",7,537.980079549787,482.761184200277,509.354879247527,0.897358847569747,0.946791337838727,0.804122775950292,1.29671921614423,0.895101983000839,1.12382914423913
2100,"Brazil","Forest",7,4487.408264073,4348.18178084016,4532.48681641546,0.968973965585544,1.01004556521041,0.948851145801023,1.01631542598629,0.997437651488504,1.02628809952642
2100,"Brazil","Grassland",7,988.9143714,943.067360341566,989.158761553986,0.953639048653395,1.00024712974253,0.928270334702513,0.958400976758101,0.997844149580301,1.00069819000485
2100,"Brazil","Pasture",7,1640.06600977666,1587.4413726917,1620.26042776653,0.967913098148942,0.98792391166449,0.957979910572971,1.00993118887154,0.986419125260664,1.00355148436265
2100,"Brazil","Shrubland",7,657.2183991,939.153775352928,799.135538992759,1.42898278051712,1.21593604209362,1.34193201901331,1.44016168765262,1.17355368185067,1.22137871095894
2100,"Canada","Crop",8,487.189061611283,615.725110387823,501.101233783891,1.26383196771995,1.02855600272838,1.06295465362105,1.44828215529847,0.990622742042355,1.11528641221469
2100,"Canada","Forest",8,4045.5371323,4512.19717966922,3848.06090044595,1.11535181413696,0.951186647064148,1.11364327252168,1.12303739032811,0.948937169827718,0.957652177289545
2100,"Canada","Grassland",8,1085.873227,1230.82608706932,1030.64899763448,1.13348967122966,0.949143023336075,1.06110860276064,1.14453659822125,0.934845590106681,0.95132512294296
2100,"Canada","Pasture",8,91.1843088395,100.713809110012,86.2068934380911,1.1045081153961,0.945413685043443,1.06547935419983,1.14377579918217,0.932767230280847,0.960789605496008
2100,"Canada","Shrubland",8,880.2881535,1020.77318100893,846.875611650135,1.15958981948168,0.962043631148485,1.06040184089083,1.160997280207,0.923323790643001,0.962593059169666
2100,"Central America and Caribbean","Crop",9,165.356179794734,138.625110848169,159.6479865742,0.838342486021707,0.965479407980884,0.607502781191278,1.02203999970949,0.904333692746031,1.01223096270204
2100,"Central America and Caribbean","Forest",9,330.49461,321.16854238846,333.15810887316,0.971781483481561,1.00805912953667,0.965785318935181,0.974696641109381,1.00697312872775,1.0085876224027
2100,"Central America and Caribbean","Grassland",9,62.1566,50.091596795242,59.281461299354,0.80589344969387,0.953743629789178,0.787525819357682,0.813549459442598,0.94801486321208,0.956131498662825
2100,"Central America and Caribbean","Pasture",9,107.5208827,89.716250671645,103.466610939338,0.834407683593589,0.962293168928175,0.80960231342296,0.852825158389821,0.95184338769091,0.967559292078604
2100,"Central America and Caribbean","Shrubland",9,3.80658557,3.77718991735238,3.79618500972703,0.992277685052113,0.997267745573635,0.98864366676149,0.99851959292928,0.995981983127134,0.999476212923314
2100,"Central Asia","Crop",10,319.01471081209,361.51556746209,311.059339017281,1.13322538180703,0.975062680418225,0.813959455930082,1.77599952384452,0.848613644431695,1.2227829305656
2100,"Central Asia","Forest",10,44.6481677592,53.8091371044202,45.6438320741918,1.20518130541499,1.02230022786963,1.13983705500915,1.24669341789026,1.01418878391213,1.02499960543494
2100,"Central Asia","Grassland",10,640.755906,656.112681377207,580.563827310377,1.02396665443644,0.906060828896015,0.951195225189036,1.07414042603509,0.894892489737422,0.913761072025423
2100,"Central Asia","Pasture",10,3607.563608542,3818.75188055644,3319.93416956313,1.05854041534136,0.920270445599956,0.972500415894866,1.10017685572098,0.89984094969065,0.930411985412549
2100,"Central Asia","Shrubland",10,612.2508108,799.1743201052,631.324552349895,1.3053054500017,1.03115347699576,1.17689433046432,1.34150782218631,1.01189701533197,1.03658236504395
2100,"China","Crop",11,1309.3861897962,1497.26937259716,1278.82421453094,1.14348951002011,0.97665931143659,0.94162974523259,1.2351513768038,0.85883334951799,1.01538664325781
2100,"China","Forest",11,1143.022413,1345.17130384273,1136.40394277309,1.17685470428543,0.994209675898187,1.17685470428543,1.17685470428543,0.994209675898187,0.994209675898187
2100,"China","Grassland",11,1074.995661,1225.30617066416,1040.81612895152,1.13982429429002,0.968204958132868,1.12859608427169,1.14514770182805,0.954583122746309,0.974663207583163
2100,"China","Pasture",11,3918.32225507477,4568.27360083799,3880.05573629574,1.16587490855849,0.990233953134033,1.16141799351538,1.17167201971839,0.982578978463904,0.995907958995413
2100,"China","Shrubland",11,628.8896777,711.409185270979,619.442562190442,1.13121460010724,0.984978103720658,1.12157582719107,1.13868070889728,0.978836365947922,0.989735439822452
2100,"Colombia","Crop",32,63.552005994919,62.2421901154349,63.5532468137597,0.979389857818353,1.0000195244638,0.902599059768395,1.07466494003401,0.976993855954917,1.02657811952212
2100,"Colombia","Forest",32,589.24705,622.1002118891,594.2619006807,1.05575447834503,1.00851060803902,1.0476513582841,1.06043685382114,1.00830226795102,1.01300826291012
2100,"Colombia","Grassland",32,106.36049,102.8322098406,104.05241865403,0.966827153961024,0.978299542001264,0.958395304989912,0.97023747344465,0.977042081717597,0.981408551362399
2100,"Colombia","Pasture",32,354.7254673,336.609280681577,349.345427723738,0.948928993578288,0.984833229998365,0.946787735627565,0.949858340840145,0.982430539491053,0.985617613785638
2100,"Colombia","Shrubland",32,14.462174,10.47438035966,12.23636431763,0.724260429978232,0.846094392007039,0.708289923682505,0.734296501539722,0.836587213399971,0.852068825320648
2100,"EU-12","Crop",12,401.32532759435,431.97387664929,428.753952567652,1.07636833996662,1.06834511327186,0.860946766612317,1.28851347204001,0.964884706952648,1.22766765115627
2100,"EU-12","Forest",12,429.47790757,420.880691675752,426.09818783937,0.979982169646651,0.99213063193459,0.974452172430149,0.988209630781722,0.987525593342114,0.995034375980572
2100,"EU-12","Grassland",12,142.7440965,119.552934790945,132.867174330025,0.837533304159763,0.930806790528286,0.832314291385918,0.853355890998733,0.927416984133241,0.941083735302536
2100,"EU-12","Pasture",12,59.405792124,49.7994939489231,55.8105737638943,0.838293576575406,0.939480339684702,0.829488755470986,0.854831073649731,0.931950093842009,0.954408068655282
2100,"EU-12","Shrubland",12,2.4176664,2.77892343084,2.542916042214,1.14942385386172,1.05180600690567,1.14543667209333,1.15841330044195,1.05032644752437,1.05514180165821
2100,"EU-15","Crop",13,1088.20989035015,1145.79290110614,1109.01274417848,1.05291535324813,1.0191165822079,0.931770418887755,1.13355384394547,0.928788942491872,1.0550231906745
2100,"EU-15","Forest",13,1061.46579,1094.94889546427,1097.61458521366,1.03154421534798,1.03405554428057,1.03154421534798,1.03154421534798,1.03405554428057,1.03405554428057
2100,"EU-15","Grassland",13,428.492292,502.845889594715,457.559334693832,1.17352376923204,1.06783562560288,1.16523577951504,1.1833324314989,1.0587026514896,1.07864430920748
2100,"EU-15","Pasture",13,230.851695416,234.395092549277,228.209806053576,1.01534923591049,0.988555902274562,0.976587945571194,1.05321051141331,0.975169446626915,1.00163153213222
2100,"EU-15","Shrubland",13,210.82081668,273.294739390703,223.368680634144,1.29633659376973,1.05951909375814,1.29092686414117,1.30551354239701,1.05494689325407,1.06727527604828
2100,"Europe_Eastern","Crop",14,348.801480133274,366.866341470378,367.200579665097,1.05179124047926,1.05274948811798,0.488146739778667,1.11759690491787,0.806745759848143,1.12150330258972
2100,"Europe_Eastern","Forest",14,258.65272497,268.969079775497,277.352542588298,1.03988496470197,1.07229700603567,1.03563662320643,1.04956340115898,1.07153147270449,1.07268266483598
2100,"Europe_Eastern","Grassland",14,67.23233891,31.2569435785827,53.0626627101083,0.464909358878985,0.789243146533102,0.458197040014419,0.506645301462837,0.784731395463233,0.817296370374824
2100,"Europe_Eastern","Pasture",14,73.053367039,35.1592057586157,58.5183639036755,0.481281112475565,0.801035821831936,0.471479123286896,0.515660232264466,0.793812632626497,0.823358309432722
2100,"Europe_Eastern","Shrubland",14,4.0522008,4.4637859897714,4.255605308815,1.10157077846967,1.05019605859981,1.10028846990615,1.1099013973249,1.04970193806446,1.05340615168165
2100,"Europe_Non_EU","Crop",15,307.55262402222,302.20990145684,295.752807114426,0.982628265382661,0.961633177589335,0.79432258239195,1.08453362662311,0.852455799791616,1.03256847418459
2100,"Europe_Non_EU","Forest",15,236.3134749,249.581266742201,232.191099866965,1.05614488064134,0.982555480449097,1.0528733627674,1.07281695205764,0.976785988449539,0.98433540665303
2100,"Europe_Non_EU","Grassland",15,235.54604,231.18736365389,226.12123491979,0.981495437808634,0.95998741867955,0.957514621673881,0.986838748265939,0.948964899587699,0.962443412720719
2100,"Europe_Non_EU","Pasture",15,131.97920968,128.286551549569,125.870104659956,0.97202091041927,0.953711610829798,0.927590973706314,0.98751754652238,0.936088150784465,0.959810894297749
2100,"Europe_Non_EU","Shrubland",15,66.9558275,59.990754397552,60.470842445647,0.895975102354638,0.903145322871964,0.816442588483651,0.91112387922584,0.872699481770821,0.908944426044352
2100,"European Free Trade Association","Crop",16,66.4746045209512,74.182390553795,65.226856060368,1.11595083699091,0.981229697121553,0.868259091575564,1.42221271711689,0.959316088937786,1.13864050181416
2100,"European Free Trade Association","Forest",16,126.782678459313,150.777923194037,130.759680670823,1.18926280014209,1.03136865587507,1.18777240808245,1.19199816657393,1.03049258101579,1.03357026520801
2100,"European Free Trade Association","Grassland",16,58.911863594,81.6446941818752,66.2426964619177,1.38587865331408,1.12443729362288,1.38559225393118,1.38782517382116,1.12405877795557,1.12700988474104
2100,"European Free Trade Association","Pasture",16,19.5201846686917,23.9946574715057,20.874150078262,1.22922287256793,1.06936232584633,1.14151200247455,1.26393159735011,1.02370605359372,1.08754435342488
2100,"European Free Trade Association","Shrubland",16,5.6866877947,8.15929264812975,6.48741904785527,1.43480580307824,1.1408080207782,1.36796538354526,1.43498067574634,1.10788004845572,1.14089416928558
2100,"India","Crop",17,1499.43338353337,1870.73951902051,1681.94661665981,1.24763096484632,1.12172146834316,0.998885531420899,1.34001549246401,1.00892034594593,1.18632211290229
2100,"India","Forest",17,882.91900614,949.092936705729,953.470887174984,1.0749490384798,1.07990753460323,1.0749490384798,1.0749490384798,1.07990753460323,1.07990753460323
2100,"India","Grassland",17,264.3731206,340.382551136207,291.117726377783,1.28750816408152,1.10116234856662,1.28265196471796,1.28890513496578,1.09577463346255,1.11989131346788
2100,"India","Pasture",17,69.4900638941006,86.767051715043,76.3463861409401,1.24862529767236,1.09866622453087,1.21310785337456,1.26886413022934,1.0955782770875,1.10081986978259
2100,"India","Shrubland",17,145.3664585,161.13937195583,138.36529575221,1.10850449009068,0.951837839209724,1.09495723688596,1.14549007438348,0.935828272723459,0.99554582649107
2100,"Indonesia","Crop",18,487.996461455884,516.352978382673,476.377206735823,1.05810803800132,0.976189879153229,0.811403935356276,1.12399906647235,0.824010611834973,1.00459860368101
2100,"Indonesia","Forest",18,1045.0513401,1147.31022215587,1046.99472945731,1.09785058219828,1.0018596113729,1.09647739086021,1.10259488814532,1.00101935371374,1.00291151103042
2100,"Indonesia","Grassland",18,181.16893,165.70410745122,164.25731374617,0.914638660454748,0.90665277841057,0.904006101496877,0.932819355181748,0.899075572310023,0.919609101676063
2100,"Indonesia","Pasture",18,85.494139661,71.8064799830295,73.4747473580247,0.83989943951428,0.859412676112838,0.83746948996502,0.849636836308361,0.846541696393081,0.87089922459144
2100,"Japan","Crop",19,117.192794013603,117.975627390603,110.605700036024,1.00667987638309,0.943792670590185,0.910395,1.04657109144815,0.891473,0.948662589986882
2100,"Japan","Forest",19,190.7471316,195.46173435,180.257854815,1.02471650666751,0.945009517590041,1.02467648278629,1.02474481207776,0.944946542340934,0.945098564661537
2100,"Japan","Grassland",19,34.5131,36.123481246,32.6560191152,1.04666,0.946192,1.04666,1.04666,0.946192,0.946192
2100,"Japan","Shrubland",19,23.22652762,23.9262293549,22.33519063699,1.03012511152539,0.961624182590148,1.03010848497616,1.03014727697757,0.961595946434245,0.961645362840944
2100,"Mexico","Crop",20,389.373310518421,444.257995604673,384.126424835511,1.14095646415307,0.986524793710374,0.949497959631444,1.39993664248226,0.869369477154814,1.15222531075035
2100,"Mexico","Forest",20,418.8067696,523.635263023338,435.544762007117,1.25030276736801,1.03996590700552,1.21224983513642,1.25732645238395,1.02582735348807,1.04305027165381
2100,"Mexico","Grassland",20,136.696258931,145.77857333485,129.149919864768,1.06644157254102,0.944794838386607,1.05436057603783,1.07035175594608,0.916677449118115,0.953895424491586
2100,"Mexico","Pasture",20,661.44508506,764.322664894781,608.705869625386,1.15553457446199,0.920266675759137,1.13448359998241,1.16351742198162,0.853717581523201,0.94403269802601
2100,"Mexico","Shrubland",20,262.217282,356.4174748587,262.99161262271,1.35924479172467,1.00295301139881,1.24900990726912,1.60211092290154,0.987911088545353,1.03609291649257
2100,"Middle East","Crop",21,373.206401418667,512.733397044705,396.824544579469,1.37386013502355,1.06328439992193,1.00260950595646,1.54716952252305,0.959925860847867,1.13427069120721
2100,"Middle East","Forest",21,18.472734751,26.5223174656778,19.8824634552697,1.43575479338499,1.07631402297883,1.43566583230023,1.61776,1.07626715063766,1.17221
2100,"Middle East","Grassland",21,186.334015,238.674476135309,183.50221179763,1.28089590156316,0.984802542883168,1.2728127644947,1.28684680602358,0.965162374414899,0.999261875336792
2100,"Middle East","Pasture",21,1936.947591146,2804.25037839969,1970.08363879623,1.44776781324297,1.01710735375686,1.43367096056456,1.51464881371745,1.01589795255248,1.02638864395448
2100,"Middle East","Shrubland",21,817.2941381,1017.01238903507,766.879600341028,1.24436520663094,0.938315307294174,1.2211440250398,1.28463895261625,0.919522763379777,0.970908228419023
2100,"Pakistan","Crop",22,129.066677350653,154.80064203399,133.382234884046,1.19938504044248,1.03343665167476,0.333733,1.59055890561057,0.313343,1.24873736655117
2100,"Pakistan","Forest",22,95.6105,34.0360950635,30.3367335975,0.355987,0.317295,0.355987,0.355987,0.317295,0.317295
2100,"Pakistan","Grassland",22,10.6501159,9.9461370256841,9.1019072444798,0.933899416595466,0.854629877265448,0.933602463934855,0.933997873950862,0.854471055178458,0.855108893191747
2100,"Pakistan","Pasture",22,174.535977881,162.430425730664,150.618145597577,0.930641508431058,0.862963312356551,0.930249008160525,1.04078253295759,0.85566794654876,0.870317449943686
2100,"Pakistan","Shrubland",22,121.955841,129.57981683956,87.33876616104,1.06251423283252,0.716150743128736,1.02194973835415,1.10813759636661,0.692827872044257,0.742382250259021
2100,"Russia","Crop",23,994.515971527833,1081.70090774017,1030.4958519577,1.08766569739287,1.03617828316481,0.925712897198958,1.2138580112601,0.95930657147068,1.09839129136964
2100,"Russia","Forest",23,5139.8285837414,5955.64144049717,5159.75238963791,1.15872374797409,1.00387635610252,1.08895376876907,1.19747777809627,0.994312753044106,1.02369580581682
2100,"Russia","Grassland",23,3747.51846676,4094.68872453681,3542.73476430049,1.09264003923027,0.94535485167694,0.95979500336792,1.1311357908648,0.942852481431588,0.953990284182343
2100,"Russia","Pasture",23,805.733690299425,798.883024044474,774.150464168076,0.991497604807358,0.960801904510643,0.967287531773875,1.03971070715076,0.959824480076787,0.964563996464502
2100,"Russia","Shrubland",23,2074.314558075,2624.40399542505,2024.57736352727,1.26519094474299,0.976022347066838,1.13009993439953,1.27818427364075,0.975755348441753,0.978798318821801
2100,"South Africa","Crop",24,78.5982286945869,66.1907557784424,68.9247764107802,0.842140553009701,0.876925314419039,0.697421217192382,1.30456121217948,0.779417343629518,1.07320797877634
2100,"South Africa","Forest",24,22.439773,29.08789481152,23.402066646408,1.29626510979055,1.04288339487249,1.29626510979055,1.29626510979055,1.04288339487249,1.04288339487249
2100,"South Africa","Grassland",24,200.65382,182.32079128332,184.7801234659,0.908633542502804,0.920890135387903,0.908190733788501,0.912779215084915,0.920589107513021,0.920922288859652
2100,"South Africa","Pasture",24,822.9925,761.48098145744,763.79244984244,0.925258713120035,0.928067327275085,0.914496821843379,0.951770578835181,0.916958521004469,0.93141084975997
2100,"South Africa","Shrubland",24,58.50869,55.69679510376,54.02440648444,0.951940559663188,0.923356966024021,0.95069569693422,0.954585970008135,0.912371255996423,0.928526561353813
2100,"South America_Northern","Crop",25,64.2102961830114,57.3809388487066,63.8383320864151,0.893640775073832,0.994207095766446,0.701966344551677,1.04847441369341,0.940110320749853,1.03706810594535
2100,"South America_Northern","Forest",25,911.746358973369,718.53317877903,876.089895844711,0.78808450585764,0.960892124462326,0.72320614130588,0.881885544839782,0.946100671106829,0.98320198612107
2100,"South America_Northern","Grassland",25,170.2770017,131.152505502844,164.539399343139,0.770230296478402,0.966304302403861,0.767503220282905,0.775401210026448,0.965695470650436,0.967458731593431
2100,"South America_Northern","Pasture",25,169.700041470215,129.197500053892,163.979133137508,0.761328629825752,0.966288114704375,0.746176478542495,0.770793591857661,0.964794107511095,0.969077009243543
2100,"South America_Northern","Shrubland",25,8.21594,8.21594,9.2405834144,1,1.12471408194315,1,1,1.11930379222372,1.12996131657564
2100,"South America_Southern","Crop",26,275.469934968961,269.866016915288,265.279450699252,0.97965687959993,0.963006909371592,0.845498568467828,1.1522090383123,0.886909751401946,1.06551849197972
2100,"South America_Southern","Forest",26,1494.54518859,1524.57933284471,1491.89760929429,1.02009584218932,0.998228505022181,1.01515992899779,1.04165125783014,0.997203774009093,1.002915263035
2100,"South America_Southern","Grassland",26,586.1069535,539.706964030155,540.025793758316,0.920833579617572,0.921377558367965,0.882629031501694,1.01688519996334,0.910539921824282,0.948624904615378
2100,"South America_Southern","Pasture",26,858.800898676,796.83380894919,784.202788247455,0.927844638003588,0.913136897570145,0.885587384141539,1.01332513219332,0.906242976778371,0.926495878168448
2100,"South America_Southern","Shrubland",26,144.81047785,143.50955680205,135.765958127545,0.99101638868081,0.937542366707583,0.97517310239445,1.04731887662658,0.930844311217643,0.961345331677491
2100,"South Asia","Crop",27,114.932123811338,156.408872532127,133.040202668022,1.36088038178841,1.15755454833853,1.07881889598984,1.58888763218355,0.992986432785485,1.20391144661402
2100,"South Asia","Forest",27,183.23504506,260.383345308964,214.564673982636,1.4210346346339,1.1709805507586,1.40144325958585,1.4575863182239,1.16371373625352,1.18486280445676
2100,"South Asia","Grassland",27,88.3161177,120.875902156844,93.5346341108926,1.36867318565164,1.05908906037536,1.35446250993222,1.39304382212747,1.04787213587614,1.07832555515892
2100,"South Asia","Pasture",27,361.6962920422,516.597685849031,380.963560131095,1.42826370414867,1.05326918885485,1.4047539847789,1.44955416154422,1.03809995155351,1.09765259760226
2100,"South Asia","Shrubland",27,134.03305,177.6953156791,128.66699052453,1.32575745817244,0.959964654423144,1.30114116479295,1.35705096886695,0.932603055100093,0.994748140622085
2100,"South Korea","Crop",28,19.35716887031,21.5437705241531,19.2332715608088,1.11296081924443,0.993599409586635,1.05694,1.13284,0.9583,1.00421
2100,"South Korea","Forest",28,28.01524,30.9403112084,27.55727487172,1.10441,0.983653,1.10441,1.10441,0.983653,0.983653
2100,"South Korea","Grassland",28,9.48095,10.740399398,9.4404284197,1.13284,0.995726,1.13284,1.13284,0.995726,0.995726
2100,"South Korea","Pasture",28,0.77547278,0.8784865840952,0.77215840933828,1.13284,0.995726,1.13284,1.13284,0.995726,0.995726
2100,"South Korea","Shrubland",28,40.08807,45.1648231848,40.813664067,1.12664,1.0181,1.12664,1.12664,1.0181,1.0181
2100,"Southeast Asia","Crop",29,786.788036296769,841.292820333555,795.838309835843,1.06927505442676,1.01150281031429,0.882198113344775,1.16136401369141,0.933184249853933,1.04803215854281
2100,"Southeast Asia","Forest",29,1908.96553797426,2117.72783087684,1995.38513038507,1.10935885889491,1.04527037848076,1.10363837256402,1.11201072357767,1.03980133047131,1.04701569538045
2100,"Southeast Asia","Grassland",29,361.31670406,385.910604426487,368.223604429,1.06806743250487,1.01911591767386,1.06761874793693,1.06989731838417,1.01828471293018,1.0225058488904
2100,"Southeast Asia","Pasture",29,43.0374607225893,47.3875490571002,44.7299874833687,1.10107678895255,1.039326826731,1.08355871907234,1.10247116591633,1.02978226562707,1.04040973315294
2100,"Southeast Asia","Shrubland",29,14.95663526,15.3316860199256,15.1382247373876,1.02507587792347,1.01214106476697,1.01327541745806,1.05771261881114,1.00584876031653,1.02954380176499
2100,"Taiwan","Crop",30,0.548066018705464,0.632701277944632,0.58200432938583,1.15442529978245,1.06192376378402,1.05950539218548,1.20661039508313,0.979529373782991,1.08974675676963
2100,"Taiwan","Forest",30,22.347430508,24.1310497137226,22.8082785303059,1.07981316711486,1.02062196914052,1.07981067787112,1.08000884164932,1.02031829621141,1.02062583226935
2100,"Taiwan","Grassland",30,2.09473,2.3799484368,2.218109597,1.13616,1.0589,1.13616,1.13616,1.0589,1.0589
2100,"Taiwan","Pasture",30,8.0467850163,9.14030995457437,8.51822608937832,1.13589588090887,1.05858750695133,1.13524902577241,1.13590513697074,1.05782217895942,1.05859845828007
2100,"Taiwan","Shrubland",30,0.08950794,0.1088049567846,0.098803339569,1.21559,1.10385,1.21559,1.21559,1.10385,1.10385
2100,"USA","Crop",1,2051.66281383495,2308.25423505494,1929.93315998808,1.12506510304214,0.940667807094803,0.459075684043553,1.53438293453825,0.747489789916686,1.10289307501575
2100,"USA","Forest",1,2273.968512721,2667.95596196778,2231.17683211138,1.17325985256293,0.981181937933514,1.1439004794877,1.26253674989552,0.97033617155957,1.01535458006808
2100,"USA","Grassland",1,1133.02803736,1318.58652387304,1077.87357910806,1.16377219309189,0.951321188502583,1.0583602903816,1.28726674888498,0.89743432122686,1.01445195994484
2100,"USA","Pasture",1,1820.80959397966,1851.95446951091,1549.89643872964,1.01710496014203,0.851212803279503,0.979882799783124,1.10948553587548,0.834387470034963,0.881735512165092
2100,"USA","Shrubland",1,948.285215,1318.8168868462,932.02825760422,1.39073863641985,0.98285646856175,1.38089790953572,1.41848737053932,0.964143028041861,0.989492946334955
